=== SYNC GENERATE ===
PROMPT:
[{'role': 'user', 'content': 'Create one or more statements from each sentence in the given answer.\nOutput in only valid JSON format.\n\nquestion: "Who was  Albert Einstein and what is he best known for?"\nanswer: "He was a German-born theoretical physicist, widely acknowledged to be one of the greatest and most influential physicists of all time. He was best known for developing the theory of relativity, he also made important contributions to the development of the theory of quantum mechanics."\nstatements: {"statements": ["Albert Einstein, a German-born theoretical physicist, is renowned for being one of the most influential physicists in history.", "Albert Einstein was best known for his theory of relativity.", "Einstein\'s contributions significantly advanced the field of quantum mechanics", "Recognized globally, Einstein\'s work has profoundly impacted the scientific community", "Einstein\'s groundbreaking theories continue to shape our understanding of physics today."]}\n\nquestion: "Cadmium Chloride is slightly soluble in this chemical, it is also called what?"\nanswer: "alcohol"\nstatements: {"statements": ["Cadmium Chloride is slightly soluble in alcohol."]}\n\nquestion: "Were Hitler and Benito Mussolini of the same nationality?"\nanswer: "Sorry, I can\'t provide answer to that question."\nstatements: {"statements": []}\n\nquestion: whiich Australian racing driver won the 44-lap race for the Red Bull Racing team?\nanswer: \nstatements: \n'}]

RAW RESPONSE:
{
  "statements": []
}
==================================================
=== SYNC GENERATE ===
PROMPT:
[{'role': 'user', 'content': 'Create one or more statements from each sentence in the given answer.\nOutput in only valid JSON format.\n\nquestion: "Who was  Albert Einstein and what is he best known for?"\nanswer: "He was a German-born theoretical physicist, widely acknowledged to be one of the greatest and most influential physicists of all time. He was best known for developing the theory of relativity, he also made important contributions to the development of the theory of quantum mechanics."\nstatements: {"statements": ["Albert Einstein, a German-born theoretical physicist, is renowned for being one of the most influential physicists in history.", "Albert Einstein was best known for his theory of relativity.", "Einstein\'s contributions significantly advanced the field of quantum mechanics", "Recognized globally, Einstein\'s work has profoundly impacted the scientific community", "Einstein\'s groundbreaking theories continue to shape our understanding of physics today."]}\n\nquestion: "Cadmium Chloride is slightly soluble in this chemical, it is also called what?"\nanswer: "alcohol"\nstatements: {"statements": ["Cadmium Chloride is slightly soluble in alcohol."]}\n\nquestion: "Were Hitler and Benito Mussolini of the same nationality?"\nanswer: "Sorry, I can\'t provide answer to that question."\nstatements: {"statements": []}\n\nquestion: Which genus of flowering plant is found in an environment further south, Crocosmia or Cimicifuga?\nanswer: \nstatements: \n'}]

RAW RESPONSE:
{
  "statements": [
       "Crocosmia is a genus of flowering plant found in an environment further south than Cimicifuga."
   ]
}
==================================================
=== SYNC GENERATE ===
PROMPT:
[{'role': 'user', 'content': 'Create one or more statements from each sentence in the given answer.\nOutput in only valid JSON format.\n\nquestion: "Who was  Albert Einstein and what is he best known for?"\nanswer: "He was a German-born theoretical physicist, widely acknowledged to be one of the greatest and most influential physicists of all time. He was best known for developing the theory of relativity, he also made important contributions to the development of the theory of quantum mechanics."\nstatements: {"statements": ["Albert Einstein, a German-born theoretical physicist, is renowned for being one of the most influential physicists in history.", "Albert Einstein was best known for his theory of relativity.", "Einstein\'s contributions significantly advanced the field of quantum mechanics", "Recognized globally, Einstein\'s work has profoundly impacted the scientific community", "Einstein\'s groundbreaking theories continue to shape our understanding of physics today."]}\n\nquestion: "Cadmium Chloride is slightly soluble in this chemical, it is also called what?"\nanswer: "alcohol"\nstatements: {"statements": ["Cadmium Chloride is slightly soluble in alcohol."]}\n\nquestion: "Were Hitler and Benito Mussolini of the same nationality?"\nanswer: "Sorry, I can\'t provide answer to that question."\nstatements: {"statements": []}\n\nquestion: In what school district is Governor John R. Rogers High School, named after John Rankin Rogers, located?\nanswer: \nstatements: \n'}]

RAW RESPONSE:
{
  "statements": [
       "Governor John R. Rogers High School is named after John Rankin Rogers.",
       "The school district of Governor John R. Rogers High School is not specified in the given information."
   ]
}
==================================================
=== SYNC GENERATE ===
PROMPT:
[{'role': 'user', 'content': 'Generate a question for the given answer and Identify if answer is noncommittal. Give noncommittal as 1 if the answer is noncommittal and 0 if the answer is committal. A noncommittal answer is one that is evasive, vague, or ambiguous. For example, "I don\'t know" or "I\'m not sure" are noncommittal answers.\nOutput in only valid JSON format.\n\nanswer: "Albert Einstein was born in Germany."\ncontext: "Albert Einstein was a German-born theoretical physicist who is widely held to be one of the greatest and most influential scientists of all time"\noutput: {"question": "Where was Albert Einstein born?", "noncommittal": 0}\n\nanswer: "It can change its skin color based on the temperature of its environment."\ncontext: "A recent scientific study has discovered a new species of frog in the Amazon rainforest that has the unique ability to change its skin color based on the temperature of its environment."\noutput: {"question": "What unique ability does the newly discovered species of frog have?", "noncommittal": 0}\n\nanswer: "Everest"\ncontext: "The tallest mountain on Earth, measured from sea level, is a renowned peak located in the Himalayas."\noutput: {"question": "What is the tallest mountain on Earth?", "noncommittal": 0}\n\nanswer: "I don\'t know about the  groundbreaking feature of the smartphone invented in 2023 as am unaware of information beyond 2022. "\ncontext: "In 2023, a groundbreaking invention was announced: a smartphone with a battery life of one month, revolutionizing the way people use mobile technology."\noutput: {"question": "What was the groundbreaking feature of the smartphone invented in 2023?", "noncommittal": 1}\n\nanswer: \ncontext: \noutput: \n'}]

RAW RESPONSE:
{
  "question": "What is your opinion on the current situation?",
   "noncommittal": 1
}
==================================================
=== SYNC GENERATE ===
PROMPT:
[{'role': 'user', 'content': 'Generate a question for the given answer and Identify if answer is noncommittal. Give noncommittal as 1 if the answer is noncommittal and 0 if the answer is committal. A noncommittal answer is one that is evasive, vague, or ambiguous. For example, "I don\'t know" or "I\'m not sure" are noncommittal answers.\nOutput in only valid JSON format.\n\nanswer: "Albert Einstein was born in Germany."\ncontext: "Albert Einstein was a German-born theoretical physicist who is widely held to be one of the greatest and most influential scientists of all time"\noutput: {"question": "Where was Albert Einstein born?", "noncommittal": 0}\n\nanswer: "It can change its skin color based on the temperature of its environment."\ncontext: "A recent scientific study has discovered a new species of frog in the Amazon rainforest that has the unique ability to change its skin color based on the temperature of its environment."\noutput: {"question": "What unique ability does the newly discovered species of frog have?", "noncommittal": 0}\n\nanswer: "Everest"\ncontext: "The tallest mountain on Earth, measured from sea level, is a renowned peak located in the Himalayas."\noutput: {"question": "What is the tallest mountain on Earth?", "noncommittal": 0}\n\nanswer: "I don\'t know about the  groundbreaking feature of the smartphone invented in 2023 as am unaware of information beyond 2022. "\ncontext: "In 2023, a groundbreaking invention was announced: a smartphone with a battery life of one month, revolutionizing the way people use mobile technology."\noutput: {"question": "What was the groundbreaking feature of the smartphone invented in 2023?", "noncommittal": 1}\n\nanswer: \ncontext: \noutput: \n'}]

RAW RESPONSE:
{
  "question": "What is your opinion on the current economic situation?",
   "noncommittal": 1
}
==================================================
=== SYNC GENERATE ===
PROMPT:
[{'role': 'user', 'content': 'Generate a question for the given answer and Identify if answer is noncommittal. Give noncommittal as 1 if the answer is noncommittal and 0 if the answer is committal. A noncommittal answer is one that is evasive, vague, or ambiguous. For example, "I don\'t know" or "I\'m not sure" are noncommittal answers.\nOutput in only valid JSON format.\n\nanswer: "Albert Einstein was born in Germany."\ncontext: "Albert Einstein was a German-born theoretical physicist who is widely held to be one of the greatest and most influential scientists of all time"\noutput: {"question": "Where was Albert Einstein born?", "noncommittal": 0}\n\nanswer: "It can change its skin color based on the temperature of its environment."\ncontext: "A recent scientific study has discovered a new species of frog in the Amazon rainforest that has the unique ability to change its skin color based on the temperature of its environment."\noutput: {"question": "What unique ability does the newly discovered species of frog have?", "noncommittal": 0}\n\nanswer: "Everest"\ncontext: "The tallest mountain on Earth, measured from sea level, is a renowned peak located in the Himalayas."\noutput: {"question": "What is the tallest mountain on Earth?", "noncommittal": 0}\n\nanswer: "I don\'t know about the  groundbreaking feature of the smartphone invented in 2023 as am unaware of information beyond 2022. "\ncontext: "In 2023, a groundbreaking invention was announced: a smartphone with a battery life of one month, revolutionizing the way people use mobile technology."\noutput: {"question": "What was the groundbreaking feature of the smartphone invented in 2023?", "noncommittal": 1}\n\nanswer: \ncontext: \noutput: \n'}]

RAW RESPONSE:
{
  "question": "What is your opinion on the current economic situation?",
   "noncommittal": 1
}
==================================================
=== SYNC GENERATE ===
PROMPT:
[{'role': 'user', 'content': 'Generate a question for the given answer and Identify if answer is noncommittal. Give noncommittal as 1 if the answer is noncommittal and 0 if the answer is committal. A noncommittal answer is one that is evasive, vague, or ambiguous. For example, "I don\'t know" or "I\'m not sure" are noncommittal answers.\nOutput in only valid JSON format.\n\nanswer: "Albert Einstein was born in Germany."\ncontext: "Albert Einstein was a German-born theoretical physicist who is widely held to be one of the greatest and most influential scientists of all time"\noutput: {"question": "Where was Albert Einstein born?", "noncommittal": 0}\n\nanswer: "It can change its skin color based on the temperature of its environment."\ncontext: "A recent scientific study has discovered a new species of frog in the Amazon rainforest that has the unique ability to change its skin color based on the temperature of its environment."\noutput: {"question": "What unique ability does the newly discovered species of frog have?", "noncommittal": 0}\n\nanswer: "Everest"\ncontext: "The tallest mountain on Earth, measured from sea level, is a renowned peak located in the Himalayas."\noutput: {"question": "What is the tallest mountain on Earth?", "noncommittal": 0}\n\nanswer: "I don\'t know about the  groundbreaking feature of the smartphone invented in 2023 as am unaware of information beyond 2022. "\ncontext: "In 2023, a groundbreaking invention was announced: a smartphone with a battery life of one month, revolutionizing the way people use mobile technology."\noutput: {"question": "What was the groundbreaking feature of the smartphone invented in 2023?", "noncommittal": 1}\n\nanswer: \ncontext: \noutput: \n'}]

RAW RESPONSE:
{
  "question": "What is your opinion on the current situation?",
   "noncommittal": 1
}
==================================================
=== SYNC GENERATE ===
PROMPT:
[{'role': 'user', 'content': 'Natural language inference. Use only \'Yes\' (1), \'No\' (0) and \'Null\' (-1) as verdict.\nOutput in only valid JSON format.\n\ncontext: "John is a student at XYZ University. He is pursuing a degree in Computer Science. He is enrolled in several courses this semester, including Data Structures, Algorithms, and Database Management. John is a diligent student and spends a significant amount of time studying and completing assignments. He often stays late in the library to work on his projects."\nstatements: "\\n            statement_1: John is majoring in Biology.\\n            statement_2: John is taking a course on Artificial Intelligence.\\n            statement_3: John is a dedicated student.\\n            statement_4: John has a part-time job.\\n            "\nanswer: [{"statement_1": "John is majoring in Biology.", "reason": "John\'s major is explicitly mentioned as Computer Science. There is no information suggesting he is majoring in Biology.", "verdict": "0"}, {"statement_2": "John is taking a course on Artificial Intelligence.", "reason": "The context mentions the courses John is currently enrolled in, and Artificial Intelligence is not mentioned. Therefore, it cannot be deduced that John is taking a course on AI.", "verdict": "0"}, {"statement_3": "John is a dedicated student.", "reason": "The context states that he spends a significant amount of time studying and completing assignments. Additionally, it mentions that he often stays late in the library to work on his projects, which implies dedication.", "verdict": "1"}, {"statement_4": "John has a part-time job.", "reason": "There is no information given in the context about John having a part-time job.", "verdict": "0"}]\n\ncontext: "Photosynthesis is a process used by plants, algae, and certain bacteria to convert light energy into chemical energy."\nstatements: "statement_1: Albert Einstein was a genius."\nanswer: {"statement_1": "Albert Einstein was a genius.", "reason": "The context and statement are unrelated", "verdict": "0"}\n\ncontext: "Albert Einstein was a German-born theoretical physicist who is widely held to be one of the greatest and most influential scientists of all time."\nstatements: "statement_1: Nil"\nanswer: {"statement_1": "Nil", "reason": "The statement is invalid", "verdict": "-1"}\n\ncontext: \nstatements: statement_1: Nil\nanswer: \n'}]

RAW RESPONSE:
{
  "statement_1": "Nil",
   "reason": "There is no context provided",
   "verdict": "-1"
}
==================================================
=== SYNC GENERATE ===
PROMPT:
[{'role': 'user', 'content': 'Create one or more statements from each sentence in the given answer.\nOutput in only valid JSON format.\n\nquestion: "Who was  Albert Einstein and what is he best known for?"\nanswer: "He was a German-born theoretical physicist, widely acknowledged to be one of the greatest and most influential physicists of all time. He was best known for developing the theory of relativity, he also made important contributions to the development of the theory of quantum mechanics."\nstatements: {"statements": ["Albert Einstein, a German-born theoretical physicist, is renowned for being one of the most influential physicists in history.", "Albert Einstein was best known for his theory of relativity.", "Einstein\'s contributions significantly advanced the field of quantum mechanics", "Recognized globally, Einstein\'s work has profoundly impacted the scientific community", "Einstein\'s groundbreaking theories continue to shape our understanding of physics today."]}\n\nquestion: "Cadmium Chloride is slightly soluble in this chemical, it is also called what?"\nanswer: "alcohol"\nstatements: {"statements": ["Cadmium Chloride is slightly soluble in alcohol."]}\n\nquestion: "Were Hitler and Benito Mussolini of the same nationality?"\nanswer: "Sorry, I can\'t provide answer to that question."\nstatements: {"statements": []}\n\nquestion: What star of Parks and Recreation appeared in November?\nanswer: \nstatements: \n'}]

RAW RESPONSE:
{
  "statements": [
       "A star of Parks and Recreation appeared in November, but the specific star's name is not provided."
   ]
}
==================================================
=== SYNC GENERATE ===
PROMPT:
[{'role': 'user', 'content': 'Natural language inference. Use only \'Yes\' (1), \'No\' (0) and \'Null\' (-1) as verdict.\nOutput in only valid JSON format.\n\ncontext: "John is a student at XYZ University. He is pursuing a degree in Computer Science. He is enrolled in several courses this semester, including Data Structures, Algorithms, and Database Management. John is a diligent student and spends a significant amount of time studying and completing assignments. He often stays late in the library to work on his projects."\nstatements: "\\n            statement_1: John is majoring in Biology.\\n            statement_2: John is taking a course on Artificial Intelligence.\\n            statement_3: John is a dedicated student.\\n            statement_4: John has a part-time job.\\n            "\nanswer: [{"statement_1": "John is majoring in Biology.", "reason": "John\'s major is explicitly mentioned as Computer Science. There is no information suggesting he is majoring in Biology.", "verdict": "0"}, {"statement_2": "John is taking a course on Artificial Intelligence.", "reason": "The context mentions the courses John is currently enrolled in, and Artificial Intelligence is not mentioned. Therefore, it cannot be deduced that John is taking a course on AI.", "verdict": "0"}, {"statement_3": "John is a dedicated student.", "reason": "The context states that he spends a significant amount of time studying and completing assignments. Additionally, it mentions that he often stays late in the library to work on his projects, which implies dedication.", "verdict": "1"}, {"statement_4": "John has a part-time job.", "reason": "There is no information given in the context about John having a part-time job.", "verdict": "0"}]\n\ncontext: "Photosynthesis is a process used by plants, algae, and certain bacteria to convert light energy into chemical energy."\nstatements: "statement_1: Albert Einstein was a genius."\nanswer: {"statement_1": "Albert Einstein was a genius.", "reason": "The context and statement are unrelated", "verdict": "0"}\n\ncontext: "Albert Einstein was a German-born theoretical physicist who is widely held to be one of the greatest and most influential scientists of all time."\nstatements: "statement_1: Nil"\nanswer: {"statement_1": "Nil", "reason": "The statement is invalid", "verdict": "-1"}\n\ncontext: \nstatements: statement_1: Crocosmia is a genus of flowering plant found in an environment further south than Cimicifuga.\nanswer: \n'}]

RAW RESPONSE:
{
  "statement_1": "Crocosmia is a genus of flowering plant found in an environment further south than Cimicifuga.",
   "reason": "There is no context provided to evaluate the statement.",
   "verdict": "-1"
}
==================================================
=== SYNC GENERATE ===
PROMPT:
[{'role': 'user', 'content': 'Natural language inference. Use only \'Yes\' (1), \'No\' (0) and \'Null\' (-1) as verdict.\nOutput in only valid JSON format.\n\ncontext: "John is a student at XYZ University. He is pursuing a degree in Computer Science. He is enrolled in several courses this semester, including Data Structures, Algorithms, and Database Management. John is a diligent student and spends a significant amount of time studying and completing assignments. He often stays late in the library to work on his projects."\nstatements: "\\n            statement_1: John is majoring in Biology.\\n            statement_2: John is taking a course on Artificial Intelligence.\\n            statement_3: John is a dedicated student.\\n            statement_4: John has a part-time job.\\n            "\nanswer: [{"statement_1": "John is majoring in Biology.", "reason": "John\'s major is explicitly mentioned as Computer Science. There is no information suggesting he is majoring in Biology.", "verdict": "0"}, {"statement_2": "John is taking a course on Artificial Intelligence.", "reason": "The context mentions the courses John is currently enrolled in, and Artificial Intelligence is not mentioned. Therefore, it cannot be deduced that John is taking a course on AI.", "verdict": "0"}, {"statement_3": "John is a dedicated student.", "reason": "The context states that he spends a significant amount of time studying and completing assignments. Additionally, it mentions that he often stays late in the library to work on his projects, which implies dedication.", "verdict": "1"}, {"statement_4": "John has a part-time job.", "reason": "There is no information given in the context about John having a part-time job.", "verdict": "0"}]\n\ncontext: "Photosynthesis is a process used by plants, algae, and certain bacteria to convert light energy into chemical energy."\nstatements: "statement_1: Albert Einstein was a genius."\nanswer: {"statement_1": "Albert Einstein was a genius.", "reason": "The context and statement are unrelated", "verdict": "0"}\n\ncontext: "Albert Einstein was a German-born theoretical physicist who is widely held to be one of the greatest and most influential scientists of all time."\nstatements: "statement_1: Nil"\nanswer: {"statement_1": "Nil", "reason": "The statement is invalid", "verdict": "-1"}\n\ncontext: \nstatements: statement_1: Governor John R. Rogers High School is named after John Rankin Rogers.\nstatement_2: The school district of Governor John R. Rogers High School is not specified in the given information.\nanswer: \n'}]

RAW RESPONSE:
{
  "statement_1": "Governor John R. Rogers High School is named after John Rankin Rogers.",
   "reason": "There is no information provided in the context to confirm or deny this statement.",
   "verdict": "0"
}
==================================================
=== SYNC GENERATE ===
PROMPT:
[{'role': 'user', 'content': 'Natural language inference. Use only \'Yes\' (1), \'No\' (0) and \'Null\' (-1) as verdict.\nOutput in only valid JSON format.\n\ncontext: "John is a student at XYZ University. He is pursuing a degree in Computer Science. He is enrolled in several courses this semester, including Data Structures, Algorithms, and Database Management. John is a diligent student and spends a significant amount of time studying and completing assignments. He often stays late in the library to work on his projects."\nstatements: "\\n            statement_1: John is majoring in Biology.\\n            statement_2: John is taking a course on Artificial Intelligence.\\n            statement_3: John is a dedicated student.\\n            statement_4: John has a part-time job.\\n            "\nanswer: [{"statement_1": "John is majoring in Biology.", "reason": "John\'s major is explicitly mentioned as Computer Science. There is no information suggesting he is majoring in Biology.", "verdict": "0"}, {"statement_2": "John is taking a course on Artificial Intelligence.", "reason": "The context mentions the courses John is currently enrolled in, and Artificial Intelligence is not mentioned. Therefore, it cannot be deduced that John is taking a course on AI.", "verdict": "0"}, {"statement_3": "John is a dedicated student.", "reason": "The context states that he spends a significant amount of time studying and completing assignments. Additionally, it mentions that he often stays late in the library to work on his projects, which implies dedication.", "verdict": "1"}, {"statement_4": "John has a part-time job.", "reason": "There is no information given in the context about John having a part-time job.", "verdict": "0"}]\n\ncontext: "Photosynthesis is a process used by plants, algae, and certain bacteria to convert light energy into chemical energy."\nstatements: "statement_1: Albert Einstein was a genius."\nanswer: {"statement_1": "Albert Einstein was a genius.", "reason": "The context and statement are unrelated", "verdict": "0"}\n\ncontext: "Albert Einstein was a German-born theoretical physicist who is widely held to be one of the greatest and most influential scientists of all time."\nstatements: "statement_1: Nil"\nanswer: {"statement_1": "Nil", "reason": "The statement is invalid", "verdict": "-1"}\n\ncontext: \nstatements: statement_1: A star of Parks and Recreation appeared in November, but the specific star\'s name is not provided.\nanswer: \n'}]

RAW RESPONSE:
{
  "statement_1": "A star of Parks and Recreation appeared in November, but the specific star's name is not provided.",
   "reason": "There is no context provided to evaluate the statement.",
   "verdict": "-1"
}
==================================================
=== SYNC GENERATE ===
PROMPT:
[{'role': 'user', 'content': 'Create one or more statements from each sentence in the given answer.\nOutput in only valid JSON format.\n\nquestion: "Who was  Albert Einstein and what is he best known for?"\nanswer: "He was a German-born theoretical physicist, widely acknowledged to be one of the greatest and most influential physicists of all time. He was best known for developing the theory of relativity, he also made important contributions to the development of the theory of quantum mechanics."\nstatements: {"statements": ["Albert Einstein, a German-born theoretical physicist, is renowned for being one of the most influential physicists in history.", "Albert Einstein was best known for his theory of relativity.", "Einstein\'s contributions significantly advanced the field of quantum mechanics", "Recognized globally, Einstein\'s work has profoundly impacted the scientific community", "Einstein\'s groundbreaking theories continue to shape our understanding of physics today."]}\n\nquestion: "Cadmium Chloride is slightly soluble in this chemical, it is also called what?"\nanswer: "alcohol"\nstatements: {"statements": ["Cadmium Chloride is slightly soluble in alcohol."]}\n\nquestion: "Were Hitler and Benito Mussolini of the same nationality?"\nanswer: "Sorry, I can\'t provide answer to that question."\nstatements: {"statements": []}\n\nquestion: In what year did the man who shot the Chris Stockley, of The Dingoes, die?\nanswer: \nstatements: \n'}]

RAW RESPONSE:
{
  "statements": []
}
==================================================
=== SYNC GENERATE ===
PROMPT:
[{'role': 'user', 'content': 'Create one or more statements from each sentence in the given answer.\nOutput in only valid JSON format.\n\nquestion: "Who was  Albert Einstein and what is he best known for?"\nanswer: "He was a German-born theoretical physicist, widely acknowledged to be one of the greatest and most influential physicists of all time. He was best known for developing the theory of relativity, he also made important contributions to the development of the theory of quantum mechanics."\nstatements: {"statements": ["Albert Einstein, a German-born theoretical physicist, is renowned for being one of the most influential physicists in history.", "Albert Einstein was best known for his theory of relativity.", "Einstein\'s contributions significantly advanced the field of quantum mechanics", "Recognized globally, Einstein\'s work has profoundly impacted the scientific community", "Einstein\'s groundbreaking theories continue to shape our understanding of physics today."]}\n\nquestion: "Cadmium Chloride is slightly soluble in this chemical, it is also called what?"\nanswer: "alcohol"\nstatements: {"statements": ["Cadmium Chloride is slightly soluble in alcohol."]}\n\nquestion: "Were Hitler and Benito Mussolini of the same nationality?"\nanswer: "Sorry, I can\'t provide answer to that question."\nstatements: {"statements": []}\n\nquestion: The king deposed in the Glorious Revolution of 1688 was supported by the grandson of what Viscount Barnewall?\nanswer: \nstatements: \n'}]

RAW RESPONSE:
{
  "statements": [
       "The king deposed in the Glorious Revolution of 1688 received support from the grandson of Viscount Barnewall."
   ]
}
==================================================
=== SYNC GENERATE ===
PROMPT:
[{'role': 'user', 'content': 'Create one or more statements from each sentence in the given answer.\nOutput in only valid JSON format.\n\nquestion: "Who was  Albert Einstein and what is he best known for?"\nanswer: "He was a German-born theoretical physicist, widely acknowledged to be one of the greatest and most influential physicists of all time. He was best known for developing the theory of relativity, he also made important contributions to the development of the theory of quantum mechanics."\nstatements: {"statements": ["Albert Einstein, a German-born theoretical physicist, is renowned for being one of the most influential physicists in history.", "Albert Einstein was best known for his theory of relativity.", "Einstein\'s contributions significantly advanced the field of quantum mechanics", "Recognized globally, Einstein\'s work has profoundly impacted the scientific community", "Einstein\'s groundbreaking theories continue to shape our understanding of physics today."]}\n\nquestion: "Cadmium Chloride is slightly soluble in this chemical, it is also called what?"\nanswer: "alcohol"\nstatements: {"statements": ["Cadmium Chloride is slightly soluble in alcohol."]}\n\nquestion: "Were Hitler and Benito Mussolini of the same nationality?"\nanswer: "Sorry, I can\'t provide answer to that question."\nstatements: {"statements": []}\n\nquestion: Are both American bands The Four Seasons and Local H popular around the Beatles were around?\nanswer: \nstatements: \n'}]

RAW RESPONSE:
{
  "statements": [
       "The Four Seasons and Local H are American bands.",
       "The Four Seasons and Local H gained popularity during a different time period than The Beatles.",
       "The Beatles were a highly influential band during their active years.",
       "The Four Seasons and Local H have their own unique fan base and musical style."
   ]
}
==================================================
=== SYNC GENERATE ===
PROMPT:
[{'role': 'user', 'content': 'Create one or more statements from each sentence in the given answer.\nOutput in only valid JSON format.\n\nquestion: "Who was  Albert Einstein and what is he best known for?"\nanswer: "He was a German-born theoretical physicist, widely acknowledged to be one of the greatest and most influential physicists of all time. He was best known for developing the theory of relativity, he also made important contributions to the development of the theory of quantum mechanics."\nstatements: {"statements": ["Albert Einstein, a German-born theoretical physicist, is renowned for being one of the most influential physicists in history.", "Albert Einstein was best known for his theory of relativity.", "Einstein\'s contributions significantly advanced the field of quantum mechanics", "Recognized globally, Einstein\'s work has profoundly impacted the scientific community", "Einstein\'s groundbreaking theories continue to shape our understanding of physics today."]}\n\nquestion: "Cadmium Chloride is slightly soluble in this chemical, it is also called what?"\nanswer: "alcohol"\nstatements: {"statements": ["Cadmium Chloride is slightly soluble in alcohol."]}\n\nquestion: "Were Hitler and Benito Mussolini of the same nationality?"\nanswer: "Sorry, I can\'t provide answer to that question."\nstatements: {"statements": []}\n\nquestion:  No. 3 Elementary Flying Training School RAAF operated at an Airport during World War 2 that is closest to Which city center in Australia?\nanswer: \nstatements: \n'}]

RAW RESPONSE:
{
  "statements": [
       "No. 3 Elementary Flying Training School RAAF was located at an airport near a major city in Australia during World War 2."
   ]
}
==================================================
=== SYNC GENERATE ===
PROMPT:
[{'role': 'user', 'content': 'Create one or more statements from each sentence in the given answer.\nOutput in only valid JSON format.\n\nquestion: "Who was  Albert Einstein and what is he best known for?"\nanswer: "He was a German-born theoretical physicist, widely acknowledged to be one of the greatest and most influential physicists of all time. He was best known for developing the theory of relativity, he also made important contributions to the development of the theory of quantum mechanics."\nstatements: {"statements": ["Albert Einstein, a German-born theoretical physicist, is renowned for being one of the most influential physicists in history.", "Albert Einstein was best known for his theory of relativity.", "Einstein\'s contributions significantly advanced the field of quantum mechanics", "Recognized globally, Einstein\'s work has profoundly impacted the scientific community", "Einstein\'s groundbreaking theories continue to shape our understanding of physics today."]}\n\nquestion: "Cadmium Chloride is slightly soluble in this chemical, it is also called what?"\nanswer: "alcohol"\nstatements: {"statements": ["Cadmium Chloride is slightly soluble in alcohol."]}\n\nquestion: "Were Hitler and Benito Mussolini of the same nationality?"\nanswer: "Sorry, I can\'t provide answer to that question."\nstatements: {"statements": []}\n\nquestion: Where are Catcha Lake and Hedley Mascot Mine located?\nanswer: \nstatements: \n'}]

RAW RESPONSE:
{
  "statements": [
       "Catcha Lake is located in Canada.",
       "Hedley Mascot Mine is located in Canada."
   ]
}
==================================================
=== SYNC GENERATE ===
PROMPT:
[{'role': 'user', 'content': 'Create one or more statements from each sentence in the given answer.\nOutput in only valid JSON format.\n\nquestion: "Who was  Albert Einstein and what is he best known for?"\nanswer: "He was a German-born theoretical physicist, widely acknowledged to be one of the greatest and most influential physicists of all time. He was best known for developing the theory of relativity, he also made important contributions to the development of the theory of quantum mechanics."\nstatements: {"statements": ["Albert Einstein, a German-born theoretical physicist, is renowned for being one of the most influential physicists in history.", "Albert Einstein was best known for his theory of relativity.", "Einstein\'s contributions significantly advanced the field of quantum mechanics", "Recognized globally, Einstein\'s work has profoundly impacted the scientific community", "Einstein\'s groundbreaking theories continue to shape our understanding of physics today."]}\n\nquestion: "Cadmium Chloride is slightly soluble in this chemical, it is also called what?"\nanswer: "alcohol"\nstatements: {"statements": ["Cadmium Chloride is slightly soluble in alcohol."]}\n\nquestion: "Were Hitler and Benito Mussolini of the same nationality?"\nanswer: "Sorry, I can\'t provide answer to that question."\nstatements: {"statements": []}\n\nquestion: Who has lived longer in the USA, Ulli Lommel or Benjamin Stoloff?\nanswer: \nstatements: \n'}]

RAW RESPONSE:
{
  "statements": [
       "Ulli Lommel has lived longer in the USA than Benjamin Stoloff.",
       "Benjamin Stoloff passed away before Ulli Lommel.",
       "Ulli Lommel outlived Benjamin Stoloff in the United States."
   ]
}
==================================================
=== SYNC GENERATE ===
PROMPT:
[{'role': 'user', 'content': 'Natural language inference. Use only \'Yes\' (1), \'No\' (0) and \'Null\' (-1) as verdict.\nOutput in only valid JSON format.\n\ncontext: "John is a student at XYZ University. He is pursuing a degree in Computer Science. He is enrolled in several courses this semester, including Data Structures, Algorithms, and Database Management. John is a diligent student and spends a significant amount of time studying and completing assignments. He often stays late in the library to work on his projects."\nstatements: "\\n            statement_1: John is majoring in Biology.\\n            statement_2: John is taking a course on Artificial Intelligence.\\n            statement_3: John is a dedicated student.\\n            statement_4: John has a part-time job.\\n            "\nanswer: [{"statement_1": "John is majoring in Biology.", "reason": "John\'s major is explicitly mentioned as Computer Science. There is no information suggesting he is majoring in Biology.", "verdict": "0"}, {"statement_2": "John is taking a course on Artificial Intelligence.", "reason": "The context mentions the courses John is currently enrolled in, and Artificial Intelligence is not mentioned. Therefore, it cannot be deduced that John is taking a course on AI.", "verdict": "0"}, {"statement_3": "John is a dedicated student.", "reason": "The context states that he spends a significant amount of time studying and completing assignments. Additionally, it mentions that he often stays late in the library to work on his projects, which implies dedication.", "verdict": "1"}, {"statement_4": "John has a part-time job.", "reason": "There is no information given in the context about John having a part-time job.", "verdict": "0"}]\n\ncontext: "Photosynthesis is a process used by plants, algae, and certain bacteria to convert light energy into chemical energy."\nstatements: "statement_1: Albert Einstein was a genius."\nanswer: {"statement_1": "Albert Einstein was a genius.", "reason": "The context and statement are unrelated", "verdict": "0"}\n\ncontext: "Albert Einstein was a German-born theoretical physicist who is widely held to be one of the greatest and most influential scientists of all time."\nstatements: "statement_1: Nil"\nanswer: {"statement_1": "Nil", "reason": "The statement is invalid", "verdict": "-1"}\n\ncontext: \nstatements: statement_1: Catcha Lake is located in Canada.\nstatement_2: Hedley Mascot Mine is located in Canada.\nanswer: \n'}]

RAW RESPONSE:
{
  "statement_1": "Catcha Lake is located in Canada.",
   "reason": "There is no context provided to verify the location of Catcha Lake.",
   "verdict": "-1"
}
==================================================
=== SYNC GENERATE ===
PROMPT:
[{'role': 'user', 'content': 'Natural language inference. Use only \'Yes\' (1), \'No\' (0) and \'Null\' (-1) as verdict.\nOutput in only valid JSON format.\n\ncontext: "John is a student at XYZ University. He is pursuing a degree in Computer Science. He is enrolled in several courses this semester, including Data Structures, Algorithms, and Database Management. John is a diligent student and spends a significant amount of time studying and completing assignments. He often stays late in the library to work on his projects."\nstatements: "\\n            statement_1: John is majoring in Biology.\\n            statement_2: John is taking a course on Artificial Intelligence.\\n            statement_3: John is a dedicated student.\\n            statement_4: John has a part-time job.\\n            "\nanswer: [{"statement_1": "John is majoring in Biology.", "reason": "John\'s major is explicitly mentioned as Computer Science. There is no information suggesting he is majoring in Biology.", "verdict": "0"}, {"statement_2": "John is taking a course on Artificial Intelligence.", "reason": "The context mentions the courses John is currently enrolled in, and Artificial Intelligence is not mentioned. Therefore, it cannot be deduced that John is taking a course on AI.", "verdict": "0"}, {"statement_3": "John is a dedicated student.", "reason": "The context states that he spends a significant amount of time studying and completing assignments. Additionally, it mentions that he often stays late in the library to work on his projects, which implies dedication.", "verdict": "1"}, {"statement_4": "John has a part-time job.", "reason": "There is no information given in the context about John having a part-time job.", "verdict": "0"}]\n\ncontext: "Photosynthesis is a process used by plants, algae, and certain bacteria to convert light energy into chemical energy."\nstatements: "statement_1: Albert Einstein was a genius."\nanswer: {"statement_1": "Albert Einstein was a genius.", "reason": "The context and statement are unrelated", "verdict": "0"}\n\ncontext: "Albert Einstein was a German-born theoretical physicist who is widely held to be one of the greatest and most influential scientists of all time."\nstatements: "statement_1: Nil"\nanswer: {"statement_1": "Nil", "reason": "The statement is invalid", "verdict": "-1"}\n\ncontext: \nstatements: statement_1: Ulli Lommel has lived longer in the USA than Benjamin Stoloff.\nstatement_2: Benjamin Stoloff passed away before Ulli Lommel.\nstatement_3: Ulli Lommel outlived Benjamin Stoloff in the United States.\nanswer: \n'}]

RAW RESPONSE:
[
{
  "statement_1": "Ulli Lommel has lived longer in the USA than Benjamin Stoloff.",
   "reason": "There is no information provided in the context to support or refute this statement.",
   "verdict": "0"
},
{
   "statement_2": "Benjamin Stoloff passed away before Ulli Lommel.",
   "reason": "There is no information provided in the context to support or refute this statement.",
   "verdict": "0"
},
{
   "statement_3": "Ulli Lommel outlived Benjamin Stoloff in the United States.",
   "reason": "There is no information provided in the context to support or refute this statement.",
   "verdict": "0"
}
]
==================================================
=== SYNC GENERATE ===
PROMPT:
[{'role': 'user', 'content': 'Create one or more statements from each sentence in the given answer.\nOutput in only valid JSON format.\n\nquestion: "Who was  Albert Einstein and what is he best known for?"\nanswer: "He was a German-born theoretical physicist, widely acknowledged to be one of the greatest and most influential physicists of all time. He was best known for developing the theory of relativity, he also made important contributions to the development of the theory of quantum mechanics."\nstatements: {"statements": ["Albert Einstein, a German-born theoretical physicist, is renowned for being one of the most influential physicists in history.", "Albert Einstein was best known for his theory of relativity.", "Einstein\'s contributions significantly advanced the field of quantum mechanics", "Recognized globally, Einstein\'s work has profoundly impacted the scientific community", "Einstein\'s groundbreaking theories continue to shape our understanding of physics today."]}\n\nquestion: "Cadmium Chloride is slightly soluble in this chemical, it is also called what?"\nanswer: "alcohol"\nstatements: {"statements": ["Cadmium Chloride is slightly soluble in alcohol."]}\n\nquestion: "Were Hitler and Benito Mussolini of the same nationality?"\nanswer: "Sorry, I can\'t provide answer to that question."\nstatements: {"statements": []}\n\nquestion: In what school district is Governor John R. Rogers High School, named after John Rankin Rogers, located?\nanswer: \nstatements: \n'}]

RAW RESPONSE:
{
  "statements": [
       "Governor John R. Rogers High School is named after John Rankin Rogers.",
       "The school district of Governor John R. Rogers High School is not specified in the given information."
   ]
}
==================================================
=== SYNC GENERATE ===
PROMPT:
[{'role': 'user', 'content': 'Generate a question for the given answer and Identify if answer is noncommittal. Give noncommittal as 1 if the answer is noncommittal and 0 if the answer is committal. A noncommittal answer is one that is evasive, vague, or ambiguous. For example, "I don\'t know" or "I\'m not sure" are noncommittal answers.\nOutput in only valid JSON format.\n\nanswer: "Albert Einstein was born in Germany."\ncontext: "Albert Einstein was a German-born theoretical physicist who is widely held to be one of the greatest and most influential scientists of all time"\noutput: {"question": "Where was Albert Einstein born?", "noncommittal": 0}\n\nanswer: "It can change its skin color based on the temperature of its environment."\ncontext: "A recent scientific study has discovered a new species of frog in the Amazon rainforest that has the unique ability to change its skin color based on the temperature of its environment."\noutput: {"question": "What unique ability does the newly discovered species of frog have?", "noncommittal": 0}\n\nanswer: "Everest"\ncontext: "The tallest mountain on Earth, measured from sea level, is a renowned peak located in the Himalayas."\noutput: {"question": "What is the tallest mountain on Earth?", "noncommittal": 0}\n\nanswer: "I don\'t know about the  groundbreaking feature of the smartphone invented in 2023 as am unaware of information beyond 2022. "\ncontext: "In 2023, a groundbreaking invention was announced: a smartphone with a battery life of one month, revolutionizing the way people use mobile technology."\noutput: {"question": "What was the groundbreaking feature of the smartphone invented in 2023?", "noncommittal": 1}\n\nanswer: \ncontext: \noutput: \n'}]

RAW RESPONSE:
{
  "question": "What is your opinion on the current economic situation?",
   "noncommittal": 1
}
==================================================
=== SYNC GENERATE ===
PROMPT:
[{'role': 'user', 'content': 'Natural language inference. Use only \'Yes\' (1), \'No\' (0) and \'Null\' (-1) as verdict.\nOutput in only valid JSON format.\n\ncontext: "John is a student at XYZ University. He is pursuing a degree in Computer Science. He is enrolled in several courses this semester, including Data Structures, Algorithms, and Database Management. John is a diligent student and spends a significant amount of time studying and completing assignments. He often stays late in the library to work on his projects."\nstatements: "\\n            statement_1: John is majoring in Biology.\\n            statement_2: John is taking a course on Artificial Intelligence.\\n            statement_3: John is a dedicated student.\\n            statement_4: John has a part-time job.\\n            "\nanswer: [{"statement_1": "John is majoring in Biology.", "reason": "John\'s major is explicitly mentioned as Computer Science. There is no information suggesting he is majoring in Biology.", "verdict": "0"}, {"statement_2": "John is taking a course on Artificial Intelligence.", "reason": "The context mentions the courses John is currently enrolled in, and Artificial Intelligence is not mentioned. Therefore, it cannot be deduced that John is taking a course on AI.", "verdict": "0"}, {"statement_3": "John is a dedicated student.", "reason": "The context states that he spends a significant amount of time studying and completing assignments. Additionally, it mentions that he often stays late in the library to work on his projects, which implies dedication.", "verdict": "1"}, {"statement_4": "John has a part-time job.", "reason": "There is no information given in the context about John having a part-time job.", "verdict": "0"}]\n\ncontext: "Photosynthesis is a process used by plants, algae, and certain bacteria to convert light energy into chemical energy."\nstatements: "statement_1: Albert Einstein was a genius."\nanswer: {"statement_1": "Albert Einstein was a genius.", "reason": "The context and statement are unrelated", "verdict": "0"}\n\ncontext: "Albert Einstein was a German-born theoretical physicist who is widely held to be one of the greatest and most influential scientists of all time."\nstatements: "statement_1: Nil"\nanswer: {"statement_1": "Nil", "reason": "The statement is invalid", "verdict": "-1"}\n\ncontext: \nstatements: statement_1: Governor John R. Rogers High School is named after John Rankin Rogers.\nstatement_2: The school district of Governor John R. Rogers High School is not specified in the given information.\nanswer: \n'}]

RAW RESPONSE:
{
  "statement_1": "Governor John R. Rogers High School is named after John Rankin Rogers.",
   "reason": "There is no information provided in the context to confirm or deny this statement.",
   "verdict": "-1"
}
==================================================
=== SYNC GENERATE ===
PROMPT:
[{'role': 'user', 'content': 'Create one or more statements from each sentence in the given answer.\nOutput in only valid JSON format.\n\nquestion: "Who was  Albert Einstein and what is he best known for?"\nanswer: "He was a German-born theoretical physicist, widely acknowledged to be one of the greatest and most influential physicists of all time. He was best known for developing the theory of relativity, he also made important contributions to the development of the theory of quantum mechanics."\nstatements: {"statements": ["Albert Einstein, a German-born theoretical physicist, is renowned for being one of the most influential physicists in history.", "Albert Einstein was best known for his theory of relativity.", "Einstein\'s contributions significantly advanced the field of quantum mechanics", "Recognized globally, Einstein\'s work has profoundly impacted the scientific community", "Einstein\'s groundbreaking theories continue to shape our understanding of physics today."]}\n\nquestion: "Cadmium Chloride is slightly soluble in this chemical, it is also called what?"\nanswer: "alcohol"\nstatements: {"statements": ["Cadmium Chloride is slightly soluble in alcohol."]}\n\nquestion: "Were Hitler and Benito Mussolini of the same nationality?"\nanswer: "Sorry, I can\'t provide answer to that question."\nstatements: {"statements": []}\n\nquestion: whiich Australian racing driver won the 44-lap race for the Red Bull Racing team?\nanswer: \nstatements: \n'}]

RAW RESPONSE:
{
  "statements": [
       "The Australian racing driver who won the 44-lap race for the Red Bull Racing team is not specified in the provided information."
   ]
}
==================================================
=== SYNC GENERATE ===
PROMPT:
[{'role': 'user', 'content': 'Natural language inference. Use only \'Yes\' (1), \'No\' (0) and \'Null\' (-1) as verdict.\nOutput in only valid JSON format.\n\ncontext: "John is a student at XYZ University. He is pursuing a degree in Computer Science. He is enrolled in several courses this semester, including Data Structures, Algorithms, and Database Management. John is a diligent student and spends a significant amount of time studying and completing assignments. He often stays late in the library to work on his projects."\nstatements: "\\n            statement_1: John is majoring in Biology.\\n            statement_2: John is taking a course on Artificial Intelligence.\\n            statement_3: John is a dedicated student.\\n            statement_4: John has a part-time job.\\n            "\nanswer: [{"statement_1": "John is majoring in Biology.", "reason": "John\'s major is explicitly mentioned as Computer Science. There is no information suggesting he is majoring in Biology.", "verdict": "0"}, {"statement_2": "John is taking a course on Artificial Intelligence.", "reason": "The context mentions the courses John is currently enrolled in, and Artificial Intelligence is not mentioned. Therefore, it cannot be deduced that John is taking a course on AI.", "verdict": "0"}, {"statement_3": "John is a dedicated student.", "reason": "The context states that he spends a significant amount of time studying and completing assignments. Additionally, it mentions that he often stays late in the library to work on his projects, which implies dedication.", "verdict": "1"}, {"statement_4": "John has a part-time job.", "reason": "There is no information given in the context about John having a part-time job.", "verdict": "0"}]\n\ncontext: "Photosynthesis is a process used by plants, algae, and certain bacteria to convert light energy into chemical energy."\nstatements: "statement_1: Albert Einstein was a genius."\nanswer: {"statement_1": "Albert Einstein was a genius.", "reason": "The context and statement are unrelated", "verdict": "0"}\n\ncontext: "Albert Einstein was a German-born theoretical physicist who is widely held to be one of the greatest and most influential scientists of all time."\nstatements: "statement_1: Nil"\nanswer: {"statement_1": "Nil", "reason": "The statement is invalid", "verdict": "-1"}\n\ncontext: \nstatements: statement_1: The Australian racing driver who won the 44-lap race for the Red Bull Racing team is not specified in the provided information.\nanswer: \n'}]

RAW RESPONSE:
{
  "statement_1": "The Australian racing driver who won the 44-lap race for the Red Bull Racing team is not specified in the provided information.",
   "reason": "There is no context provided to make any inference about the statement.",
   "verdict": "-1"
}
==================================================
=== SYNC GENERATE ===
PROMPT:
[{'role': 'user', 'content': 'Create one or more statements from each sentence in the given answer.\nOutput in only valid JSON format.\n\nquestion: "Who was  Albert Einstein and what is he best known for?"\nanswer: "He was a German-born theoretical physicist, widely acknowledged to be one of the greatest and most influential physicists of all time. He was best known for developing the theory of relativity, he also made important contributions to the development of the theory of quantum mechanics."\nstatements: {"statements": ["Albert Einstein, a German-born theoretical physicist, is renowned for being one of the most influential physicists in history.", "Albert Einstein was best known for his theory of relativity.", "Einstein\'s contributions significantly advanced the field of quantum mechanics", "Recognized globally, Einstein\'s work has profoundly impacted the scientific community", "Einstein\'s groundbreaking theories continue to shape our understanding of physics today."]}\n\nquestion: "Cadmium Chloride is slightly soluble in this chemical, it is also called what?"\nanswer: "alcohol"\nstatements: {"statements": ["Cadmium Chloride is slightly soluble in alcohol."]}\n\nquestion: "Were Hitler and Benito Mussolini of the same nationality?"\nanswer: "Sorry, I can\'t provide answer to that question."\nstatements: {"statements": []}\n\nquestion: What star of Parks and Recreation appeared in November?\nanswer: \nstatements: \n'}]

RAW RESPONSE:
{
  "statements": [
       "A star of Parks and Recreation appeared in November, but the specific star is not identified."
   ]
}
==================================================
=== SYNC GENERATE ===
PROMPT:
[{'role': 'user', 'content': 'Natural language inference. Use only \'Yes\' (1), \'No\' (0) and \'Null\' (-1) as verdict.\nOutput in only valid JSON format.\n\ncontext: "John is a student at XYZ University. He is pursuing a degree in Computer Science. He is enrolled in several courses this semester, including Data Structures, Algorithms, and Database Management. John is a diligent student and spends a significant amount of time studying and completing assignments. He often stays late in the library to work on his projects."\nstatements: "\\n            statement_1: John is majoring in Biology.\\n            statement_2: John is taking a course on Artificial Intelligence.\\n            statement_3: John is a dedicated student.\\n            statement_4: John has a part-time job.\\n            "\nanswer: [{"statement_1": "John is majoring in Biology.", "reason": "John\'s major is explicitly mentioned as Computer Science. There is no information suggesting he is majoring in Biology.", "verdict": "0"}, {"statement_2": "John is taking a course on Artificial Intelligence.", "reason": "The context mentions the courses John is currently enrolled in, and Artificial Intelligence is not mentioned. Therefore, it cannot be deduced that John is taking a course on AI.", "verdict": "0"}, {"statement_3": "John is a dedicated student.", "reason": "The context states that he spends a significant amount of time studying and completing assignments. Additionally, it mentions that he often stays late in the library to work on his projects, which implies dedication.", "verdict": "1"}, {"statement_4": "John has a part-time job.", "reason": "There is no information given in the context about John having a part-time job.", "verdict": "0"}]\n\ncontext: "Photosynthesis is a process used by plants, algae, and certain bacteria to convert light energy into chemical energy."\nstatements: "statement_1: Albert Einstein was a genius."\nanswer: {"statement_1": "Albert Einstein was a genius.", "reason": "The context and statement are unrelated", "verdict": "0"}\n\ncontext: "Albert Einstein was a German-born theoretical physicist who is widely held to be one of the greatest and most influential scientists of all time."\nstatements: "statement_1: Nil"\nanswer: {"statement_1": "Nil", "reason": "The statement is invalid", "verdict": "-1"}\n\ncontext: \nstatements: statement_1: A star of Parks and Recreation appeared in November, but the specific star is not identified.\nanswer: \n'}]

RAW RESPONSE:
{
  "statement_1": "A star of Parks and Recreation appeared in November, but the specific star is not identified.",
   "reason": "There is no context provided to evaluate the statement.",
   "verdict": "-1"
}
==================================================
=== SYNC GENERATE ===
PROMPT:
[{'role': 'user', 'content': 'Create one or more statements from each sentence in the given answer.\nOutput in only valid JSON format.\n\nquestion: "Who was  Albert Einstein and what is he best known for?"\nanswer: "He was a German-born theoretical physicist, widely acknowledged to be one of the greatest and most influential physicists of all time. He was best known for developing the theory of relativity, he also made important contributions to the development of the theory of quantum mechanics."\nstatements: {"statements": ["Albert Einstein, a German-born theoretical physicist, is renowned for being one of the most influential physicists in history.", "Albert Einstein was best known for his theory of relativity.", "Einstein\'s contributions significantly advanced the field of quantum mechanics", "Recognized globally, Einstein\'s work has profoundly impacted the scientific community", "Einstein\'s groundbreaking theories continue to shape our understanding of physics today."]}\n\nquestion: "Cadmium Chloride is slightly soluble in this chemical, it is also called what?"\nanswer: "alcohol"\nstatements: {"statements": ["Cadmium Chloride is slightly soluble in alcohol."]}\n\nquestion: "Were Hitler and Benito Mussolini of the same nationality?"\nanswer: "Sorry, I can\'t provide answer to that question."\nstatements: {"statements": []}\n\nquestion: Which genus of flowering plant is found in an environment further south, Crocosmia or Cimicifuga?\nanswer: \nstatements: \n'}]

RAW RESPONSE:
{
  "statements": [
       "Crocosmia is a genus of flowering plant found in an environment further south than Cimicifuga."
   ]
}
==================================================
=== SYNC GENERATE ===
PROMPT:
[{'role': 'user', 'content': 'Natural language inference. Use only \'Yes\' (1), \'No\' (0) and \'Null\' (-1) as verdict.\nOutput in only valid JSON format.\n\ncontext: "John is a student at XYZ University. He is pursuing a degree in Computer Science. He is enrolled in several courses this semester, including Data Structures, Algorithms, and Database Management. John is a diligent student and spends a significant amount of time studying and completing assignments. He often stays late in the library to work on his projects."\nstatements: "\\n            statement_1: John is majoring in Biology.\\n            statement_2: John is taking a course on Artificial Intelligence.\\n            statement_3: John is a dedicated student.\\n            statement_4: John has a part-time job.\\n            "\nanswer: [{"statement_1": "John is majoring in Biology.", "reason": "John\'s major is explicitly mentioned as Computer Science. There is no information suggesting he is majoring in Biology.", "verdict": "0"}, {"statement_2": "John is taking a course on Artificial Intelligence.", "reason": "The context mentions the courses John is currently enrolled in, and Artificial Intelligence is not mentioned. Therefore, it cannot be deduced that John is taking a course on AI.", "verdict": "0"}, {"statement_3": "John is a dedicated student.", "reason": "The context states that he spends a significant amount of time studying and completing assignments. Additionally, it mentions that he often stays late in the library to work on his projects, which implies dedication.", "verdict": "1"}, {"statement_4": "John has a part-time job.", "reason": "There is no information given in the context about John having a part-time job.", "verdict": "0"}]\n\ncontext: "Photosynthesis is a process used by plants, algae, and certain bacteria to convert light energy into chemical energy."\nstatements: "statement_1: Albert Einstein was a genius."\nanswer: {"statement_1": "Albert Einstein was a genius.", "reason": "The context and statement are unrelated", "verdict": "0"}\n\ncontext: "Albert Einstein was a German-born theoretical physicist who is widely held to be one of the greatest and most influential scientists of all time."\nstatements: "statement_1: Nil"\nanswer: {"statement_1": "Nil", "reason": "The statement is invalid", "verdict": "-1"}\n\ncontext: \nstatements: statement_1: Crocosmia is a genus of flowering plant found in an environment further south than Cimicifuga.\nanswer: \n'}]

RAW RESPONSE:
{
  "statement_1": "Crocosmia is a genus of flowering plant found in an environment further south than Cimicifuga.",
   "reason": "There is no context provided to evaluate the statement.",
   "verdict": "-1"
}
==================================================
=== SYNC GENERATE ===
PROMPT:
[{'role': 'user', 'content': 'Create one or more statements from each sentence in the given answer.\nOutput in only valid JSON format.\n\nquestion: "Who was  Albert Einstein and what is he best known for?"\nanswer: "He was a German-born theoretical physicist, widely acknowledged to be one of the greatest and most influential physicists of all time. He was best known for developing the theory of relativity, he also made important contributions to the development of the theory of quantum mechanics."\nstatements: {"statements": ["Albert Einstein, a German-born theoretical physicist, is renowned for being one of the most influential physicists in history.", "Albert Einstein was best known for his theory of relativity.", "Einstein\'s contributions significantly advanced the field of quantum mechanics", "Recognized globally, Einstein\'s work has profoundly impacted the scientific community", "Einstein\'s groundbreaking theories continue to shape our understanding of physics today."]}\n\nquestion: "Cadmium Chloride is slightly soluble in this chemical, it is also called what?"\nanswer: "alcohol"\nstatements: {"statements": ["Cadmium Chloride is slightly soluble in alcohol."]}\n\nquestion: "Were Hitler and Benito Mussolini of the same nationality?"\nanswer: "Sorry, I can\'t provide answer to that question."\nstatements: {"statements": []}\n\nquestion: In what year did the man who shot the Chris Stockley, of The Dingoes, die?\nanswer: \nstatements: \n'}]

RAW RESPONSE:
{
  "statements": []
}
==================================================
=== SYNC GENERATE ===
PROMPT:
[{'role': 'user', 'content': 'Natural language inference. Use only \'Yes\' (1), \'No\' (0) and \'Null\' (-1) as verdict.\nOutput in only valid JSON format.\n\ncontext: "John is a student at XYZ University. He is pursuing a degree in Computer Science. He is enrolled in several courses this semester, including Data Structures, Algorithms, and Database Management. John is a diligent student and spends a significant amount of time studying and completing assignments. He often stays late in the library to work on his projects."\nstatements: "\\n            statement_1: John is majoring in Biology.\\n            statement_2: John is taking a course on Artificial Intelligence.\\n            statement_3: John is a dedicated student.\\n            statement_4: John has a part-time job.\\n            "\nanswer: [{"statement_1": "John is majoring in Biology.", "reason": "John\'s major is explicitly mentioned as Computer Science. There is no information suggesting he is majoring in Biology.", "verdict": "0"}, {"statement_2": "John is taking a course on Artificial Intelligence.", "reason": "The context mentions the courses John is currently enrolled in, and Artificial Intelligence is not mentioned. Therefore, it cannot be deduced that John is taking a course on AI.", "verdict": "0"}, {"statement_3": "John is a dedicated student.", "reason": "The context states that he spends a significant amount of time studying and completing assignments. Additionally, it mentions that he often stays late in the library to work on his projects, which implies dedication.", "verdict": "1"}, {"statement_4": "John has a part-time job.", "reason": "There is no information given in the context about John having a part-time job.", "verdict": "0"}]\n\ncontext: "Photosynthesis is a process used by plants, algae, and certain bacteria to convert light energy into chemical energy."\nstatements: "statement_1: Albert Einstein was a genius."\nanswer: {"statement_1": "Albert Einstein was a genius.", "reason": "The context and statement are unrelated", "verdict": "0"}\n\ncontext: "Albert Einstein was a German-born theoretical physicist who is widely held to be one of the greatest and most influential scientists of all time."\nstatements: "statement_1: Nil"\nanswer: {"statement_1": "Nil", "reason": "The statement is invalid", "verdict": "-1"}\n\ncontext: \nstatements: statement_1: Nil\nanswer: \n'}]

RAW RESPONSE:
{
  "statement_1": "Nil",
   "reason": "There is no context provided",
   "verdict": "-1"
}
==================================================
=== SYNC GENERATE ===
PROMPT:
[{'role': 'user', 'content': 'Create one or more statements from each sentence in the given answer.\nOutput in only valid JSON format.\n\nquestion: "Who was  Albert Einstein and what is he best known for?"\nanswer: "He was a German-born theoretical physicist, widely acknowledged to be one of the greatest and most influential physicists of all time. He was best known for developing the theory of relativity, he also made important contributions to the development of the theory of quantum mechanics."\nstatements: {"statements": ["Albert Einstein, a German-born theoretical physicist, is renowned for being one of the most influential physicists in history.", "Albert Einstein was best known for his theory of relativity.", "Einstein\'s contributions significantly advanced the field of quantum mechanics", "Recognized globally, Einstein\'s work has profoundly impacted the scientific community", "Einstein\'s groundbreaking theories continue to shape our understanding of physics today."]}\n\nquestion: "Cadmium Chloride is slightly soluble in this chemical, it is also called what?"\nanswer: "alcohol"\nstatements: {"statements": ["Cadmium Chloride is slightly soluble in alcohol."]}\n\nquestion: "Were Hitler and Benito Mussolini of the same nationality?"\nanswer: "Sorry, I can\'t provide answer to that question."\nstatements: {"statements": []}\n\nquestion: Are both American bands The Four Seasons and Local H popular around the Beatles were around?\nanswer: \nstatements: \n'}]

RAW RESPONSE:
{
  "statements": [
       "The Four Seasons and Local H are American bands.",
       "The Four Seasons and Local H gained popularity during a different time period than The Beatles.",
       "The Beatles were a highly influential band during their active years.",
       "The Four Seasons and Local H have their own unique fan base and popularity."
   ]
}
==================================================
=== SYNC GENERATE ===
PROMPT:
[{'role': 'user', 'content': 'Natural language inference. Use only \'Yes\' (1), \'No\' (0) and \'Null\' (-1) as verdict.\nOutput in only valid JSON format.\n\ncontext: "John is a student at XYZ University. He is pursuing a degree in Computer Science. He is enrolled in several courses this semester, including Data Structures, Algorithms, and Database Management. John is a diligent student and spends a significant amount of time studying and completing assignments. He often stays late in the library to work on his projects."\nstatements: "\\n            statement_1: John is majoring in Biology.\\n            statement_2: John is taking a course on Artificial Intelligence.\\n            statement_3: John is a dedicated student.\\n            statement_4: John has a part-time job.\\n            "\nanswer: [{"statement_1": "John is majoring in Biology.", "reason": "John\'s major is explicitly mentioned as Computer Science. There is no information suggesting he is majoring in Biology.", "verdict": "0"}, {"statement_2": "John is taking a course on Artificial Intelligence.", "reason": "The context mentions the courses John is currently enrolled in, and Artificial Intelligence is not mentioned. Therefore, it cannot be deduced that John is taking a course on AI.", "verdict": "0"}, {"statement_3": "John is a dedicated student.", "reason": "The context states that he spends a significant amount of time studying and completing assignments. Additionally, it mentions that he often stays late in the library to work on his projects, which implies dedication.", "verdict": "1"}, {"statement_4": "John has a part-time job.", "reason": "There is no information given in the context about John having a part-time job.", "verdict": "0"}]\n\ncontext: "Photosynthesis is a process used by plants, algae, and certain bacteria to convert light energy into chemical energy."\nstatements: "statement_1: Albert Einstein was a genius."\nanswer: {"statement_1": "Albert Einstein was a genius.", "reason": "The context and statement are unrelated", "verdict": "0"}\n\ncontext: "Albert Einstein was a German-born theoretical physicist who is widely held to be one of the greatest and most influential scientists of all time."\nstatements: "statement_1: Nil"\nanswer: {"statement_1": "Nil", "reason": "The statement is invalid", "verdict": "-1"}\n\ncontext: \nstatements: statement_1: The Four Seasons and Local H are American bands.\nstatement_2: The Four Seasons and Local H gained popularity during a different time period than The Beatles.\nstatement_3: The Beatles were a highly influential band during their active years.\nstatement_4: The Four Seasons and Local H have their own unique fan base and popularity.\nanswer: \n'}]

RAW RESPONSE:
[
{
  "statement_1": "The Four Seasons and Local H are American bands.",
   "reason": "There is no context provided to confirm or deny this statement.",
   "verdict": "0"
},
{
   "statement_2": "The Four Seasons and Local H gained popularity during a different time period than The Beatles.",
   "reason": "There is no context provided to confirm or deny this statement.",
   "verdict": "0"
},
{
   "statement_3": "The Beatles were a highly influential band during their active years.",
   "reason": "There is no context provided to confirm or deny this statement.",
   "verdict": "0"
},
{
   "statement_4": "The Four Seasons and Local H have their own unique fan base and popularity.",
   "reason": "There is no context provided to confirm or deny this statement.",
   "verdict": "0"
}
]
==================================================
=== SYNC GENERATE ===
PROMPT:
[{'role': 'user', 'content': 'Create one or more statements from each sentence in the given answer.\nOutput in only valid JSON format.\n\nquestion: "Who was  Albert Einstein and what is he best known for?"\nanswer: "He was a German-born theoretical physicist, widely acknowledged to be one of the greatest and most influential physicists of all time. He was best known for developing the theory of relativity, he also made important contributions to the development of the theory of quantum mechanics."\nstatements: {"statements": ["Albert Einstein, a German-born theoretical physicist, is renowned for being one of the most influential physicists in history.", "Albert Einstein was best known for his theory of relativity.", "Einstein\'s contributions significantly advanced the field of quantum mechanics", "Recognized globally, Einstein\'s work has profoundly impacted the scientific community", "Einstein\'s groundbreaking theories continue to shape our understanding of physics today."]}\n\nquestion: "Cadmium Chloride is slightly soluble in this chemical, it is also called what?"\nanswer: "alcohol"\nstatements: {"statements": ["Cadmium Chloride is slightly soluble in alcohol."]}\n\nquestion: "Were Hitler and Benito Mussolini of the same nationality?"\nanswer: "Sorry, I can\'t provide answer to that question."\nstatements: {"statements": []}\n\nquestion: The king deposed in the Glorious Revolution of 1688 was supported by the grandson of what Viscount Barnewall?\nanswer: \nstatements: \n'}]

RAW RESPONSE:
{
  "statements": [
       "The king deposed in the Glorious Revolution of 1688 received support from the grandson of Viscount Barnewall."
   ]
}
==================================================
=== SYNC GENERATE ===
PROMPT:
[{'role': 'user', 'content': 'Natural language inference. Use only \'Yes\' (1), \'No\' (0) and \'Null\' (-1) as verdict.\nOutput in only valid JSON format.\n\ncontext: "John is a student at XYZ University. He is pursuing a degree in Computer Science. He is enrolled in several courses this semester, including Data Structures, Algorithms, and Database Management. John is a diligent student and spends a significant amount of time studying and completing assignments. He often stays late in the library to work on his projects."\nstatements: "\\n            statement_1: John is majoring in Biology.\\n            statement_2: John is taking a course on Artificial Intelligence.\\n            statement_3: John is a dedicated student.\\n            statement_4: John has a part-time job.\\n            "\nanswer: [{"statement_1": "John is majoring in Biology.", "reason": "John\'s major is explicitly mentioned as Computer Science. There is no information suggesting he is majoring in Biology.", "verdict": "0"}, {"statement_2": "John is taking a course on Artificial Intelligence.", "reason": "The context mentions the courses John is currently enrolled in, and Artificial Intelligence is not mentioned. Therefore, it cannot be deduced that John is taking a course on AI.", "verdict": "0"}, {"statement_3": "John is a dedicated student.", "reason": "The context states that he spends a significant amount of time studying and completing assignments. Additionally, it mentions that he often stays late in the library to work on his projects, which implies dedication.", "verdict": "1"}, {"statement_4": "John has a part-time job.", "reason": "There is no information given in the context about John having a part-time job.", "verdict": "0"}]\n\ncontext: "Photosynthesis is a process used by plants, algae, and certain bacteria to convert light energy into chemical energy."\nstatements: "statement_1: Albert Einstein was a genius."\nanswer: {"statement_1": "Albert Einstein was a genius.", "reason": "The context and statement are unrelated", "verdict": "0"}\n\ncontext: "Albert Einstein was a German-born theoretical physicist who is widely held to be one of the greatest and most influential scientists of all time."\nstatements: "statement_1: Nil"\nanswer: {"statement_1": "Nil", "reason": "The statement is invalid", "verdict": "-1"}\n\ncontext: \nstatements: statement_1: The king deposed in the Glorious Revolution of 1688 received support from the grandson of Viscount Barnewall.\nanswer: \n'}]

RAW RESPONSE:
{
  "statement_1": "The king deposed in the Glorious Revolution of 1688 received support from the grandson of Viscount Barnewall.",
   "reason": "There is no context provided to evaluate the statement.",
   "verdict": "-1"
}
==================================================
=== SYNC GENERATE ===
PROMPT:
[{'role': 'user', 'content': 'Create one or more statements from each sentence in the given answer.\nOutput in only valid JSON format.\n\nquestion: "Who was  Albert Einstein and what is he best known for?"\nanswer: "He was a German-born theoretical physicist, widely acknowledged to be one of the greatest and most influential physicists of all time. He was best known for developing the theory of relativity, he also made important contributions to the development of the theory of quantum mechanics."\nstatements: {"statements": ["Albert Einstein, a German-born theoretical physicist, is renowned for being one of the most influential physicists in history.", "Albert Einstein was best known for his theory of relativity.", "Einstein\'s contributions significantly advanced the field of quantum mechanics", "Recognized globally, Einstein\'s work has profoundly impacted the scientific community", "Einstein\'s groundbreaking theories continue to shape our understanding of physics today."]}\n\nquestion: "Cadmium Chloride is slightly soluble in this chemical, it is also called what?"\nanswer: "alcohol"\nstatements: {"statements": ["Cadmium Chloride is slightly soluble in alcohol."]}\n\nquestion: "Were Hitler and Benito Mussolini of the same nationality?"\nanswer: "Sorry, I can\'t provide answer to that question."\nstatements: {"statements": []}\n\nquestion:  No. 3 Elementary Flying Training School RAAF operated at an Airport during World War 2 that is closest to Which city center in Australia?\nanswer: \nstatements: \n'}]

RAW RESPONSE:
{
  "statements": [
       "No. 3 Elementary Flying Training School RAAF was located at an airport near a major city in Australia during World War 2."
   ]
}
==================================================
=== SYNC GENERATE ===
PROMPT:
[{'role': 'user', 'content': 'Natural language inference. Use only \'Yes\' (1), \'No\' (0) and \'Null\' (-1) as verdict.\nOutput in only valid JSON format.\n\ncontext: "John is a student at XYZ University. He is pursuing a degree in Computer Science. He is enrolled in several courses this semester, including Data Structures, Algorithms, and Database Management. John is a diligent student and spends a significant amount of time studying and completing assignments. He often stays late in the library to work on his projects."\nstatements: "\\n            statement_1: John is majoring in Biology.\\n            statement_2: John is taking a course on Artificial Intelligence.\\n            statement_3: John is a dedicated student.\\n            statement_4: John has a part-time job.\\n            "\nanswer: [{"statement_1": "John is majoring in Biology.", "reason": "John\'s major is explicitly mentioned as Computer Science. There is no information suggesting he is majoring in Biology.", "verdict": "0"}, {"statement_2": "John is taking a course on Artificial Intelligence.", "reason": "The context mentions the courses John is currently enrolled in, and Artificial Intelligence is not mentioned. Therefore, it cannot be deduced that John is taking a course on AI.", "verdict": "0"}, {"statement_3": "John is a dedicated student.", "reason": "The context states that he spends a significant amount of time studying and completing assignments. Additionally, it mentions that he often stays late in the library to work on his projects, which implies dedication.", "verdict": "1"}, {"statement_4": "John has a part-time job.", "reason": "There is no information given in the context about John having a part-time job.", "verdict": "0"}]\n\ncontext: "Photosynthesis is a process used by plants, algae, and certain bacteria to convert light energy into chemical energy."\nstatements: "statement_1: Albert Einstein was a genius."\nanswer: {"statement_1": "Albert Einstein was a genius.", "reason": "The context and statement are unrelated", "verdict": "0"}\n\ncontext: "Albert Einstein was a German-born theoretical physicist who is widely held to be one of the greatest and most influential scientists of all time."\nstatements: "statement_1: Nil"\nanswer: {"statement_1": "Nil", "reason": "The statement is invalid", "verdict": "-1"}\n\ncontext: \nstatements: statement_1: No. 3 Elementary Flying Training School RAAF was located at an airport near a major city in Australia during World War 2.\nanswer: \n'}]

RAW RESPONSE:
{
  "statement_1": "No. 3 Elementary Flying Training School RAAF was located at an airport near a major city in Australia during World War 2.",
   "reason": "There is no context provided to verify or refute the statement.",
   "verdict": "-1"
}
==================================================
=== SYNC GENERATE ===
PROMPT:
[{'role': 'user', 'content': 'Create one or more statements from each sentence in the given answer.\nOutput in only valid JSON format.\n\nquestion: "Who was  Albert Einstein and what is he best known for?"\nanswer: "He was a German-born theoretical physicist, widely acknowledged to be one of the greatest and most influential physicists of all time. He was best known for developing the theory of relativity, he also made important contributions to the development of the theory of quantum mechanics."\nstatements: {"statements": ["Albert Einstein, a German-born theoretical physicist, is renowned for being one of the most influential physicists in history.", "Albert Einstein was best known for his theory of relativity.", "Einstein\'s contributions significantly advanced the field of quantum mechanics", "Recognized globally, Einstein\'s work has profoundly impacted the scientific community", "Einstein\'s groundbreaking theories continue to shape our understanding of physics today."]}\n\nquestion: "Cadmium Chloride is slightly soluble in this chemical, it is also called what?"\nanswer: "alcohol"\nstatements: {"statements": ["Cadmium Chloride is slightly soluble in alcohol."]}\n\nquestion: "Were Hitler and Benito Mussolini of the same nationality?"\nanswer: "Sorry, I can\'t provide answer to that question."\nstatements: {"statements": []}\n\nquestion: Where are Catcha Lake and Hedley Mascot Mine located?\nanswer: \nstatements: \n'}]

RAW RESPONSE:
{
  "statements": [
       "Catcha Lake is located in Ontario, Canada.",
       "Hedley Mascot Mine is located in British Columbia, Canada."
   ]
}
==================================================
=== SYNC GENERATE ===
PROMPT:
[{'role': 'user', 'content': 'Natural language inference. Use only \'Yes\' (1), \'No\' (0) and \'Null\' (-1) as verdict.\nOutput in only valid JSON format.\n\ncontext: "John is a student at XYZ University. He is pursuing a degree in Computer Science. He is enrolled in several courses this semester, including Data Structures, Algorithms, and Database Management. John is a diligent student and spends a significant amount of time studying and completing assignments. He often stays late in the library to work on his projects."\nstatements: "\\n            statement_1: John is majoring in Biology.\\n            statement_2: John is taking a course on Artificial Intelligence.\\n            statement_3: John is a dedicated student.\\n            statement_4: John has a part-time job.\\n            "\nanswer: [{"statement_1": "John is majoring in Biology.", "reason": "John\'s major is explicitly mentioned as Computer Science. There is no information suggesting he is majoring in Biology.", "verdict": "0"}, {"statement_2": "John is taking a course on Artificial Intelligence.", "reason": "The context mentions the courses John is currently enrolled in, and Artificial Intelligence is not mentioned. Therefore, it cannot be deduced that John is taking a course on AI.", "verdict": "0"}, {"statement_3": "John is a dedicated student.", "reason": "The context states that he spends a significant amount of time studying and completing assignments. Additionally, it mentions that he often stays late in the library to work on his projects, which implies dedication.", "verdict": "1"}, {"statement_4": "John has a part-time job.", "reason": "There is no information given in the context about John having a part-time job.", "verdict": "0"}]\n\ncontext: "Photosynthesis is a process used by plants, algae, and certain bacteria to convert light energy into chemical energy."\nstatements: "statement_1: Albert Einstein was a genius."\nanswer: {"statement_1": "Albert Einstein was a genius.", "reason": "The context and statement are unrelated", "verdict": "0"}\n\ncontext: "Albert Einstein was a German-born theoretical physicist who is widely held to be one of the greatest and most influential scientists of all time."\nstatements: "statement_1: Nil"\nanswer: {"statement_1": "Nil", "reason": "The statement is invalid", "verdict": "-1"}\n\ncontext: \nstatements: statement_1: Catcha Lake is located in Ontario, Canada.\nstatement_2: Hedley Mascot Mine is located in British Columbia, Canada.\nanswer: \n'}]

RAW RESPONSE:
[
{
  "statement_1": "Catcha Lake is located in Ontario, Canada.",
   "reason": "There is no context provided to verify the statement.",
   "verdict": "-1"
},
{
   "statement_2": "Hedley Mascot Mine is located in British Columbia, Canada.",
   "reason": "There is no context provided to verify the statement.",
   "verdict": "-1"
}
]
==================================================
=== SYNC GENERATE ===
PROMPT:
[{'role': 'user', 'content': 'Create one or more statements from each sentence in the given answer.\nOutput in only valid JSON format.\n\nquestion: "Who was  Albert Einstein and what is he best known for?"\nanswer: "He was a German-born theoretical physicist, widely acknowledged to be one of the greatest and most influential physicists of all time. He was best known for developing the theory of relativity, he also made important contributions to the development of the theory of quantum mechanics."\nstatements: {"statements": ["Albert Einstein, a German-born theoretical physicist, is renowned for being one of the most influential physicists in history.", "Albert Einstein was best known for his theory of relativity.", "Einstein\'s contributions significantly advanced the field of quantum mechanics", "Recognized globally, Einstein\'s work has profoundly impacted the scientific community", "Einstein\'s groundbreaking theories continue to shape our understanding of physics today."]}\n\nquestion: "Cadmium Chloride is slightly soluble in this chemical, it is also called what?"\nanswer: "alcohol"\nstatements: {"statements": ["Cadmium Chloride is slightly soluble in alcohol."]}\n\nquestion: "Were Hitler and Benito Mussolini of the same nationality?"\nanswer: "Sorry, I can\'t provide answer to that question."\nstatements: {"statements": []}\n\nquestion: Who has lived longer in the USA, Ulli Lommel or Benjamin Stoloff?\nanswer: \nstatements: \n'}]

RAW RESPONSE:
{
  "statements": [
       "Ulli Lommel has lived longer in the USA than Benjamin Stoloff.",
       "Benjamin Stoloff passed away before Ulli Lommel.",
       "Ulli Lommel outlived Benjamin Stoloff in the United States."
   ]
}
==================================================
=== SYNC GENERATE ===
PROMPT:
[{'role': 'user', 'content': 'Natural language inference. Use only \'Yes\' (1), \'No\' (0) and \'Null\' (-1) as verdict.\nOutput in only valid JSON format.\n\ncontext: "John is a student at XYZ University. He is pursuing a degree in Computer Science. He is enrolled in several courses this semester, including Data Structures, Algorithms, and Database Management. John is a diligent student and spends a significant amount of time studying and completing assignments. He often stays late in the library to work on his projects."\nstatements: "\\n            statement_1: John is majoring in Biology.\\n            statement_2: John is taking a course on Artificial Intelligence.\\n            statement_3: John is a dedicated student.\\n            statement_4: John has a part-time job.\\n            "\nanswer: [{"statement_1": "John is majoring in Biology.", "reason": "John\'s major is explicitly mentioned as Computer Science. There is no information suggesting he is majoring in Biology.", "verdict": "0"}, {"statement_2": "John is taking a course on Artificial Intelligence.", "reason": "The context mentions the courses John is currently enrolled in, and Artificial Intelligence is not mentioned. Therefore, it cannot be deduced that John is taking a course on AI.", "verdict": "0"}, {"statement_3": "John is a dedicated student.", "reason": "The context states that he spends a significant amount of time studying and completing assignments. Additionally, it mentions that he often stays late in the library to work on his projects, which implies dedication.", "verdict": "1"}, {"statement_4": "John has a part-time job.", "reason": "There is no information given in the context about John having a part-time job.", "verdict": "0"}]\n\ncontext: "Photosynthesis is a process used by plants, algae, and certain bacteria to convert light energy into chemical energy."\nstatements: "statement_1: Albert Einstein was a genius."\nanswer: {"statement_1": "Albert Einstein was a genius.", "reason": "The context and statement are unrelated", "verdict": "0"}\n\ncontext: "Albert Einstein was a German-born theoretical physicist who is widely held to be one of the greatest and most influential scientists of all time."\nstatements: "statement_1: Nil"\nanswer: {"statement_1": "Nil", "reason": "The statement is invalid", "verdict": "-1"}\n\ncontext: \nstatements: statement_1: Ulli Lommel has lived longer in the USA than Benjamin Stoloff.\nstatement_2: Benjamin Stoloff passed away before Ulli Lommel.\nstatement_3: Ulli Lommel outlived Benjamin Stoloff in the United States.\nanswer: \n'}]

RAW RESPONSE:
[
{
  "statement_1": "Ulli Lommel has lived longer in the USA than Benjamin Stoloff.",
   "reason": "There is no information provided to compare the duration of their stay in the USA.",
   "verdict": "-1"
},
{
   "statement_2": "Benjamin Stoloff passed away before Ulli Lommel.",
   "reason": "There is no information provided about the lifespan or death of either individual.",
   "verdict": "-1"
},
{
   "statement_3": "Ulli Lommel outlived Benjamin Stoloff in the United States.",
   "reason": "There is no information provided to compare their lifespans or determine who outlived whom in the United States.",
   "verdict": "-1"
}
]
==================================================
=== SYNC GENERATE ===
PROMPT:
[{'role': 'user', 'content': 'Create one or more statements from each sentence in the given answer.\nOutput in only valid JSON format.\n\nquestion: "Who was  Albert Einstein and what is he best known for?"\nanswer: "He was a German-born theoretical physicist, widely acknowledged to be one of the greatest and most influential physicists of all time. He was best known for developing the theory of relativity, he also made important contributions to the development of the theory of quantum mechanics."\nstatements: {"statements": ["Albert Einstein, a German-born theoretical physicist, is renowned for being one of the most influential physicists in history.", "Albert Einstein was best known for his theory of relativity.", "Einstein\'s contributions significantly advanced the field of quantum mechanics", "Recognized globally, Einstein\'s work has profoundly impacted the scientific community", "Einstein\'s groundbreaking theories continue to shape our understanding of physics today."]}\n\nquestion: "Cadmium Chloride is slightly soluble in this chemical, it is also called what?"\nanswer: "alcohol"\nstatements: {"statements": ["Cadmium Chloride is slightly soluble in alcohol."]}\n\nquestion: "Were Hitler and Benito Mussolini of the same nationality?"\nanswer: "Sorry, I can\'t provide answer to that question."\nstatements: {"statements": []}\n\nquestion: In what school district is Governor John R. Rogers High School, named after John Rankin Rogers, located?\nanswer: \nstatements: \n'}]

RAW RESPONSE:
{
  "statements": [
       "Governor John R. Rogers High School is named after John Rankin Rogers.",
       "The school district of Governor John R. Rogers High School is not specified in the given information."
   ]
}
==================================================
=== SYNC GENERATE ===
PROMPT:
[{'role': 'user', 'content': 'Generate a question for the given answer and Identify if answer is noncommittal. Give noncommittal as 1 if the answer is noncommittal and 0 if the answer is committal. A noncommittal answer is one that is evasive, vague, or ambiguous. For example, "I don\'t know" or "I\'m not sure" are noncommittal answers.\nOutput in only valid JSON format.\n\nanswer: "Albert Einstein was born in Germany."\ncontext: "Albert Einstein was a German-born theoretical physicist who is widely held to be one of the greatest and most influential scientists of all time"\noutput: {"question": "Where was Albert Einstein born?", "noncommittal": 0}\n\nanswer: "It can change its skin color based on the temperature of its environment."\ncontext: "A recent scientific study has discovered a new species of frog in the Amazon rainforest that has the unique ability to change its skin color based on the temperature of its environment."\noutput: {"question": "What unique ability does the newly discovered species of frog have?", "noncommittal": 0}\n\nanswer: "Everest"\ncontext: "The tallest mountain on Earth, measured from sea level, is a renowned peak located in the Himalayas."\noutput: {"question": "What is the tallest mountain on Earth?", "noncommittal": 0}\n\nanswer: "I don\'t know about the  groundbreaking feature of the smartphone invented in 2023 as am unaware of information beyond 2022. "\ncontext: "In 2023, a groundbreaking invention was announced: a smartphone with a battery life of one month, revolutionizing the way people use mobile technology."\noutput: {"question": "What was the groundbreaking feature of the smartphone invented in 2023?", "noncommittal": 1}\n\nanswer: \ncontext: \noutput: \n'}]

RAW RESPONSE:
{
  "question": "What is your opinion on the current economic situation?",
   "noncommittal": 1
}
==================================================
=== SYNC GENERATE ===
PROMPT:
[{'role': 'user', 'content': 'Natural language inference. Use only \'Yes\' (1), \'No\' (0) and \'Null\' (-1) as verdict.\nOutput in only valid JSON format.\n\ncontext: "John is a student at XYZ University. He is pursuing a degree in Computer Science. He is enrolled in several courses this semester, including Data Structures, Algorithms, and Database Management. John is a diligent student and spends a significant amount of time studying and completing assignments. He often stays late in the library to work on his projects."\nstatements: "\\n            statement_1: John is majoring in Biology.\\n            statement_2: John is taking a course on Artificial Intelligence.\\n            statement_3: John is a dedicated student.\\n            statement_4: John has a part-time job.\\n            "\nanswer: [{"statement_1": "John is majoring in Biology.", "reason": "John\'s major is explicitly mentioned as Computer Science. There is no information suggesting he is majoring in Biology.", "verdict": "0"}, {"statement_2": "John is taking a course on Artificial Intelligence.", "reason": "The context mentions the courses John is currently enrolled in, and Artificial Intelligence is not mentioned. Therefore, it cannot be deduced that John is taking a course on AI.", "verdict": "0"}, {"statement_3": "John is a dedicated student.", "reason": "The context states that he spends a significant amount of time studying and completing assignments. Additionally, it mentions that he often stays late in the library to work on his projects, which implies dedication.", "verdict": "1"}, {"statement_4": "John has a part-time job.", "reason": "There is no information given in the context about John having a part-time job.", "verdict": "0"}]\n\ncontext: "Photosynthesis is a process used by plants, algae, and certain bacteria to convert light energy into chemical energy."\nstatements: "statement_1: Albert Einstein was a genius."\nanswer: {"statement_1": "Albert Einstein was a genius.", "reason": "The context and statement are unrelated", "verdict": "0"}\n\ncontext: "Albert Einstein was a German-born theoretical physicist who is widely held to be one of the greatest and most influential scientists of all time."\nstatements: "statement_1: Nil"\nanswer: {"statement_1": "Nil", "reason": "The statement is invalid", "verdict": "-1"}\n\ncontext: \nstatements: statement_1: Governor John R. Rogers High School is named after John Rankin Rogers.\nstatement_2: The school district of Governor John R. Rogers High School is not specified in the given information.\nanswer: \n'}]

RAW RESPONSE:
{
  "statement_1": "Governor John R. Rogers High School is named after John Rankin Rogers.",
   "reason": "There is no information provided in the context to confirm or deny this statement.",
   "verdict": "0"
}
==================================================
=== SYNC GENERATE ===
PROMPT:
[{'role': 'user', 'content': 'Create one or more statements from each sentence in the given answer.\nOutput in only valid JSON format.\n\nquestion: "Who was  Albert Einstein and what is he best known for?"\nanswer: "He was a German-born theoretical physicist, widely acknowledged to be one of the greatest and most influential physicists of all time. He was best known for developing the theory of relativity, he also made important contributions to the development of the theory of quantum mechanics."\nstatements: {"statements": ["Albert Einstein, a German-born theoretical physicist, is renowned for being one of the most influential physicists in history.", "Albert Einstein was best known for his theory of relativity.", "Einstein\'s contributions significantly advanced the field of quantum mechanics", "Recognized globally, Einstein\'s work has profoundly impacted the scientific community", "Einstein\'s groundbreaking theories continue to shape our understanding of physics today."]}\n\nquestion: "Cadmium Chloride is slightly soluble in this chemical, it is also called what?"\nanswer: "alcohol"\nstatements: {"statements": ["Cadmium Chloride is slightly soluble in alcohol."]}\n\nquestion: "Were Hitler and Benito Mussolini of the same nationality?"\nanswer: "Sorry, I can\'t provide answer to that question."\nstatements: {"statements": []}\n\nquestion: whiich Australian racing driver won the 44-lap race for the Red Bull Racing team?\nanswer: \nstatements: \n'}]

RAW RESPONSE:
{
  "statements": [
       "The question about the Australian racing driver is incomplete, no answer can be provided."
   ]
}
==================================================
=== SYNC GENERATE ===
PROMPT:
[{'role': 'user', 'content': 'Natural language inference. Use only \'Yes\' (1), \'No\' (0) and \'Null\' (-1) as verdict.\nOutput in only valid JSON format.\n\ncontext: "John is a student at XYZ University. He is pursuing a degree in Computer Science. He is enrolled in several courses this semester, including Data Structures, Algorithms, and Database Management. John is a diligent student and spends a significant amount of time studying and completing assignments. He often stays late in the library to work on his projects."\nstatements: "\\n            statement_1: John is majoring in Biology.\\n            statement_2: John is taking a course on Artificial Intelligence.\\n            statement_3: John is a dedicated student.\\n            statement_4: John has a part-time job.\\n            "\nanswer: [{"statement_1": "John is majoring in Biology.", "reason": "John\'s major is explicitly mentioned as Computer Science. There is no information suggesting he is majoring in Biology.", "verdict": "0"}, {"statement_2": "John is taking a course on Artificial Intelligence.", "reason": "The context mentions the courses John is currently enrolled in, and Artificial Intelligence is not mentioned. Therefore, it cannot be deduced that John is taking a course on AI.", "verdict": "0"}, {"statement_3": "John is a dedicated student.", "reason": "The context states that he spends a significant amount of time studying and completing assignments. Additionally, it mentions that he often stays late in the library to work on his projects, which implies dedication.", "verdict": "1"}, {"statement_4": "John has a part-time job.", "reason": "There is no information given in the context about John having a part-time job.", "verdict": "0"}]\n\ncontext: "Photosynthesis is a process used by plants, algae, and certain bacteria to convert light energy into chemical energy."\nstatements: "statement_1: Albert Einstein was a genius."\nanswer: {"statement_1": "Albert Einstein was a genius.", "reason": "The context and statement are unrelated", "verdict": "0"}\n\ncontext: "Albert Einstein was a German-born theoretical physicist who is widely held to be one of the greatest and most influential scientists of all time."\nstatements: "statement_1: Nil"\nanswer: {"statement_1": "Nil", "reason": "The statement is invalid", "verdict": "-1"}\n\ncontext: \nstatements: statement_1: The question about the Australian racing driver is incomplete, no answer can be provided.\nanswer: \n'}]

RAW RESPONSE:
{
  "statement_1": "The question about the Australian racing driver is incomplete, no answer can be provided.",
   "reason": "There is no context or information provided about an Australian racing driver.",
   "verdict": "-1"
}
==================================================
=== SYNC GENERATE ===
PROMPT:
[{'role': 'user', 'content': 'Create one or more statements from each sentence in the given answer.\nOutput in only valid JSON format.\n\nquestion: "Who was  Albert Einstein and what is he best known for?"\nanswer: "He was a German-born theoretical physicist, widely acknowledged to be one of the greatest and most influential physicists of all time. He was best known for developing the theory of relativity, he also made important contributions to the development of the theory of quantum mechanics."\nstatements: {"statements": ["Albert Einstein, a German-born theoretical physicist, is renowned for being one of the most influential physicists in history.", "Albert Einstein was best known for his theory of relativity.", "Einstein\'s contributions significantly advanced the field of quantum mechanics", "Recognized globally, Einstein\'s work has profoundly impacted the scientific community", "Einstein\'s groundbreaking theories continue to shape our understanding of physics today."]}\n\nquestion: "Cadmium Chloride is slightly soluble in this chemical, it is also called what?"\nanswer: "alcohol"\nstatements: {"statements": ["Cadmium Chloride is slightly soluble in alcohol."]}\n\nquestion: "Were Hitler and Benito Mussolini of the same nationality?"\nanswer: "Sorry, I can\'t provide answer to that question."\nstatements: {"statements": []}\n\nquestion: What star of Parks and Recreation appeared in November?\nanswer: \nstatements: \n'}]

RAW RESPONSE:
{
  "statements": [
       "A star of Parks and Recreation appeared in November, but the specific star is not identified."
   ]
}
==================================================
=== SYNC GENERATE ===
PROMPT:
[{'role': 'user', 'content': 'Natural language inference. Use only \'Yes\' (1), \'No\' (0) and \'Null\' (-1) as verdict.\nOutput in only valid JSON format.\n\ncontext: "John is a student at XYZ University. He is pursuing a degree in Computer Science. He is enrolled in several courses this semester, including Data Structures, Algorithms, and Database Management. John is a diligent student and spends a significant amount of time studying and completing assignments. He often stays late in the library to work on his projects."\nstatements: "\\n            statement_1: John is majoring in Biology.\\n            statement_2: John is taking a course on Artificial Intelligence.\\n            statement_3: John is a dedicated student.\\n            statement_4: John has a part-time job.\\n            "\nanswer: [{"statement_1": "John is majoring in Biology.", "reason": "John\'s major is explicitly mentioned as Computer Science. There is no information suggesting he is majoring in Biology.", "verdict": "0"}, {"statement_2": "John is taking a course on Artificial Intelligence.", "reason": "The context mentions the courses John is currently enrolled in, and Artificial Intelligence is not mentioned. Therefore, it cannot be deduced that John is taking a course on AI.", "verdict": "0"}, {"statement_3": "John is a dedicated student.", "reason": "The context states that he spends a significant amount of time studying and completing assignments. Additionally, it mentions that he often stays late in the library to work on his projects, which implies dedication.", "verdict": "1"}, {"statement_4": "John has a part-time job.", "reason": "There is no information given in the context about John having a part-time job.", "verdict": "0"}]\n\ncontext: "Photosynthesis is a process used by plants, algae, and certain bacteria to convert light energy into chemical energy."\nstatements: "statement_1: Albert Einstein was a genius."\nanswer: {"statement_1": "Albert Einstein was a genius.", "reason": "The context and statement are unrelated", "verdict": "0"}\n\ncontext: "Albert Einstein was a German-born theoretical physicist who is widely held to be one of the greatest and most influential scientists of all time."\nstatements: "statement_1: Nil"\nanswer: {"statement_1": "Nil", "reason": "The statement is invalid", "verdict": "-1"}\n\ncontext: \nstatements: statement_1: A star of Parks and Recreation appeared in November, but the specific star is not identified.\nanswer: \n'}]

RAW RESPONSE:
{
  "statement_1": "A star of Parks and Recreation appeared in November, but the specific star is not identified.",
   "reason": "There is no context provided to evaluate the statement.",
   "verdict": "-1"
}
==================================================
=== SYNC GENERATE ===
PROMPT:
[{'role': 'user', 'content': 'Create one or more statements from each sentence in the given answer.\nOutput in only valid JSON format.\n\nquestion: "Who was  Albert Einstein and what is he best known for?"\nanswer: "He was a German-born theoretical physicist, widely acknowledged to be one of the greatest and most influential physicists of all time. He was best known for developing the theory of relativity, he also made important contributions to the development of the theory of quantum mechanics."\nstatements: {"statements": ["Albert Einstein, a German-born theoretical physicist, is renowned for being one of the most influential physicists in history.", "Albert Einstein was best known for his theory of relativity.", "Einstein\'s contributions significantly advanced the field of quantum mechanics", "Recognized globally, Einstein\'s work has profoundly impacted the scientific community", "Einstein\'s groundbreaking theories continue to shape our understanding of physics today."]}\n\nquestion: "Cadmium Chloride is slightly soluble in this chemical, it is also called what?"\nanswer: "alcohol"\nstatements: {"statements": ["Cadmium Chloride is slightly soluble in alcohol."]}\n\nquestion: "Were Hitler and Benito Mussolini of the same nationality?"\nanswer: "Sorry, I can\'t provide answer to that question."\nstatements: {"statements": []}\n\nquestion: Which genus of flowering plant is found in an environment further south, Crocosmia or Cimicifuga?\nanswer: \nstatements: \n'}]

RAW RESPONSE:
{
  "statements": [
       "Crocosmia is a genus of flowering plant found in an environment further south than Cimicifuga."
   ]
}
==================================================
=== SYNC GENERATE ===
PROMPT:
[{'role': 'user', 'content': 'Natural language inference. Use only \'Yes\' (1), \'No\' (0) and \'Null\' (-1) as verdict.\nOutput in only valid JSON format.\n\ncontext: "John is a student at XYZ University. He is pursuing a degree in Computer Science. He is enrolled in several courses this semester, including Data Structures, Algorithms, and Database Management. John is a diligent student and spends a significant amount of time studying and completing assignments. He often stays late in the library to work on his projects."\nstatements: "\\n            statement_1: John is majoring in Biology.\\n            statement_2: John is taking a course on Artificial Intelligence.\\n            statement_3: John is a dedicated student.\\n            statement_4: John has a part-time job.\\n            "\nanswer: [{"statement_1": "John is majoring in Biology.", "reason": "John\'s major is explicitly mentioned as Computer Science. There is no information suggesting he is majoring in Biology.", "verdict": "0"}, {"statement_2": "John is taking a course on Artificial Intelligence.", "reason": "The context mentions the courses John is currently enrolled in, and Artificial Intelligence is not mentioned. Therefore, it cannot be deduced that John is taking a course on AI.", "verdict": "0"}, {"statement_3": "John is a dedicated student.", "reason": "The context states that he spends a significant amount of time studying and completing assignments. Additionally, it mentions that he often stays late in the library to work on his projects, which implies dedication.", "verdict": "1"}, {"statement_4": "John has a part-time job.", "reason": "There is no information given in the context about John having a part-time job.", "verdict": "0"}]\n\ncontext: "Photosynthesis is a process used by plants, algae, and certain bacteria to convert light energy into chemical energy."\nstatements: "statement_1: Albert Einstein was a genius."\nanswer: {"statement_1": "Albert Einstein was a genius.", "reason": "The context and statement are unrelated", "verdict": "0"}\n\ncontext: "Albert Einstein was a German-born theoretical physicist who is widely held to be one of the greatest and most influential scientists of all time."\nstatements: "statement_1: Nil"\nanswer: {"statement_1": "Nil", "reason": "The statement is invalid", "verdict": "-1"}\n\ncontext: \nstatements: statement_1: Crocosmia is a genus of flowering plant found in an environment further south than Cimicifuga.\nanswer: \n'}]

RAW RESPONSE:
{
  "statement_1": "Crocosmia is a genus of flowering plant found in an environment further south than Cimicifuga.",
   "reason": "There is no context provided to evaluate the statement.",
   "verdict": "-1"
}
==================================================
=== SYNC GENERATE ===
PROMPT:
[{'role': 'user', 'content': 'Create one or more statements from each sentence in the given answer.\nOutput in only valid JSON format.\n\nquestion: "Who was  Albert Einstein and what is he best known for?"\nanswer: "He was a German-born theoretical physicist, widely acknowledged to be one of the greatest and most influential physicists of all time. He was best known for developing the theory of relativity, he also made important contributions to the development of the theory of quantum mechanics."\nstatements: {"statements": ["Albert Einstein, a German-born theoretical physicist, is renowned for being one of the most influential physicists in history.", "Albert Einstein was best known for his theory of relativity.", "Einstein\'s contributions significantly advanced the field of quantum mechanics", "Recognized globally, Einstein\'s work has profoundly impacted the scientific community", "Einstein\'s groundbreaking theories continue to shape our understanding of physics today."]}\n\nquestion: "Cadmium Chloride is slightly soluble in this chemical, it is also called what?"\nanswer: "alcohol"\nstatements: {"statements": ["Cadmium Chloride is slightly soluble in alcohol."]}\n\nquestion: "Were Hitler and Benito Mussolini of the same nationality?"\nanswer: "Sorry, I can\'t provide answer to that question."\nstatements: {"statements": []}\n\nquestion: In what year did the man who shot the Chris Stockley, of The Dingoes, die?\nanswer: \nstatements: \n'}]

RAW RESPONSE:
{
  "statements": [
       "There is no information available about the man who shot Chris Stockley of The Dingoes.",
       "The year of death for the person who shot Chris Stockley is unknown."
   ]
}
==================================================
=== SYNC GENERATE ===
PROMPT:
[{'role': 'user', 'content': 'Natural language inference. Use only \'Yes\' (1), \'No\' (0) and \'Null\' (-1) as verdict.\nOutput in only valid JSON format.\n\ncontext: "John is a student at XYZ University. He is pursuing a degree in Computer Science. He is enrolled in several courses this semester, including Data Structures, Algorithms, and Database Management. John is a diligent student and spends a significant amount of time studying and completing assignments. He often stays late in the library to work on his projects."\nstatements: "\\n            statement_1: John is majoring in Biology.\\n            statement_2: John is taking a course on Artificial Intelligence.\\n            statement_3: John is a dedicated student.\\n            statement_4: John has a part-time job.\\n            "\nanswer: [{"statement_1": "John is majoring in Biology.", "reason": "John\'s major is explicitly mentioned as Computer Science. There is no information suggesting he is majoring in Biology.", "verdict": "0"}, {"statement_2": "John is taking a course on Artificial Intelligence.", "reason": "The context mentions the courses John is currently enrolled in, and Artificial Intelligence is not mentioned. Therefore, it cannot be deduced that John is taking a course on AI.", "verdict": "0"}, {"statement_3": "John is a dedicated student.", "reason": "The context states that he spends a significant amount of time studying and completing assignments. Additionally, it mentions that he often stays late in the library to work on his projects, which implies dedication.", "verdict": "1"}, {"statement_4": "John has a part-time job.", "reason": "There is no information given in the context about John having a part-time job.", "verdict": "0"}]\n\ncontext: "Photosynthesis is a process used by plants, algae, and certain bacteria to convert light energy into chemical energy."\nstatements: "statement_1: Albert Einstein was a genius."\nanswer: {"statement_1": "Albert Einstein was a genius.", "reason": "The context and statement are unrelated", "verdict": "0"}\n\ncontext: "Albert Einstein was a German-born theoretical physicist who is widely held to be one of the greatest and most influential scientists of all time."\nstatements: "statement_1: Nil"\nanswer: {"statement_1": "Nil", "reason": "The statement is invalid", "verdict": "-1"}\n\ncontext: \nstatements: statement_1: There is no information available about the man who shot Chris Stockley of The Dingoes.\nstatement_2: The year of death for the person who shot Chris Stockley is unknown.\nanswer: \n'}]

RAW RESPONSE:
{
  "statement_1": "There is no information available about the man who shot Chris Stockley of The Dingoes.",
   "reason": "The context is empty, so there is no information to confirm or deny the statement.",
   "verdict": "-1"
}
==================================================
=== SYNC GENERATE ===
PROMPT:
[{'role': 'user', 'content': 'Create one or more statements from each sentence in the given answer.\nOutput in only valid JSON format.\n\nquestion: "Who was  Albert Einstein and what is he best known for?"\nanswer: "He was a German-born theoretical physicist, widely acknowledged to be one of the greatest and most influential physicists of all time. He was best known for developing the theory of relativity, he also made important contributions to the development of the theory of quantum mechanics."\nstatements: {"statements": ["Albert Einstein, a German-born theoretical physicist, is renowned for being one of the most influential physicists in history.", "Albert Einstein was best known for his theory of relativity.", "Einstein\'s contributions significantly advanced the field of quantum mechanics", "Recognized globally, Einstein\'s work has profoundly impacted the scientific community", "Einstein\'s groundbreaking theories continue to shape our understanding of physics today."]}\n\nquestion: "Cadmium Chloride is slightly soluble in this chemical, it is also called what?"\nanswer: "alcohol"\nstatements: {"statements": ["Cadmium Chloride is slightly soluble in alcohol."]}\n\nquestion: "Were Hitler and Benito Mussolini of the same nationality?"\nanswer: "Sorry, I can\'t provide answer to that question."\nstatements: {"statements": []}\n\nquestion: Are both American bands The Four Seasons and Local H popular around the Beatles were around?\nanswer: \nstatements: \n'}]

RAW RESPONSE:
{
  "statements": [
       "The Four Seasons and Local H are American bands.",
       "The Four Seasons and Local H gained popularity during a different time period than The Beatles.",
       "The Beatles were a highly influential band during their active years.",
       "The Four Seasons and Local H have their own unique fan base and popularity."
   ]
}
==================================================
=== SYNC GENERATE ===
PROMPT:
[{'role': 'user', 'content': 'Natural language inference. Use only \'Yes\' (1), \'No\' (0) and \'Null\' (-1) as verdict.\nOutput in only valid JSON format.\n\ncontext: "John is a student at XYZ University. He is pursuing a degree in Computer Science. He is enrolled in several courses this semester, including Data Structures, Algorithms, and Database Management. John is a diligent student and spends a significant amount of time studying and completing assignments. He often stays late in the library to work on his projects."\nstatements: "\\n            statement_1: John is majoring in Biology.\\n            statement_2: John is taking a course on Artificial Intelligence.\\n            statement_3: John is a dedicated student.\\n            statement_4: John has a part-time job.\\n            "\nanswer: [{"statement_1": "John is majoring in Biology.", "reason": "John\'s major is explicitly mentioned as Computer Science. There is no information suggesting he is majoring in Biology.", "verdict": "0"}, {"statement_2": "John is taking a course on Artificial Intelligence.", "reason": "The context mentions the courses John is currently enrolled in, and Artificial Intelligence is not mentioned. Therefore, it cannot be deduced that John is taking a course on AI.", "verdict": "0"}, {"statement_3": "John is a dedicated student.", "reason": "The context states that he spends a significant amount of time studying and completing assignments. Additionally, it mentions that he often stays late in the library to work on his projects, which implies dedication.", "verdict": "1"}, {"statement_4": "John has a part-time job.", "reason": "There is no information given in the context about John having a part-time job.", "verdict": "0"}]\n\ncontext: "Photosynthesis is a process used by plants, algae, and certain bacteria to convert light energy into chemical energy."\nstatements: "statement_1: Albert Einstein was a genius."\nanswer: {"statement_1": "Albert Einstein was a genius.", "reason": "The context and statement are unrelated", "verdict": "0"}\n\ncontext: "Albert Einstein was a German-born theoretical physicist who is widely held to be one of the greatest and most influential scientists of all time."\nstatements: "statement_1: Nil"\nanswer: {"statement_1": "Nil", "reason": "The statement is invalid", "verdict": "-1"}\n\ncontext: \nstatements: statement_1: The Four Seasons and Local H are American bands.\nstatement_2: The Four Seasons and Local H gained popularity during a different time period than The Beatles.\nstatement_3: The Beatles were a highly influential band during their active years.\nstatement_4: The Four Seasons and Local H have their own unique fan base and popularity.\nanswer: \n'}]

RAW RESPONSE:
[
{
  "statement_1": "The Four Seasons and Local H are American bands.",
   "reason": "There is no context provided to confirm or deny this statement.",
   "verdict": "0"
},
{
   "statement_2": "The Four Seasons and Local H gained popularity during a different time period than The Beatles.",
   "reason": "There is no context provided to confirm or deny this statement.",
   "verdict": "0"
},
{
   "statement_3": "The Beatles were a highly influential band during their active years.",
   "reason": "There is no context provided to confirm or deny this statement.",
   "verdict": "0"
},
{
   "statement_4": "The Four Seasons and Local H have their own unique fan base and popularity.",
   "reason": "There is no context provided to confirm or deny this statement.",
   "verdict": "0"
}
]
==================================================
=== SYNC GENERATE ===
PROMPT:
[{'role': 'user', 'content': 'Create one or more statements from each sentence in the given answer.\nOutput in only valid JSON format.\n\nquestion: "Who was  Albert Einstein and what is he best known for?"\nanswer: "He was a German-born theoretical physicist, widely acknowledged to be one of the greatest and most influential physicists of all time. He was best known for developing the theory of relativity, he also made important contributions to the development of the theory of quantum mechanics."\nstatements: {"statements": ["Albert Einstein, a German-born theoretical physicist, is renowned for being one of the most influential physicists in history.", "Albert Einstein was best known for his theory of relativity.", "Einstein\'s contributions significantly advanced the field of quantum mechanics", "Recognized globally, Einstein\'s work has profoundly impacted the scientific community", "Einstein\'s groundbreaking theories continue to shape our understanding of physics today."]}\n\nquestion: "Cadmium Chloride is slightly soluble in this chemical, it is also called what?"\nanswer: "alcohol"\nstatements: {"statements": ["Cadmium Chloride is slightly soluble in alcohol."]}\n\nquestion: "Were Hitler and Benito Mussolini of the same nationality?"\nanswer: "Sorry, I can\'t provide answer to that question."\nstatements: {"statements": []}\n\nquestion: The king deposed in the Glorious Revolution of 1688 was supported by the grandson of what Viscount Barnewall?\nanswer: \nstatements: \n'}]

RAW RESPONSE:
{
  "statements": [
       "The king deposed in the Glorious Revolution of 1688 received support from the grandson of Viscount Barnewall."
   ]
}
==================================================
=== SYNC GENERATE ===
PROMPT:
[{'role': 'user', 'content': 'Natural language inference. Use only \'Yes\' (1), \'No\' (0) and \'Null\' (-1) as verdict.\nOutput in only valid JSON format.\n\ncontext: "John is a student at XYZ University. He is pursuing a degree in Computer Science. He is enrolled in several courses this semester, including Data Structures, Algorithms, and Database Management. John is a diligent student and spends a significant amount of time studying and completing assignments. He often stays late in the library to work on his projects."\nstatements: "\\n            statement_1: John is majoring in Biology.\\n            statement_2: John is taking a course on Artificial Intelligence.\\n            statement_3: John is a dedicated student.\\n            statement_4: John has a part-time job.\\n            "\nanswer: [{"statement_1": "John is majoring in Biology.", "reason": "John\'s major is explicitly mentioned as Computer Science. There is no information suggesting he is majoring in Biology.", "verdict": "0"}, {"statement_2": "John is taking a course on Artificial Intelligence.", "reason": "The context mentions the courses John is currently enrolled in, and Artificial Intelligence is not mentioned. Therefore, it cannot be deduced that John is taking a course on AI.", "verdict": "0"}, {"statement_3": "John is a dedicated student.", "reason": "The context states that he spends a significant amount of time studying and completing assignments. Additionally, it mentions that he often stays late in the library to work on his projects, which implies dedication.", "verdict": "1"}, {"statement_4": "John has a part-time job.", "reason": "There is no information given in the context about John having a part-time job.", "verdict": "0"}]\n\ncontext: "Photosynthesis is a process used by plants, algae, and certain bacteria to convert light energy into chemical energy."\nstatements: "statement_1: Albert Einstein was a genius."\nanswer: {"statement_1": "Albert Einstein was a genius.", "reason": "The context and statement are unrelated", "verdict": "0"}\n\ncontext: "Albert Einstein was a German-born theoretical physicist who is widely held to be one of the greatest and most influential scientists of all time."\nstatements: "statement_1: Nil"\nanswer: {"statement_1": "Nil", "reason": "The statement is invalid", "verdict": "-1"}\n\ncontext: \nstatements: statement_1: The king deposed in the Glorious Revolution of 1688 received support from the grandson of Viscount Barnewall.\nanswer: \n'}]

RAW RESPONSE:
{
  "statement_1": "The king deposed in the Glorious Revolution of 1688 received support from the grandson of Viscount Barnewall.",
   "reason": "There is no context provided to evaluate the statement.",
   "verdict": "-1"
}
==================================================
=== SYNC GENERATE ===
PROMPT:
[{'role': 'user', 'content': 'Create one or more statements from each sentence in the given answer.\nOutput in only valid JSON format.\n\nquestion: "Who was  Albert Einstein and what is he best known for?"\nanswer: "He was a German-born theoretical physicist, widely acknowledged to be one of the greatest and most influential physicists of all time. He was best known for developing the theory of relativity, he also made important contributions to the development of the theory of quantum mechanics."\nstatements: {"statements": ["Albert Einstein, a German-born theoretical physicist, is renowned for being one of the most influential physicists in history.", "Albert Einstein was best known for his theory of relativity.", "Einstein\'s contributions significantly advanced the field of quantum mechanics", "Recognized globally, Einstein\'s work has profoundly impacted the scientific community", "Einstein\'s groundbreaking theories continue to shape our understanding of physics today."]}\n\nquestion: "Cadmium Chloride is slightly soluble in this chemical, it is also called what?"\nanswer: "alcohol"\nstatements: {"statements": ["Cadmium Chloride is slightly soluble in alcohol."]}\n\nquestion: "Were Hitler and Benito Mussolini of the same nationality?"\nanswer: "Sorry, I can\'t provide answer to that question."\nstatements: {"statements": []}\n\nquestion:  No. 3 Elementary Flying Training School RAAF operated at an Airport during World War 2 that is closest to Which city center in Australia?\nanswer: \nstatements: \n'}]

RAW RESPONSE:
{
  "statements": [
       "No. 3 Elementary Flying Training School RAAF was located at an airport near a major city in Australia during World War 2."
   ]
}
==================================================
=== SYNC GENERATE ===
PROMPT:
[{'role': 'user', 'content': 'Natural language inference. Use only \'Yes\' (1), \'No\' (0) and \'Null\' (-1) as verdict.\nOutput in only valid JSON format.\n\ncontext: "John is a student at XYZ University. He is pursuing a degree in Computer Science. He is enrolled in several courses this semester, including Data Structures, Algorithms, and Database Management. John is a diligent student and spends a significant amount of time studying and completing assignments. He often stays late in the library to work on his projects."\nstatements: "\\n            statement_1: John is majoring in Biology.\\n            statement_2: John is taking a course on Artificial Intelligence.\\n            statement_3: John is a dedicated student.\\n            statement_4: John has a part-time job.\\n            "\nanswer: [{"statement_1": "John is majoring in Biology.", "reason": "John\'s major is explicitly mentioned as Computer Science. There is no information suggesting he is majoring in Biology.", "verdict": "0"}, {"statement_2": "John is taking a course on Artificial Intelligence.", "reason": "The context mentions the courses John is currently enrolled in, and Artificial Intelligence is not mentioned. Therefore, it cannot be deduced that John is taking a course on AI.", "verdict": "0"}, {"statement_3": "John is a dedicated student.", "reason": "The context states that he spends a significant amount of time studying and completing assignments. Additionally, it mentions that he often stays late in the library to work on his projects, which implies dedication.", "verdict": "1"}, {"statement_4": "John has a part-time job.", "reason": "There is no information given in the context about John having a part-time job.", "verdict": "0"}]\n\ncontext: "Photosynthesis is a process used by plants, algae, and certain bacteria to convert light energy into chemical energy."\nstatements: "statement_1: Albert Einstein was a genius."\nanswer: {"statement_1": "Albert Einstein was a genius.", "reason": "The context and statement are unrelated", "verdict": "0"}\n\ncontext: "Albert Einstein was a German-born theoretical physicist who is widely held to be one of the greatest and most influential scientists of all time."\nstatements: "statement_1: Nil"\nanswer: {"statement_1": "Nil", "reason": "The statement is invalid", "verdict": "-1"}\n\ncontext: \nstatements: statement_1: No. 3 Elementary Flying Training School RAAF was located at an airport near a major city in Australia during World War 2.\nanswer: \n'}]

RAW RESPONSE:
{
  "statement_1": "No. 3 Elementary Flying Training School RAAF was located at an airport near a major city in Australia during World War 2.",
   "reason": "There is no context provided to verify or refute the statement.",
   "verdict": "-1"
}
==================================================
=== SYNC GENERATE ===
PROMPT:
[{'role': 'user', 'content': 'Create one or more statements from each sentence in the given answer.\nOutput in only valid JSON format.\n\nquestion: "Who was  Albert Einstein and what is he best known for?"\nanswer: "He was a German-born theoretical physicist, widely acknowledged to be one of the greatest and most influential physicists of all time. He was best known for developing the theory of relativity, he also made important contributions to the development of the theory of quantum mechanics."\nstatements: {"statements": ["Albert Einstein, a German-born theoretical physicist, is renowned for being one of the most influential physicists in history.", "Albert Einstein was best known for his theory of relativity.", "Einstein\'s contributions significantly advanced the field of quantum mechanics", "Recognized globally, Einstein\'s work has profoundly impacted the scientific community", "Einstein\'s groundbreaking theories continue to shape our understanding of physics today."]}\n\nquestion: "Cadmium Chloride is slightly soluble in this chemical, it is also called what?"\nanswer: "alcohol"\nstatements: {"statements": ["Cadmium Chloride is slightly soluble in alcohol."]}\n\nquestion: "Were Hitler and Benito Mussolini of the same nationality?"\nanswer: "Sorry, I can\'t provide answer to that question."\nstatements: {"statements": []}\n\nquestion: Where are Catcha Lake and Hedley Mascot Mine located?\nanswer: \nstatements: \n'}]

RAW RESPONSE:
{
  "statements": [
       "Catcha Lake is located in Canada.",
       "Hedley Mascot Mine is located in Canada."
   ]
}
==================================================
=== SYNC GENERATE ===
PROMPT:
[{'role': 'user', 'content': 'Natural language inference. Use only \'Yes\' (1), \'No\' (0) and \'Null\' (-1) as verdict.\nOutput in only valid JSON format.\n\ncontext: "John is a student at XYZ University. He is pursuing a degree in Computer Science. He is enrolled in several courses this semester, including Data Structures, Algorithms, and Database Management. John is a diligent student and spends a significant amount of time studying and completing assignments. He often stays late in the library to work on his projects."\nstatements: "\\n            statement_1: John is majoring in Biology.\\n            statement_2: John is taking a course on Artificial Intelligence.\\n            statement_3: John is a dedicated student.\\n            statement_4: John has a part-time job.\\n            "\nanswer: [{"statement_1": "John is majoring in Biology.", "reason": "John\'s major is explicitly mentioned as Computer Science. There is no information suggesting he is majoring in Biology.", "verdict": "0"}, {"statement_2": "John is taking a course on Artificial Intelligence.", "reason": "The context mentions the courses John is currently enrolled in, and Artificial Intelligence is not mentioned. Therefore, it cannot be deduced that John is taking a course on AI.", "verdict": "0"}, {"statement_3": "John is a dedicated student.", "reason": "The context states that he spends a significant amount of time studying and completing assignments. Additionally, it mentions that he often stays late in the library to work on his projects, which implies dedication.", "verdict": "1"}, {"statement_4": "John has a part-time job.", "reason": "There is no information given in the context about John having a part-time job.", "verdict": "0"}]\n\ncontext: "Photosynthesis is a process used by plants, algae, and certain bacteria to convert light energy into chemical energy."\nstatements: "statement_1: Albert Einstein was a genius."\nanswer: {"statement_1": "Albert Einstein was a genius.", "reason": "The context and statement are unrelated", "verdict": "0"}\n\ncontext: "Albert Einstein was a German-born theoretical physicist who is widely held to be one of the greatest and most influential scientists of all time."\nstatements: "statement_1: Nil"\nanswer: {"statement_1": "Nil", "reason": "The statement is invalid", "verdict": "-1"}\n\ncontext: \nstatements: statement_1: Catcha Lake is located in Canada.\nstatement_2: Hedley Mascot Mine is located in Canada.\nanswer: \n'}]

RAW RESPONSE:
{
  "statement_1": "Catcha Lake is located in Canada.",
   "reason": "There is no information provided in the context to verify the location of Catcha Lake.",
   "verdict": "-1"
}
==================================================
=== SYNC GENERATE ===
PROMPT:
[{'role': 'user', 'content': 'Create one or more statements from each sentence in the given answer.\nOutput in only valid JSON format.\n\nquestion: "Who was  Albert Einstein and what is he best known for?"\nanswer: "He was a German-born theoretical physicist, widely acknowledged to be one of the greatest and most influential physicists of all time. He was best known for developing the theory of relativity, he also made important contributions to the development of the theory of quantum mechanics."\nstatements: {"statements": ["Albert Einstein, a German-born theoretical physicist, is renowned for being one of the most influential physicists in history.", "Albert Einstein was best known for his theory of relativity.", "Einstein\'s contributions significantly advanced the field of quantum mechanics", "Recognized globally, Einstein\'s work has profoundly impacted the scientific community", "Einstein\'s groundbreaking theories continue to shape our understanding of physics today."]}\n\nquestion: "Cadmium Chloride is slightly soluble in this chemical, it is also called what?"\nanswer: "alcohol"\nstatements: {"statements": ["Cadmium Chloride is slightly soluble in alcohol."]}\n\nquestion: "Were Hitler and Benito Mussolini of the same nationality?"\nanswer: "Sorry, I can\'t provide answer to that question."\nstatements: {"statements": []}\n\nquestion: Who has lived longer in the USA, Ulli Lommel or Benjamin Stoloff?\nanswer: \nstatements: \n'}]

RAW RESPONSE:
{
  "statements": [
       "Ulli Lommel has lived longer in the USA than Benjamin Stoloff.",
       "Benjamin Stoloff passed away before Ulli Lommel.",
       "Ulli Lommel outlived Benjamin Stoloff in the United States."
   ]
}
==================================================
=== SYNC GENERATE ===
PROMPT:
[{'role': 'user', 'content': 'Natural language inference. Use only \'Yes\' (1), \'No\' (0) and \'Null\' (-1) as verdict.\nOutput in only valid JSON format.\n\ncontext: "John is a student at XYZ University. He is pursuing a degree in Computer Science. He is enrolled in several courses this semester, including Data Structures, Algorithms, and Database Management. John is a diligent student and spends a significant amount of time studying and completing assignments. He often stays late in the library to work on his projects."\nstatements: "\\n            statement_1: John is majoring in Biology.\\n            statement_2: John is taking a course on Artificial Intelligence.\\n            statement_3: John is a dedicated student.\\n            statement_4: John has a part-time job.\\n            "\nanswer: [{"statement_1": "John is majoring in Biology.", "reason": "John\'s major is explicitly mentioned as Computer Science. There is no information suggesting he is majoring in Biology.", "verdict": "0"}, {"statement_2": "John is taking a course on Artificial Intelligence.", "reason": "The context mentions the courses John is currently enrolled in, and Artificial Intelligence is not mentioned. Therefore, it cannot be deduced that John is taking a course on AI.", "verdict": "0"}, {"statement_3": "John is a dedicated student.", "reason": "The context states that he spends a significant amount of time studying and completing assignments. Additionally, it mentions that he often stays late in the library to work on his projects, which implies dedication.", "verdict": "1"}, {"statement_4": "John has a part-time job.", "reason": "There is no information given in the context about John having a part-time job.", "verdict": "0"}]\n\ncontext: "Photosynthesis is a process used by plants, algae, and certain bacteria to convert light energy into chemical energy."\nstatements: "statement_1: Albert Einstein was a genius."\nanswer: {"statement_1": "Albert Einstein was a genius.", "reason": "The context and statement are unrelated", "verdict": "0"}\n\ncontext: "Albert Einstein was a German-born theoretical physicist who is widely held to be one of the greatest and most influential scientists of all time."\nstatements: "statement_1: Nil"\nanswer: {"statement_1": "Nil", "reason": "The statement is invalid", "verdict": "-1"}\n\ncontext: \nstatements: statement_1: Ulli Lommel has lived longer in the USA than Benjamin Stoloff.\nstatement_2: Benjamin Stoloff passed away before Ulli Lommel.\nstatement_3: Ulli Lommel outlived Benjamin Stoloff in the United States.\nanswer: \n'}]

RAW RESPONSE:
[
{
  "statement_1": "Ulli Lommel has lived longer in the USA than Benjamin Stoloff.",
   "reason": "There is no information provided to compare the duration of their stay in the USA.",
   "verdict": "-1"
},
{
   "statement_2": "Benjamin Stoloff passed away before Ulli Lommel.",
   "reason": "There is no information provided about the lifespan or death of either individual.",
   "verdict": "-1"
},
{
   "statement_3": "Ulli Lommel outlived Benjamin Stoloff in the United States.",
   "reason": "There is no information provided to compare their lifespans or determine who outlived whom in the United States.",
   "verdict": "-1"
}
]
==================================================
=== SYNC GENERATE ===
PROMPT:
[{'role': 'user', 'content': 'Given question, answer and context verify if the context was useful in arriving at the given answer. Give verdict as "1" if useful and "0" if not with json output. \nOutput in only valid JSON format.\n\nquestion: "What can you tell me about albert Albert Einstein?"\ncontext: "Albert Einstein (14 March 1879 – 18 April 1955) was a German-born theoretical physicist, widely held to be one of the greatest and most influential scientists of all time. Best known for developing the theory of relativity, he also made important contributions to quantum mechanics, and was thus a central figure in the revolutionary reshaping of the scientific understanding of nature that modern physics accomplished in the first decades of the twentieth century. His mass–energy equivalence formula E = mc2, which arises from relativity theory, has been called \\"the world\'s most famous equation\\". He received the 1921 Nobel Prize in Physics \\"for his services to theoretical physics, and especially for his discovery of the law of the photoelectric effect\\", a pivotal step in the development of quantum theory. His work is also known for its influence on the philosophy of science. In a 1999 poll of 130 leading physicists worldwide by the British journal Physics World, Einstein was ranked the greatest physicist of all time. His intellectual achievements and originality have made Einstein synonymous with genius."\nanswer: "Albert Einstein born in 14 March 1879 was German-born theoretical physicist, widely held to be one of the greatest and most influential scientists of all time. He received the 1921 Nobel Prize in Physics for his services to theoretical physics. He published 4 papers in 1905. Einstein moved to Switzerland in 1895"\nverification: {"reason": "The provided context was indeed useful in arriving at the given answer. The context includes key information about Albert Einstein\'s life and contributions, which are reflected in the answer.", "verdict": "1"}\n\nquestion: "who won 2020 icc world cup?"\ncontext: "The 2022 ICC Men\'s T20 World Cup, held from October 16 to November 13, 2022, in Australia, was the eighth edition of the tournament. Originally scheduled for 2020, it was postponed due to the COVID-19 pandemic. England emerged victorious, defeating Pakistan by five wickets in the final to clinch their second ICC Men\'s T20 World Cup title."\nanswer: "England"\nverification: {"reason": "the context was useful in clarifying the situation regarding the 2020 ICC World Cup and indicating that England was the winner of the tournament that was intended to be held in 2020 but actually took place in 2022.", "verdict": "1"}\n\nquestion: "What is the tallest mountain in the world?"\ncontext: "The Andes is the longest continental mountain range in the world, located in South America. It stretches across seven countries and features many of the highest peaks in the Western Hemisphere. The range is known for its diverse ecosystems, including the high-altitude Andean Plateau and the Amazon rainforest."\nanswer: "Mount Everest."\nverification: {"reason": "the provided context discusses the Andes mountain range, which, while impressive, does not include Mount Everest or directly relate to the question about the world\'s tallest mountain.", "verdict": "0"}\n\nquestion: In what school district is Governor John R. Rogers High School, named after John Rankin Rogers, located?\ncontext: Governor John R. Rogers High School is a high school in the Puyallup School District of Washington, United States. Commonly referred to as "Rogers" or "RHS," the high school is named after former Washington State governor John Rankin Rogers. It was first opened in 1968.\nanswer: Governor John R. Rogers High School, named after John Rankin Rogers, is located in the Puyallup School District of Washington, United States.\nverification: \n'}]

RAW RESPONSE:
{
  "reason": "The provided context directly answers the question by stating that Governor John R. Rogers High School is located in the Puyallup School District of Washington, United States.",
   "verdict": "1"
}
==================================================
=== SYNC GENERATE ===
PROMPT:
[{'role': 'user', 'content': 'Generate a question for the given answer and Identify if answer is noncommittal. Give noncommittal as 1 if the answer is noncommittal and 0 if the answer is committal. A noncommittal answer is one that is evasive, vague, or ambiguous. For example, "I don\'t know" or "I\'m not sure" are noncommittal answers.\nOutput in only valid JSON format.\n\nanswer: "Albert Einstein was born in Germany."\ncontext: "Albert Einstein was a German-born theoretical physicist who is widely held to be one of the greatest and most influential scientists of all time"\noutput: {"question": "Where was Albert Einstein born?", "noncommittal": 0}\n\nanswer: "It can change its skin color based on the temperature of its environment."\ncontext: "A recent scientific study has discovered a new species of frog in the Amazon rainforest that has the unique ability to change its skin color based on the temperature of its environment."\noutput: {"question": "What unique ability does the newly discovered species of frog have?", "noncommittal": 0}\n\nanswer: "Everest"\ncontext: "The tallest mountain on Earth, measured from sea level, is a renowned peak located in the Himalayas."\noutput: {"question": "What is the tallest mountain on Earth?", "noncommittal": 0}\n\nanswer: "I don\'t know about the  groundbreaking feature of the smartphone invented in 2023 as am unaware of information beyond 2022. "\ncontext: "In 2023, a groundbreaking invention was announced: a smartphone with a battery life of one month, revolutionizing the way people use mobile technology."\noutput: {"question": "What was the groundbreaking feature of the smartphone invented in 2023?", "noncommittal": 1}\n\nanswer: Governor John R. Rogers High School, named after John Rankin Rogers, is located in the Puyallup School District of Washington, United States.\ncontext: Governor John R. Rogers High School is a high school in the Puyallup School District of Washington, United States. Commonly referred to as "Rogers" or "RHS," the high school is named after former Washington State governor John Rankin Rogers. It was first opened in 1968.\nGovernor John R. Rogers High School is a high school in the Puyallup School District of Washington, United States. Commonly referred to as "Rogers" or "RHS," the high school is named after former Washington State governor John Rankin Rogers. It was first opened in 1968.\nCatcha Lake is a Canadian lake located in the central part of Nova Scotia\'s Halifax Regional Municipality.\noutput: \n'}]

RAW RESPONSE:
{
  "question": "Where is Governor John R. Rogers High School located?",
   "noncommittal": 0
}
==================================================
=== SYNC GENERATE ===
PROMPT:
[{'role': 'user', 'content': 'Given question, answer and context verify if the context was useful in arriving at the given answer. Give verdict as "1" if useful and "0" if not with json output. \nOutput in only valid JSON format.\n\nquestion: "What can you tell me about albert Albert Einstein?"\ncontext: "Albert Einstein (14 March 1879 – 18 April 1955) was a German-born theoretical physicist, widely held to be one of the greatest and most influential scientists of all time. Best known for developing the theory of relativity, he also made important contributions to quantum mechanics, and was thus a central figure in the revolutionary reshaping of the scientific understanding of nature that modern physics accomplished in the first decades of the twentieth century. His mass–energy equivalence formula E = mc2, which arises from relativity theory, has been called \\"the world\'s most famous equation\\". He received the 1921 Nobel Prize in Physics \\"for his services to theoretical physics, and especially for his discovery of the law of the photoelectric effect\\", a pivotal step in the development of quantum theory. His work is also known for its influence on the philosophy of science. In a 1999 poll of 130 leading physicists worldwide by the British journal Physics World, Einstein was ranked the greatest physicist of all time. His intellectual achievements and originality have made Einstein synonymous with genius."\nanswer: "Albert Einstein born in 14 March 1879 was German-born theoretical physicist, widely held to be one of the greatest and most influential scientists of all time. He received the 1921 Nobel Prize in Physics for his services to theoretical physics. He published 4 papers in 1905. Einstein moved to Switzerland in 1895"\nverification: {"reason": "The provided context was indeed useful in arriving at the given answer. The context includes key information about Albert Einstein\'s life and contributions, which are reflected in the answer.", "verdict": "1"}\n\nquestion: "who won 2020 icc world cup?"\ncontext: "The 2022 ICC Men\'s T20 World Cup, held from October 16 to November 13, 2022, in Australia, was the eighth edition of the tournament. Originally scheduled for 2020, it was postponed due to the COVID-19 pandemic. England emerged victorious, defeating Pakistan by five wickets in the final to clinch their second ICC Men\'s T20 World Cup title."\nanswer: "England"\nverification: {"reason": "the context was useful in clarifying the situation regarding the 2020 ICC World Cup and indicating that England was the winner of the tournament that was intended to be held in 2020 but actually took place in 2022.", "verdict": "1"}\n\nquestion: "What is the tallest mountain in the world?"\ncontext: "The Andes is the longest continental mountain range in the world, located in South America. It stretches across seven countries and features many of the highest peaks in the Western Hemisphere. The range is known for its diverse ecosystems, including the high-altitude Andean Plateau and the Amazon rainforest."\nanswer: "Mount Everest."\nverification: {"reason": "the provided context discusses the Andes mountain range, which, while impressive, does not include Mount Everest or directly relate to the question about the world\'s tallest mountain.", "verdict": "0"}\n\nquestion: In what school district is Governor John R. Rogers High School, named after John Rankin Rogers, located?\ncontext: Catcha Lake is a Canadian lake located in the central part of Nova Scotia\'s Halifax Regional Municipality.\nanswer: Governor John R. Rogers High School, named after John Rankin Rogers, is located in the Puyallup School District of Washington, United States.\nverification: \n'}]

RAW RESPONSE:
{
  "reason": "The provided context does not mention Governor John R. Rogers High School, John Rankin Rogers, or the Puyallup School District, and instead discusses a Canadian lake, making it irrelevant to the question.",
   "verdict": "0"
}
==================================================
=== SYNC GENERATE ===
PROMPT:
[{'role': 'user', 'content': 'Natural language inference. Use only \'Yes\' (1), \'No\' (0) and \'Null\' (-1) as verdict.\nOutput in only valid JSON format.\n\ncontext: "John is a student at XYZ University. He is pursuing a degree in Computer Science. He is enrolled in several courses this semester, including Data Structures, Algorithms, and Database Management. John is a diligent student and spends a significant amount of time studying and completing assignments. He often stays late in the library to work on his projects."\nstatements: "\\n            statement_1: John is majoring in Biology.\\n            statement_2: John is taking a course on Artificial Intelligence.\\n            statement_3: John is a dedicated student.\\n            statement_4: John has a part-time job.\\n            "\nanswer: [{"statement_1": "John is majoring in Biology.", "reason": "John\'s major is explicitly mentioned as Computer Science. There is no information suggesting he is majoring in Biology.", "verdict": "0"}, {"statement_2": "John is taking a course on Artificial Intelligence.", "reason": "The context mentions the courses John is currently enrolled in, and Artificial Intelligence is not mentioned. Therefore, it cannot be deduced that John is taking a course on AI.", "verdict": "0"}, {"statement_3": "John is a dedicated student.", "reason": "The context states that he spends a significant amount of time studying and completing assignments. Additionally, it mentions that he often stays late in the library to work on his projects, which implies dedication.", "verdict": "1"}, {"statement_4": "John has a part-time job.", "reason": "There is no information given in the context about John having a part-time job.", "verdict": "0"}]\n\ncontext: "Photosynthesis is a process used by plants, algae, and certain bacteria to convert light energy into chemical energy."\nstatements: "statement_1: Albert Einstein was a genius."\nanswer: {"statement_1": "Albert Einstein was a genius.", "reason": "The context and statement are unrelated", "verdict": "0"}\n\ncontext: "Albert Einstein was a German-born theoretical physicist who is widely held to be one of the greatest and most influential scientists of all time."\nstatements: "statement_1: Nil"\nanswer: {"statement_1": "Nil", "reason": "The statement is invalid", "verdict": "-1"}\n\ncontext: Governor John R. Rogers High School is a high school in the Puyallup School District of Washington, United States. Commonly referred to as "Rogers" or "RHS," the high school is named after former Washington State governor John Rankin Rogers. It was first opened in 1968.\nGovernor John R. Rogers High School is a high school in the Puyallup School District of Washington, United States. Commonly referred to as "Rogers" or "RHS," the high school is named after former Washington State governor John Rankin Rogers. It was first opened in 1968.\nCatcha Lake is a Canadian lake located in the central part of Nova Scotia\'s Halifax Regional Municipality.\nstatements: statement_1: Governor John R. Rogers High School is located in the Puyallup School District.\nstatement_2: The Puyallup School District is in the state of Washington, United States.\nstatement_3: Governor John R. Rogers High School is named after John Rankin Rogers.\nanswer: \n'}]

RAW RESPONSE:
[
{
  "statement_1": "Governor John R. Rogers High School is located in the Puyallup School District.",
   "reason": "The context explicitly states that Governor John R. Rogers High School is in the Puyallup School District of Washington, United States.",
   "verdict": 1
},
{
   "statement_2": "The Puyallup School District is in the state of Washington, United States.",
   "reason": "The context mentions that Governor John R. Rogers High School is in the Puyallup School District of Washington, United States, which implies the district is also in Washington.",
   "verdict": 1
},
{
   "statement_3": "Governor John R. Rogers High School is named after John Rankin Rogers.",
   "reason": "The context clearly states that the high school is named after former Washington State governor John Rankin Rogers.",
   "verdict": 1
}
]
==================================================
=== SYNC GENERATE ===
PROMPT:
[{'role': 'user', 'content': 'Given question, answer and context verify if the context was useful in arriving at the given answer. Give verdict as "1" if useful and "0" if not with json output. \nOutput in only valid JSON format.\n\nquestion: "What can you tell me about albert Albert Einstein?"\ncontext: "Albert Einstein (14 March 1879 – 18 April 1955) was a German-born theoretical physicist, widely held to be one of the greatest and most influential scientists of all time. Best known for developing the theory of relativity, he also made important contributions to quantum mechanics, and was thus a central figure in the revolutionary reshaping of the scientific understanding of nature that modern physics accomplished in the first decades of the twentieth century. His mass–energy equivalence formula E = mc2, which arises from relativity theory, has been called \\"the world\'s most famous equation\\". He received the 1921 Nobel Prize in Physics \\"for his services to theoretical physics, and especially for his discovery of the law of the photoelectric effect\\", a pivotal step in the development of quantum theory. His work is also known for its influence on the philosophy of science. In a 1999 poll of 130 leading physicists worldwide by the British journal Physics World, Einstein was ranked the greatest physicist of all time. His intellectual achievements and originality have made Einstein synonymous with genius."\nanswer: "Albert Einstein born in 14 March 1879 was German-born theoretical physicist, widely held to be one of the greatest and most influential scientists of all time. He received the 1921 Nobel Prize in Physics for his services to theoretical physics. He published 4 papers in 1905. Einstein moved to Switzerland in 1895"\nverification: {"reason": "The provided context was indeed useful in arriving at the given answer. The context includes key information about Albert Einstein\'s life and contributions, which are reflected in the answer.", "verdict": "1"}\n\nquestion: "who won 2020 icc world cup?"\ncontext: "The 2022 ICC Men\'s T20 World Cup, held from October 16 to November 13, 2022, in Australia, was the eighth edition of the tournament. Originally scheduled for 2020, it was postponed due to the COVID-19 pandemic. England emerged victorious, defeating Pakistan by five wickets in the final to clinch their second ICC Men\'s T20 World Cup title."\nanswer: "England"\nverification: {"reason": "the context was useful in clarifying the situation regarding the 2020 ICC World Cup and indicating that England was the winner of the tournament that was intended to be held in 2020 but actually took place in 2022.", "verdict": "1"}\n\nquestion: "What is the tallest mountain in the world?"\ncontext: "The Andes is the longest continental mountain range in the world, located in South America. It stretches across seven countries and features many of the highest peaks in the Western Hemisphere. The range is known for its diverse ecosystems, including the high-altitude Andean Plateau and the Amazon rainforest."\nanswer: "Mount Everest."\nverification: {"reason": "the provided context discusses the Andes mountain range, which, while impressive, does not include Mount Everest or directly relate to the question about the world\'s tallest mountain.", "verdict": "0"}\n\nquestion: whiich Australian racing driver won the 44-lap race for the Red Bull Racing team?\ncontext: The 2014 Belgian Grand Prix (formally the 2014 Formula 1 Shell Belgian Grand Prix) was a Formula One motor race held on 24 August 2014 at the Circuit de Spa-Francorchamps in Spa, Belgium. It was the twelfth round of the 2014 Formula One season, and the 70th Belgian Grand Prix. The 44-lap race was won by Daniel Ricciardo for the Red Bull Racing team, after starting from fifth position. Nico Rosberg finished second in a Mercedes, with Valtteri Bottas third for the Williams team.\nanswer: Daniel Ricciardo won the 44-lap race for the Red Bull Racing team.\nverification: \n'}]

RAW RESPONSE:
{
  "reason": "The provided context directly answers the question by stating that Daniel Ricciardo won the 44-lap race for the Red Bull Racing team.",
   "verdict": "1"
}
==================================================
=== SYNC GENERATE ===
PROMPT:
[{'role': 'user', 'content': 'Generate a question for the given answer and Identify if answer is noncommittal. Give noncommittal as 1 if the answer is noncommittal and 0 if the answer is committal. A noncommittal answer is one that is evasive, vague, or ambiguous. For example, "I don\'t know" or "I\'m not sure" are noncommittal answers.\nOutput in only valid JSON format.\n\nanswer: "Albert Einstein was born in Germany."\ncontext: "Albert Einstein was a German-born theoretical physicist who is widely held to be one of the greatest and most influential scientists of all time"\noutput: {"question": "Where was Albert Einstein born?", "noncommittal": 0}\n\nanswer: "It can change its skin color based on the temperature of its environment."\ncontext: "A recent scientific study has discovered a new species of frog in the Amazon rainforest that has the unique ability to change its skin color based on the temperature of its environment."\noutput: {"question": "What unique ability does the newly discovered species of frog have?", "noncommittal": 0}\n\nanswer: "Everest"\ncontext: "The tallest mountain on Earth, measured from sea level, is a renowned peak located in the Himalayas."\noutput: {"question": "What is the tallest mountain on Earth?", "noncommittal": 0}\n\nanswer: "I don\'t know about the  groundbreaking feature of the smartphone invented in 2023 as am unaware of information beyond 2022. "\ncontext: "In 2023, a groundbreaking invention was announced: a smartphone with a battery life of one month, revolutionizing the way people use mobile technology."\noutput: {"question": "What was the groundbreaking feature of the smartphone invented in 2023?", "noncommittal": 1}\n\nanswer: Daniel Ricciardo won the 44-lap race for the Red Bull Racing team.\ncontext: The 2014 Belgian Grand Prix (formally the 2014 Formula 1 Shell Belgian Grand Prix) was a Formula One motor race held on 24 August 2014 at the Circuit de Spa-Francorchamps in Spa, Belgium. It was the twelfth round of the 2014 Formula One season, and the 70th Belgian Grand Prix. The 44-lap race was won by Daniel Ricciardo for the Red Bull Racing team, after starting from fifth position. Nico Rosberg finished second in a Mercedes, with Valtteri Bottas third for the Williams team.\nThe 2014 Belgian Grand Prix (formally the 2014 Formula 1 Shell Belgian Grand Prix) was a Formula One motor race held on 24 August 2014 at the Circuit de Spa-Francorchamps in Spa, Belgium. It was the twelfth round of the 2014 Formula One season, and the 70th Belgian Grand Prix. The 44-lap race was won by Daniel Ricciardo for the Red Bull Racing team, after starting from fifth position. Nico Rosberg finished second in a Mercedes, with Valtteri Bottas third for the Williams team.\nDaniel Joseph Ricciardo ( ; born 1 July 1989) is an Australian racing driver who is currently competing in Formula One for Red Bull Racing. He won the British Formula 3 Championship in 2009. After Mark Webber announced his retirement from Formula One, Ricciardo was confirmed as his replacement at Red Bull Racing for 2014. In his first season with Red Bull, Ricciardo finished third in the championship with his first three Formula One wins, in Canada, Hungary, and Belgium. Ricciardo returned to winning form after over a two-year absence when he won the 2016 Malaysian Grand Prix, eventually sealing third in the championship for the second time in three years at the 2016 Mexican Grand Prix.\noutput: \n'}]

RAW RESPONSE:
{
  "question": "Who won the 2014 Belgian Grand Prix?",
   "noncommittal": 0
}
==================================================
=== SYNC GENERATE ===
PROMPT:
[{'role': 'user', 'content': 'Create one or more statements from each sentence in the given answer.\nOutput in only valid JSON format.\n\nquestion: "Who was  Albert Einstein and what is he best known for?"\nanswer: "He was a German-born theoretical physicist, widely acknowledged to be one of the greatest and most influential physicists of all time. He was best known for developing the theory of relativity, he also made important contributions to the development of the theory of quantum mechanics."\nstatements: {"statements": ["Albert Einstein, a German-born theoretical physicist, is renowned for being one of the most influential physicists in history.", "Albert Einstein was best known for his theory of relativity.", "Einstein\'s contributions significantly advanced the field of quantum mechanics", "Recognized globally, Einstein\'s work has profoundly impacted the scientific community", "Einstein\'s groundbreaking theories continue to shape our understanding of physics today."]}\n\nquestion: "Cadmium Chloride is slightly soluble in this chemical, it is also called what?"\nanswer: "alcohol"\nstatements: {"statements": ["Cadmium Chloride is slightly soluble in alcohol."]}\n\nquestion: "Were Hitler and Benito Mussolini of the same nationality?"\nanswer: "Sorry, I can\'t provide answer to that question."\nstatements: {"statements": []}\n\nquestion: whiich Australian racing driver won the 44-lap race for the Red Bull Racing team?\nanswer: Daniel Ricciardo won the 44-lap race for the Red Bull Racing team.\nstatements: \n'}]

RAW RESPONSE:
{
  "statements": [
       "Daniel Ricciardo, an Australian racing driver, won the 44-lap race.",
       "The Red Bull Racing team was victorious in the 44-lap race with Daniel Ricciardo as the driver."
   ]
}
==================================================
=== SYNC GENERATE ===
PROMPT:
[{'role': 'user', 'content': 'Given question, answer and context verify if the context was useful in arriving at the given answer. Give verdict as "1" if useful and "0" if not with json output. \nOutput in only valid JSON format.\n\nquestion: "What can you tell me about albert Albert Einstein?"\ncontext: "Albert Einstein (14 March 1879 – 18 April 1955) was a German-born theoretical physicist, widely held to be one of the greatest and most influential scientists of all time. Best known for developing the theory of relativity, he also made important contributions to quantum mechanics, and was thus a central figure in the revolutionary reshaping of the scientific understanding of nature that modern physics accomplished in the first decades of the twentieth century. His mass–energy equivalence formula E = mc2, which arises from relativity theory, has been called \\"the world\'s most famous equation\\". He received the 1921 Nobel Prize in Physics \\"for his services to theoretical physics, and especially for his discovery of the law of the photoelectric effect\\", a pivotal step in the development of quantum theory. His work is also known for its influence on the philosophy of science. In a 1999 poll of 130 leading physicists worldwide by the British journal Physics World, Einstein was ranked the greatest physicist of all time. His intellectual achievements and originality have made Einstein synonymous with genius."\nanswer: "Albert Einstein born in 14 March 1879 was German-born theoretical physicist, widely held to be one of the greatest and most influential scientists of all time. He received the 1921 Nobel Prize in Physics for his services to theoretical physics. He published 4 papers in 1905. Einstein moved to Switzerland in 1895"\nverification: {"reason": "The provided context was indeed useful in arriving at the given answer. The context includes key information about Albert Einstein\'s life and contributions, which are reflected in the answer.", "verdict": "1"}\n\nquestion: "who won 2020 icc world cup?"\ncontext: "The 2022 ICC Men\'s T20 World Cup, held from October 16 to November 13, 2022, in Australia, was the eighth edition of the tournament. Originally scheduled for 2020, it was postponed due to the COVID-19 pandemic. England emerged victorious, defeating Pakistan by five wickets in the final to clinch their second ICC Men\'s T20 World Cup title."\nanswer: "England"\nverification: {"reason": "the context was useful in clarifying the situation regarding the 2020 ICC World Cup and indicating that England was the winner of the tournament that was intended to be held in 2020 but actually took place in 2022.", "verdict": "1"}\n\nquestion: "What is the tallest mountain in the world?"\ncontext: "The Andes is the longest continental mountain range in the world, located in South America. It stretches across seven countries and features many of the highest peaks in the Western Hemisphere. The range is known for its diverse ecosystems, including the high-altitude Andean Plateau and the Amazon rainforest."\nanswer: "Mount Everest."\nverification: {"reason": "the provided context discusses the Andes mountain range, which, while impressive, does not include Mount Everest or directly relate to the question about the world\'s tallest mountain.", "verdict": "0"}\n\nquestion: whiich Australian racing driver won the 44-lap race for the Red Bull Racing team?\ncontext: Daniel Joseph Ricciardo ( ; born 1 July 1989) is an Australian racing driver who is currently competing in Formula One for Red Bull Racing. He won the British Formula 3 Championship in 2009. After Mark Webber announced his retirement from Formula One, Ricciardo was confirmed as his replacement at Red Bull Racing for 2014. In his first season with Red Bull, Ricciardo finished third in the championship with his first three Formula One wins, in Canada, Hungary, and Belgium. Ricciardo returned to winning form after over a two-year absence when he won the 2016 Malaysian Grand Prix, eventually sealing third in the championship for the second time in three years at the 2016 Mexican Grand Prix.\nanswer: Daniel Ricciardo won the 44-lap race for the Red Bull Racing team.\nverification: \n'}]

RAW RESPONSE:
{
  "reason": "The provided context directly mentions Daniel Ricciardo as an Australian racing driver for Red Bull Racing and discusses his achievements, including winning races, which aligns with the information given in the answer.",
   "verdict": "1"
}
==================================================
=== SYNC GENERATE ===
PROMPT:
[{'role': 'user', 'content': 'Natural language inference. Use only \'Yes\' (1), \'No\' (0) and \'Null\' (-1) as verdict.\nOutput in only valid JSON format.\n\ncontext: "John is a student at XYZ University. He is pursuing a degree in Computer Science. He is enrolled in several courses this semester, including Data Structures, Algorithms, and Database Management. John is a diligent student and spends a significant amount of time studying and completing assignments. He often stays late in the library to work on his projects."\nstatements: "\\n            statement_1: John is majoring in Biology.\\n            statement_2: John is taking a course on Artificial Intelligence.\\n            statement_3: John is a dedicated student.\\n            statement_4: John has a part-time job.\\n            "\nanswer: [{"statement_1": "John is majoring in Biology.", "reason": "John\'s major is explicitly mentioned as Computer Science. There is no information suggesting he is majoring in Biology.", "verdict": "0"}, {"statement_2": "John is taking a course on Artificial Intelligence.", "reason": "The context mentions the courses John is currently enrolled in, and Artificial Intelligence is not mentioned. Therefore, it cannot be deduced that John is taking a course on AI.", "verdict": "0"}, {"statement_3": "John is a dedicated student.", "reason": "The context states that he spends a significant amount of time studying and completing assignments. Additionally, it mentions that he often stays late in the library to work on his projects, which implies dedication.", "verdict": "1"}, {"statement_4": "John has a part-time job.", "reason": "There is no information given in the context about John having a part-time job.", "verdict": "0"}]\n\ncontext: "Photosynthesis is a process used by plants, algae, and certain bacteria to convert light energy into chemical energy."\nstatements: "statement_1: Albert Einstein was a genius."\nanswer: {"statement_1": "Albert Einstein was a genius.", "reason": "The context and statement are unrelated", "verdict": "0"}\n\ncontext: "Albert Einstein was a German-born theoretical physicist who is widely held to be one of the greatest and most influential scientists of all time."\nstatements: "statement_1: Nil"\nanswer: {"statement_1": "Nil", "reason": "The statement is invalid", "verdict": "-1"}\n\ncontext: The 2014 Belgian Grand Prix (formally the 2014 Formula 1 Shell Belgian Grand Prix) was a Formula One motor race held on 24 August 2014 at the Circuit de Spa-Francorchamps in Spa, Belgium. It was the twelfth round of the 2014 Formula One season, and the 70th Belgian Grand Prix. The 44-lap race was won by Daniel Ricciardo for the Red Bull Racing team, after starting from fifth position. Nico Rosberg finished second in a Mercedes, with Valtteri Bottas third for the Williams team.\nThe 2014 Belgian Grand Prix (formally the 2014 Formula 1 Shell Belgian Grand Prix) was a Formula One motor race held on 24 August 2014 at the Circuit de Spa-Francorchamps in Spa, Belgium. It was the twelfth round of the 2014 Formula One season, and the 70th Belgian Grand Prix. The 44-lap race was won by Daniel Ricciardo for the Red Bull Racing team, after starting from fifth position. Nico Rosberg finished second in a Mercedes, with Valtteri Bottas third for the Williams team.\nDaniel Joseph Ricciardo ( ; born 1 July 1989) is an Australian racing driver who is currently competing in Formula One for Red Bull Racing. He won the British Formula 3 Championship in 2009. After Mark Webber announced his retirement from Formula One, Ricciardo was confirmed as his replacement at Red Bull Racing for 2014. In his first season with Red Bull, Ricciardo finished third in the championship with his first three Formula One wins, in Canada, Hungary, and Belgium. Ricciardo returned to winning form after over a two-year absence when he won the 2016 Malaysian Grand Prix, eventually sealing third in the championship for the second time in three years at the 2016 Mexican Grand Prix.\nstatements: statement_1: Daniel Ricciardo, an Australian racing driver, won the 44-lap race.\nstatement_2: The Red Bull Racing team was victorious in the 44-lap race with Daniel Ricciardo as the driver.\nanswer: \n'}]

RAW RESPONSE:
{
  "statement_1": "Daniel Ricciardo, an Australian racing driver, won the 44-lap race.",
   "reason": "The context explicitly states that Daniel Ricciardo won the 44-lap race, and it also mentions that he is an Australian racing driver.",
   "verdict": "1"
}
==================================================
=== SYNC GENERATE ===
PROMPT:
[{'role': 'user', 'content': 'Given question, answer and context verify if the context was useful in arriving at the given answer. Give verdict as "1" if useful and "0" if not with json output. \nOutput in only valid JSON format.\n\nquestion: "What can you tell me about albert Albert Einstein?"\ncontext: "Albert Einstein (14 March 1879 – 18 April 1955) was a German-born theoretical physicist, widely held to be one of the greatest and most influential scientists of all time. Best known for developing the theory of relativity, he also made important contributions to quantum mechanics, and was thus a central figure in the revolutionary reshaping of the scientific understanding of nature that modern physics accomplished in the first decades of the twentieth century. His mass–energy equivalence formula E = mc2, which arises from relativity theory, has been called \\"the world\'s most famous equation\\". He received the 1921 Nobel Prize in Physics \\"for his services to theoretical physics, and especially for his discovery of the law of the photoelectric effect\\", a pivotal step in the development of quantum theory. His work is also known for its influence on the philosophy of science. In a 1999 poll of 130 leading physicists worldwide by the British journal Physics World, Einstein was ranked the greatest physicist of all time. His intellectual achievements and originality have made Einstein synonymous with genius."\nanswer: "Albert Einstein born in 14 March 1879 was German-born theoretical physicist, widely held to be one of the greatest and most influential scientists of all time. He received the 1921 Nobel Prize in Physics for his services to theoretical physics. He published 4 papers in 1905. Einstein moved to Switzerland in 1895"\nverification: {"reason": "The provided context was indeed useful in arriving at the given answer. The context includes key information about Albert Einstein\'s life and contributions, which are reflected in the answer.", "verdict": "1"}\n\nquestion: "who won 2020 icc world cup?"\ncontext: "The 2022 ICC Men\'s T20 World Cup, held from October 16 to November 13, 2022, in Australia, was the eighth edition of the tournament. Originally scheduled for 2020, it was postponed due to the COVID-19 pandemic. England emerged victorious, defeating Pakistan by five wickets in the final to clinch their second ICC Men\'s T20 World Cup title."\nanswer: "England"\nverification: {"reason": "the context was useful in clarifying the situation regarding the 2020 ICC World Cup and indicating that England was the winner of the tournament that was intended to be held in 2020 but actually took place in 2022.", "verdict": "1"}\n\nquestion: "What is the tallest mountain in the world?"\ncontext: "The Andes is the longest continental mountain range in the world, located in South America. It stretches across seven countries and features many of the highest peaks in the Western Hemisphere. The range is known for its diverse ecosystems, including the high-altitude Andean Plateau and the Amazon rainforest."\nanswer: "Mount Everest."\nverification: {"reason": "the provided context discusses the Andes mountain range, which, while impressive, does not include Mount Everest or directly relate to the question about the world\'s tallest mountain.", "verdict": "0"}\n\nquestion: What star of Parks and Recreation appeared in November?\ncontext: Nicholas "Nick" Offerman (born June 26, 1970) is an American actor, voice actor, producer, writer, comedian and carpenter widely known for his breakout role as Ron Swanson in the acclaimed NBC sitcom "Parks and Recreation", for which he received the Television Critics Association Award for Individual Achievement in Comedy. His first major television role since the end of "Parks and Recreation" was his role as Karl Weathers in the FX series "Fargo", for which he received a Critics\' Choice Television Award nomination for Best Supporting Actor in a Movie/Miniseries and Gavin in the Ice Age franchise.\nanswer: Nick Offerman, who played the role of Ron Swanson in "Parks and Recreation", appeared in the film November.\nverification: \n'}]

RAW RESPONSE:
{
  "reason": "The provided context indeed includes information about Nick Offerman, who is a star of Parks and Recreation, and thus was useful in arriving at the answer.",
   "verdict": "1"
}
==================================================
=== SYNC GENERATE ===
PROMPT:
[{'role': 'user', 'content': 'Generate a question for the given answer and Identify if answer is noncommittal. Give noncommittal as 1 if the answer is noncommittal and 0 if the answer is committal. A noncommittal answer is one that is evasive, vague, or ambiguous. For example, "I don\'t know" or "I\'m not sure" are noncommittal answers.\nOutput in only valid JSON format.\n\nanswer: "Albert Einstein was born in Germany."\ncontext: "Albert Einstein was a German-born theoretical physicist who is widely held to be one of the greatest and most influential scientists of all time"\noutput: {"question": "Where was Albert Einstein born?", "noncommittal": 0}\n\nanswer: "It can change its skin color based on the temperature of its environment."\ncontext: "A recent scientific study has discovered a new species of frog in the Amazon rainforest that has the unique ability to change its skin color based on the temperature of its environment."\noutput: {"question": "What unique ability does the newly discovered species of frog have?", "noncommittal": 0}\n\nanswer: "Everest"\ncontext: "The tallest mountain on Earth, measured from sea level, is a renowned peak located in the Himalayas."\noutput: {"question": "What is the tallest mountain on Earth?", "noncommittal": 0}\n\nanswer: "I don\'t know about the  groundbreaking feature of the smartphone invented in 2023 as am unaware of information beyond 2022. "\ncontext: "In 2023, a groundbreaking invention was announced: a smartphone with a battery life of one month, revolutionizing the way people use mobile technology."\noutput: {"question": "What was the groundbreaking feature of the smartphone invented in 2023?", "noncommittal": 1}\n\nanswer: Nick Offerman, who played the role of Ron Swanson in "Parks and Recreation", appeared in the film November.\ncontext: Nicholas "Nick" Offerman (born June 26, 1970) is an American actor, voice actor, producer, writer, comedian and carpenter widely known for his breakout role as Ron Swanson in the acclaimed NBC sitcom "Parks and Recreation", for which he received the Television Critics Association Award for Individual Achievement in Comedy. His first major television role since the end of "Parks and Recreation" was his role as Karl Weathers in the FX series "Fargo", for which he received a Critics\' Choice Television Award nomination for Best Supporting Actor in a Movie/Miniseries and Gavin in the Ice Age franchise.\nNicholas "Nick" Offerman (born June 26, 1970) is an American actor, voice actor, producer, writer, comedian and carpenter widely known for his breakout role as Ron Swanson in the acclaimed NBC sitcom "Parks and Recreation", for which he received the Television Critics Association Award for Individual Achievement in Comedy. His first major television role since the end of "Parks and Recreation" was his role as Karl Weathers in the FX series "Fargo", for which he received a Critics\' Choice Television Award nomination for Best Supporting Actor in a Movie/Miniseries and Gavin in the Ice Age franchise.\nDaniel – Der Zauberer (translated: Daniel – The Wizard) is a German comedy-drama film written and directed by Ulli Lommel, starring pop singer Daniel Küblböck as himself. The film is considered to be one of the worst of all time.\noutput: \n'}]

RAW RESPONSE:
{
  "question": "Who appeared in the film November?",
   "noncommittal": 0
}
==================================================
=== SYNC GENERATE ===
PROMPT:
[{'role': 'user', 'content': 'Create one or more statements from each sentence in the given answer.\nOutput in only valid JSON format.\n\nquestion: "Who was  Albert Einstein and what is he best known for?"\nanswer: "He was a German-born theoretical physicist, widely acknowledged to be one of the greatest and most influential physicists of all time. He was best known for developing the theory of relativity, he also made important contributions to the development of the theory of quantum mechanics."\nstatements: {"statements": ["Albert Einstein, a German-born theoretical physicist, is renowned for being one of the most influential physicists in history.", "Albert Einstein was best known for his theory of relativity.", "Einstein\'s contributions significantly advanced the field of quantum mechanics", "Recognized globally, Einstein\'s work has profoundly impacted the scientific community", "Einstein\'s groundbreaking theories continue to shape our understanding of physics today."]}\n\nquestion: "Cadmium Chloride is slightly soluble in this chemical, it is also called what?"\nanswer: "alcohol"\nstatements: {"statements": ["Cadmium Chloride is slightly soluble in alcohol."]}\n\nquestion: "Were Hitler and Benito Mussolini of the same nationality?"\nanswer: "Sorry, I can\'t provide answer to that question."\nstatements: {"statements": []}\n\nquestion: What star of Parks and Recreation appeared in November?\nanswer: Nick Offerman, who played the role of Ron Swanson in "Parks and Recreation", appeared in the film November.\nstatements: \n'}]

RAW RESPONSE:
{
  "statements": [
       "Nick Offerman, who played Ron Swanson, appeared in the film November.",
       "Ron Swanson, a character from Parks and Recreation, was portrayed by Nick Offerman, who appeared in the film November."
   ]
}
==================================================
ntext includes key information about Albert Einstein\'s life and contributions, which are reflected in the answer.", "verdict": "1"}\n\nquestion: "who won 2020 icc world cup?"\ncontext: "The 2022 ICC Men\'s T20 World Cup, held from October 16 to November 13, 2022, in Australia, was the eighth edition of the tournament. Originally scheduled for 2020, it was postponed due to the COVID-19 pandemic. England emerged victorious, defeating Pakistan by five wickets in the final to clinch their second ICC Men\'s T20 World Cup title."\nanswer: "England"\nverification: {"reason": "the context was useful in clarifying the situation regarding the 2020 ICC World Cup and indicating that England was the winner of the tournament that was intended to be held in 2020 but actually took place in 2022.", "verdict": "1"}\n\nquestion: "What is the tallest mountain in the world?"\ncontext: "The Andes is the longest continental mountain range in the world, located in South America. It stretches across seven countries and features many of the highest peaks in the Western Hemisphere. The range is known for its diverse ecosystems, including the high-altitude Andean Plateau and the Amazon rainforest."\nanswer: "Mount Everest."\nverification: {"reason": "the provided context discusses the Andes mountain range, which, while impressive, does not include Mount Everest or directly relate to the question about the world\'s tallest mountain.", "verdict": "0"}\n\nquestion: What star of Parks and Recreation appeared in November?\ncontext: Daniel – Der Zauberer (translated: Daniel – The Wizard) is a German comedy-drama film written and directed by Ulli Lommel, starring pop singer Daniel Küblböck as himself. The film is considered to be one of the worst of all time.\nanswer: Nick Offerman, who played the role of Ron Swanson in "Parks and Recreation", appeared in the film November.\nverification: \n'}]

RAW RESPONSE:
{
  "reason": "The provided context does not mention Nick Offerman, Parks and Recreation, or the film November, making it irrelevant to the question and answer.",
   "verdict": "0"
}
==================================================
=== SYNC GENERATE ===
PROMPT:
[{'role': 'user', 'content': 'Natural language inference. Use only \'Yes\' (1), \'No\' (0) and \'Null\' (-1) as verdict.\nOutput in only valid JSON format.\n\ncontext: "John is a student at XYZ University. He is pursuing a degree in Computer Science. He is enrolled in several courses this semester, including Data Structures, Algorithms, and Database Management. John is a diligent student and spends a significant amount of time studying and completing assignments. He often stays late in the library to work on his projects."\nstatements: "\\n            statement_1: John is majoring in Biology.\\n            statement_2: John is taking a course on Artificial Intelligence.\\n            statement_3: John is a dedicated student.\\n            statement_4: John has a part-time job.\\n            "\nanswer: [{"statement_1": "John is majoring in Biology.", "reason": "John\'s major is explicitly mentioned as Computer Science. There is no information suggesting he is majoring in Biology.", "verdict": "0"}, {"statement_2": "John is taking a course on Artificial Intelligence.", "reason": "The context mentions the courses John is currently enrolled in, and Artificial Intelligence is not mentioned. Therefore, it cannot be deduced that John is taking a course on AI.", "verdict": "0"}, {"statement_3": "John is a dedicated student.", "reason": "The context states that he spends a significant amount of time studying and completing assignments. Additionally, it mentions that he often stays late in the library to work on his projects, which implies dedication.", "verdict": "1"}, {"statement_4": "John has a part-time job.", "reason": "There is no information given in the context about John having a part-time job.", "verdict": "0"}]\n\ncontext: "Photosynthesis is a process used by plants, algae, and certain bacteria to convert light energy into chemical energy."\nstatements: "statement_1: Albert Einstein was a genius."\nanswer: {"statement_1": "Albert Einstein was a genius.", "reason": "The context and statement are unrelated", "verdict": "0"}\n\ncontext: "Albert Einstein was a German-born theoretical physicist who is widely held to be one of the greatest and most influential scientists of all time."\nstatements: "statement_1: Nil"\nanswer: {"statement_1": "Nil", "reason": "The statement is invalid", "verdict": "-1"}\n\ncontext: Nicholas "Nick" Offerman (born June 26, 1970) is an American actor, voice actor, producer, writer, comedian and carpenter widely known for his breakout role as Ron Swanson in the acclaimed NBC sitcom "Parks and Recreation", for which he received the Television Critics Association Award for Individual Achievement in Comedy. His first major television role since the end of "Parks and Recreation" was his role as Karl Weathers in the FX series "Fargo", for which he received a Critics\' Choice Television Award nomination for Best Supporting Actor in a Movie/Miniseries and Gavin in the Ice Age franchise.\nNicholas "Nick" Offerman (born June 26, 1970) is an American actor, voice actor, producer, writer, comedian and carpenter widely known for his breakout role as Ron Swanson in the acclaimed NBC sitcom "Parks and Recreation", for which he received the Television Critics Association Award for Individual Achievement in Comedy. His first major television role since the end of "Parks and Recreation" was his role as Karl Weathers in the FX series "Fargo", for which he received a Critics\' Choice Television Award nomination for Best Supporting Actor in a Movie/Miniseries and Gavin in the Ice Age franchise.\nDaniel – Der Zauberer (translated: Daniel – The Wizard) is a German comedy-drama film written and directed by Ulli Lommel, starring pop singer Daniel Küblböck as himself. The film is considered to be one of the worst of all time.\nstatements: statement_1: Nick Offerman, who played Ron Swanson, appeared in the film November.\nstatement_2: Ron Swanson, a character from Parks and Recreation, was portrayed by Nick Offerman, who appeared in the film November.\nanswer: \n'}]

RAW RESPONSE:
{
  "statement_1": "Nick Offerman, who played Ron Swanson, appeared in the film November.",
   "reason": "There is no information in the context about Nick Offerman appearing in the film November.",
   "verdict": 0
}
==================================================
=== SYNC GENERATE ===
PROMPT:
[{'role': 'user', 'content': 'Create one or more statements from each sentence in the given answer.\nOutput in only valid JSON format.\n\nquestion: "Who was  Albert Einstein and what is he best known for?"\nanswer: "He was a German-born theoretical physicist, widely acknowledged to be one of the greatest and most influential physicists of all time. He was best known for developing the theory of relativity, he also made important contributions to the development of the theory of quantum mechanics."\nstatements: {"statements": ["Albert Einstein, a German-born theoretical physicist, is renowned for being one of the most influential physicists in history.", "Albert Einstein was best known for his theory of relativity.", "Einstein\'s contributions significantly advanced the field of quantum mechanics", "Recognized globally, Einstein\'s work has profoundly impacted the scientific community", "Einstein\'s groundbreaking theories continue to shape our understanding of physics today."]}\n\nquestion: "Cadmium Chloride is slightly soluble in this chemical, it is also called what?"\nanswer: "alcohol"\nstatements: {"statements": ["Cadmium Chloride is slightly soluble in alcohol."]}\n\nquestion: "Were Hitler and Benito Mussolini of the same nationality?"\nanswer: "Sorry, I can\'t provide answer to that question."\nstatements: {"statements": []}\n\nquestion: Which genus of flowering plant is found in an environment further south, Crocosmia or Cimicifuga?\nanswer: Crocosmia is found in an environment further south.\nstatements: \n'}]

RAW RESPONSE:
{
  "statements": [
       "Crocosmia is a genus of flowering plant found in environments further south.",
       "In comparison to Cimicifuga, Crocosmia is located in more southern environments."
   ]
}
==================================================
=== SYNC GENERATE ===
PROMPT:
[{'role': 'user', 'content': 'Generate a question for the given answer and Identify if answer is noncommittal. Give noncommittal as 1 if the answer is noncommittal and 0 if the answer is committal. A noncommittal answer is one that is evasive, vague, or ambiguous. For example, "I don\'t know" or "I\'m not sure" are noncommittal answers.\nOutput in only valid JSON format.\n\nanswer: "Albert Einstein was born in Germany."\ncontext: "Albert Einstein was a German-born theoretical physicist who is widely held to be one of the greatest and most influential scientists of all time"\noutput: {"question": "Where was Albert Einstein born?", "noncommittal": 0}\n\nanswer: "It can change its skin color based on the temperature of its environment."\ncontext: "A recent scientific study has discovered a new species of frog in the Amazon rainforest that has the unique ability to change its skin color based on the temperature of its environment."\noutput: {"question": "What unique ability does the newly discovered species of frog have?", "noncommittal": 0}\n\nanswer: "Everest"\ncontext: "The tallest mountain on Earth, measured from sea level, is a renowned peak located in the Himalayas."\noutput: {"question": "What is the tallest mountain on Earth?", "noncommittal": 0}\n\nanswer: "I don\'t know about the  groundbreaking feature of the smartphone invented in 2023 as am unaware of information beyond 2022. "\ncontext: "In 2023, a groundbreaking invention was announced: a smartphone with a battery life of one month, revolutionizing the way people use mobile technology."\noutput: {"question": "What was the groundbreaking feature of the smartphone invented in 2023?", "noncommittal": 1}\n\nanswer: Crocosmia is found in an environment further south.\ncontext: Cimicifuga (bugbane or cohosh) was a genus of between 12-18 species of flowering plants belonging to the family Ranunculaceae, native to temperate regions of the Northern Hemisphere.\nCimicifuga (bugbane or cohosh) was a genus of between 12-18 species of flowering plants belonging to the family Ranunculaceae, native to temperate regions of the Northern Hemisphere.\nCrocosmia ( ; J. E. Planchon, 1851) (montbretia) is a small genus of flowering plants in the iris family, Iridaceae. It is native to the grasslands of southern and eastern Africa, ranging from South Africa to Sudan. One species is endemic to Madagascar.\noutput: \n'}]

RAW RESPONSE:
{
  "question": "Where is Crocosmia native to?",
   "noncommittal": 0
}
==================================================
=== SYNC GENERATE ===
PROMPT:
[{'role': 'user', 'content': 'Given question, answer and context verify if the context was useful in arriving at the given answer. Give verdict as "1" if useful and "0" if not with json output. \nOutput in only valid JSON format.\n\nquestion: "What can you tell me about albert Albert Einstein?"\ncontext: "Albert Einstein (14 March 1879 – 18 April 1955) was a German-born theoretical physicist, widely held to be one of the greatest and most influential scientists of all time. Best known for developing the theory of relativity, he also made important contributions to quantum mechanics, and was thus a central figure in the revolutionary reshaping of the scientific understanding of nature that modern physics accomplished in the first decades of the twentieth century. His mass–energy equivalence formula E = mc2, which arises from relativity theory, has been called \\"the world\'s most famous equation\\". He received the 1921 Nobel Prize in Physics \\"for his services to theoretical physics, and especially for his discovery of the law of the photoelectric effect\\", a pivotal step in the development of quantum theory. His work is also known for its influence on the philosophy of science. In a 1999 poll of 130 leading physicists worldwide by the British journal Physics World, Einstein was ranked the greatest physicist of all time. His intellectual achievements and originality have made Einstein synonymous with genius."\nanswer: "Albert Einstein born in 14 March 1879 was German-born theoretical physicist, widely held to be one of the greatest and most influential scientists of all time. He received the 1921 Nobel Prize in Physics for his services to theoretical physics. He published 4 papers in 1905. Einstein moved to Switzerland in 1895"\nverification: {"reason": "The provided context was indeed useful in arriving at the given answer. The context includes key information about Albert Einstein\'s life and contributions, which are reflected in the answer.", "verdict": "1"}\n\nquestion: "who won 2020 icc world cup?"\ncontext: "The 2022 ICC Men\'s T20 World Cup, held from October 16 to November 13, 2022, in Australia, was the eighth edition of the tournament. Originally scheduled for 2020, it was postponed due to the COVID-19 pandemic. England emerged victorious, defeating Pakistan by five wickets in the final to clinch their second ICC Men\'s T20 World Cup title."\nanswer: "England"\nverification: {"reason": "the context was useful in clarifying the situation regarding the 2020 ICC World Cup and indicating that England was the winner of the tournament that was intended to be held in 2020 but actually took place in 2022.", "verdict": "1"}\n\nquestion: "What is the tallest mountain in the world?"\ncontext: "The Andes is the longest continental mountain range in the world, located in South America. It stretches across seven countries and features many of the highest peaks in the Western Hemisphere. The range is known for its diverse ecosystems, including the high-altitude Andean Plateau and the Amazon rainforest."\nanswer: "Mount Everest."\nverification: {"reason": "the provided context discusses the Andes mountain range, which, while impressive, does not include Mount Everest or directly relate to the question about the world\'s tallest mountain.", "verdict": "0"}\n\nquestion: Which genus of flowering plant is found in an environment further south, Crocosmia or Cimicifuga?\ncontext: Cimicifuga (bugbane or cohosh) was a genus of between 12-18 species of flowering plants belonging to the family Ranunculaceae, native to temperate regions of the Northern Hemisphere.\nanswer: Crocosmia is found in an environment further south.\nverification: \n'}]

RAW RESPONSE:
{
  "reason": "The provided context does not directly compare the geographical distribution of Crocosmia and Cimicifuga, but it does mention that Cimicifuga is native to temperate regions of the Northern Hemisphere, implying that Crocosmia might be found further south if it is not native to the same regions.",
   "verdict": "0"
}
==================================================
=== SYNC GENERATE ===
PROMPT:
[{'role': 'user', 'content': 'Natural language inference. Use only \'Yes\' (1), \'No\' (0) and \'Null\' (-1) as verdict.\nOutput in only valid JSON format.\n\ncontext: "John is a student at XYZ University. He is pursuing a degree in Computer Science. He is enrolled in several courses this semester, including Data Structures, Algorithms, and Database Management. John is a diligent student and spends a significant amount of time studying and completing assignments. He often stays late in the library to work on his projects."\nstatements: "\\n            statement_1: John is majoring in Biology.\\n            statement_2: John is taking a course on Artificial Intelligence.\\n            statement_3: John is a dedicated student.\\n            statement_4: John has a part-time job.\\n            "\nanswer: [{"statement_1": "John is majoring in Biology.", "reason": "John\'s major is explicitly mentioned as Computer Science. There is no information suggesting he is majoring in Biology.", "verdict": "0"}, {"statement_2": "John is taking a course on Artificial Intelligence.", "reason": "The context mentions the courses John is currently enrolled in, and Artificial Intelligence is not mentioned. Therefore, it cannot be deduced that John is taking a course on AI.", "verdict": "0"}, {"statement_3": "John is a dedicated student.", "reason": "The context states that he spends a significant amount of time studying and completing assignments. Additionally, it mentions that he often stays late in the library to work on his projects, which implies dedication.", "verdict": "1"}, {"statement_4": "John has a part-time job.", "reason": "There is no information given in the context about John having a part-time job.", "verdict": "0"}]\n\ncontext: "Photosynthesis is a process used by plants, algae, and certain bacteria to convert light energy into chemical energy."\nstatements: "statement_1: Albert Einstein was a genius."\nanswer: {"statement_1": "Albert Einstein was a genius.", "reason": "The context and statement are unrelated", "verdict": "0"}\n\ncontext: "Albert Einstein was a German-born theoretical physicist who is widely held to be one of the greatest and most influential scientists of all time."\nstatements: "statement_1: Nil"\nanswer: {"statement_1": "Nil", "reason": "The statement is invalid", "verdict": "-1"}\n\ncontext: Cimicifuga (bugbane or cohosh) was a genus of between 12-18 species of flowering plants belonging to the family Ranunculaceae, native to temperate regions of the Northern Hemisphere.\nCimicifuga (bugbane or cohosh) was a genus of between 12-18 species of flowering plants belonging to the family Ranunculaceae, native to temperate regions of the Northern Hemisphere.\nCrocosmia ( ; J. E. Planchon, 1851) (montbretia) is a small genus of flowering plants in the iris family, Iridaceae. It is native to the grasslands of southern and eastern Africa, ranging from South Africa to Sudan. One species is endemic to Madagascar.\nstatements: statement_1: Crocosmia is a genus of flowering plant found in environments further south.\nstatement_2: In comparison to Cimicifuga, Crocosmia is located in more southern environments.\nanswer: \n'}]

RAW RESPONSE:
[
{
  "statement_1": "Crocosmia is a genus of flowering plant found in environments further south.",
   "reason": "The context states that Crocosmia is native to the grasslands of southern and eastern Africa, which can be considered as 'further south' in a general sense, but without a direct comparison, this is somewhat ambiguous.",
   "verdict": "1"
},
{
   "statement_2": "In comparison to Cimicifuga, Crocosmia is located in more southern environments.",
   "reason": "Cimicifuga is native to temperate regions of the Northern Hemisphere, while Crocosmia is native to southern and eastern Africa, indicating that Crocosmia is indeed found in more southern environments compared to Cimicifuga.",
   "verdict": "1"
}
]
==================================================
=== SYNC GENERATE ===
PROMPT:
[{'role': 'user', 'content': 'Given question, answer and context verify if the context was useful in arriving at the given answer. Give verdict as "1" if useful and "0" if not with json output. \nOutput in only valid JSON format.\n\nquestion: "What can you tell me about albert Albert Einstein?"\ncontext: "Albert Einstein (14 March 1879 – 18 April 1955) was a German-born theoretical physicist, widely held to be one of the greatest and most influential scientists of all time. Best known for developing the theory of relativity, he also made important contributions to quantum mechanics, and was thus a central figure in the revolutionary reshaping of the scientific understanding of nature that modern physics accomplished in the first decades of the twentieth century. His mass–energy equivalence formula E = mc2, which arises from relativity theory, has been called \\"the world\'s most famous equation\\". He received the 1921 Nobel Prize in Physics \\"for his services to theoretical physics, and especially for his discovery of the law of the photoelectric effect\\", a pivotal step in the development of quantum theory. His work is also known for its influence on the philosophy of science. In a 1999 poll of 130 leading physicists worldwide by the British journal Physics World, Einstein was ranked the greatest physicist of all time. His intellectual achievements and originality have made Einstein synonymous with genius."\nanswer: "Albert Einstein born in 14 March 1879 was German-born theoretical physicist, widely held to be one of the greatest and most influential scientists of all time. He received the 1921 Nobel Prize in Physics for his services to theoretical physics. He published 4 papers in 1905. Einstein moved to Switzerland in 1895"\nverification: {"reason": "The provided context was indeed useful in arriving at the given answer. The context includes key information about Albert Einstein\'s life and contributions, which are reflected in the answer.", "verdict": "1"}\n\nquestion: "who won 2020 icc world cup?"\ncontext: "The 2022 ICC Men\'s T20 World Cup, held from October 16 to November 13, 2022, in Australia, was the eighth edition of the tournament. Originally scheduled for 2020, it was postponed due to the COVID-19 pandemic. England emerged victorious, defeating Pakistan by five wickets in the final to clinch their second ICC Men\'s T20 World Cup title."\nanswer: "England"\nverification: {"reason": "the context was useful in clarifying the situation regarding the 2020 ICC World Cup and indicating that England was the winner of the tournament that was intended to be held in 2020 but actually took place in 2022.", "verdict": "1"}\n\nquestion: "What is the tallest mountain in the world?"\ncontext: "The Andes is the longest continental mountain range in the world, located in South America. It stretches across seven countries and features many of the highest peaks in the Western Hemisphere. The range is known for its diverse ecosystems, including the high-altitude Andean Plateau and the Amazon rainforest."\nanswer: "Mount Everest."\nverification: {"reason": "the provided context discusses the Andes mountain range, which, while impressive, does not include Mount Everest or directly relate to the question about the world\'s tallest mountain.", "verdict": "0"}\n\nquestion: Which genus of flowering plant is found in an environment further south, Crocosmia or Cimicifuga?\ncontext: Crocosmia ( ; J. E. Planchon, 1851) (montbretia) is a small genus of flowering plants in the iris family, Iridaceae. It is native to the grasslands of southern and eastern Africa, ranging from South Africa to Sudan. One species is endemic to Madagascar.\nanswer: Crocosmia is found in an environment further south.\nverification: \n'}]

RAW RESPONSE:
{
  "reason": "The provided context directly mentions that Crocosmia is native to the grasslands of southern and eastern Africa, which indicates it is found in an environment further south compared to Cimicifuga.",
   "verdict": "1"
}
==================================================
=== SYNC GENERATE ===
PROMPT:
[{'role': 'user', 'content': 'Given question, answer and context verify if the context was useful in arriving at the given answer. Give verdict as "1" if useful and "0" if not with json output. \nOutput in only valid JSON format.\n\nquestion: "What can you tell me about albert Albert Einstein?"\ncontext: "Albert Einstein (14 March 1879 – 18 April 1955) was a German-born theoretical physicist, widely held to be one of the greatest and most influential scientists of all time. Best known for developing the theory of relativity, he also made important contributions to quantum mechanics, and was thus a central figure in the revolutionary reshaping of the scientific understanding of nature that modern physics accomplished in the first decades of the twentieth century. His mass–energy equivalence formula E = mc2, which arises from relativity theory, has been called \\"the world\'s most famous equation\\". He received the 1921 Nobel Prize in Physics \\"for his services to theoretical physics, and especially for his discovery of the law of the photoelectric effect\\", a pivotal step in the development of quantum theory. His work is also known for its influence on the philosophy of science. In a 1999 poll of 130 leading physicists worldwide by the British journal Physics World, Einstein was ranked the greatest physicist of all time. His intellectual achievements and originality have made Einstein synonymous with genius."\nanswer: "Albert Einstein born in 14 March 1879 was German-born theoretical physicist, widely held to be one of the greatest and most influential scientists of all time. He received the 1921 Nobel Prize in Physics for his services to theoretical physics. He published 4 papers in 1905. Einstein moved to Switzerland in 1895"\nverification: {"reason": "The provided context was indeed useful in arriving at the given answer. The context includes key information about Albert Einstein\'s life and contributions, which are reflected in the answer.", "verdict": "1"}\n\nquestion: "who won 2020 icc world cup?"\ncontext: "The 2022 ICC Men\'s T20 World Cup, held from October 16 to November 13, 2022, in Australia, was the eighth edition of the tournament. Originally scheduled for 2020, it was postponed due to the COVID-19 pandemic. England emerged victorious, defeating Pakistan by five wickets in the final to clinch their second ICC Men\'s T20 World Cup title."\nanswer: "England"\nverification: {"reason": "the context was useful in clarifying the situation regarding the 2020 ICC World Cup and indicating that England was the winner of the tournament that was intended to be held in 2020 but actually took place in 2022.", "verdict": "1"}\n\nquestion: "What is the tallest mountain in the world?"\ncontext: "The Andes is the longest continental mountain range in the world, located in South America. It stretches across seven countries and features many of the highest peaks in the Western Hemisphere. The range is known for its diverse ecosystems, including the high-altitude Andean Plateau and the Amazon rainforest."\nanswer: "Mount Everest."\nverification: {"reason": "the provided context discusses the Andes mountain range, which, while impressive, does not include Mount Everest or directly relate to the question about the world\'s tallest mountain.", "verdict": "0"}\n\nquestion: In what year did the man who shot the Chris Stockley, of The Dingoes, die?\ncontext: Dennis Bruce Allen (7 November 1951 – 13 April 1987) was a Melbourne based Australian criminal and drug dealer who was reported to have murdered many victims. He was the oldest son of criminal matriarch Kath Pettingill. Allen avoided capture for drug dealing by acting as an informant throughout his career. He died of heart disease in 1987 in prison custody awaiting trial for murder.\nanswer: Dennis Bruce Allen, the man who shot Chris Stockley of The Dingoes, died in 1987.\nverification: \n'}]

RAW RESPONSE:
{
  "reason": "The provided context directly mentions the year of death of Dennis Bruce Allen, who is identified as the man who shot Chris Stockley of The Dingoes, thus providing the necessary information to answer the question.",
   "verdict": "1"
}
==================================================
=== SYNC GENERATE ===
PROMPT:
[{'role': 'user', 'content': 'Create one or more statements from each sentence in the given answer.\nOutput in only valid JSON format.\n\nquestion: "Who was  Albert Einstein and what is he best known for?"\nanswer: "He was a German-born theoretical physicist, widely acknowledged to be one of the greatest and most influential physicists of all time. He was best known for developing the theory of relativity, he also made important contributions to the development of the theory of quantum mechanics."\nstatements: {"statements": ["Albert Einstein, a German-born theoretical physicist, is renowned for being one of the most influential physicists in history.", "Albert Einstein was best known for his theory of relativity.", "Einstein\'s contributions significantly advanced the field of quantum mechanics", "Recognized globally, Einstein\'s work has profoundly impacted the scientific community", "Einstein\'s groundbreaking theories continue to shape our understanding of physics today."]}\n\nquestion: "Cadmium Chloride is slightly soluble in this chemical, it is also called what?"\nanswer: "alcohol"\nstatements: {"statements": ["Cadmium Chloride is slightly soluble in alcohol."]}\n\nquestion: "Were Hitler and Benito Mussolini of the same nationality?"\nanswer: "Sorry, I can\'t provide answer to that question."\nstatements: {"statements": []}\n\nquestion: In what year did the man who shot the Chris Stockley, of The Dingoes, die?\nanswer: Dennis Bruce Allen, the man who shot Chris Stockley of The Dingoes, died in 1987.\nstatements: \n'}]

RAW RESPONSE:
{
  "statements": [
       "Dennis Bruce Allen shot Chris Stockley of The Dingoes.",
       "Dennis Bruce Allen, the man who shot Chris Stockley, died in 1987."
   ]
}
==================================================
=== SYNC GENERATE ===
PROMPT:
[{'role': 'user', 'content': 'Generate a question for the given answer and Identify if answer is noncommittal. Give noncommittal as 1 if the answer is noncommittal and 0 if the answer is committal. A noncommittal answer is one that is evasive, vague, or ambiguous. For example, "I don\'t know" or "I\'m not sure" are noncommittal answers.\nOutput in only valid JSON format.\n\nanswer: "Albert Einstein was born in Germany."\ncontext: "Albert Einstein was a German-born theoretical physicist who is widely held to be one of the greatest and most influential scientists of all time"\noutput: {"question": "Where was Albert Einstein born?", "noncommittal": 0}\n\nanswer: "It can change its skin color based on the temperature of its environment."\ncontext: "A recent scientific study has discovered a new species of frog in the Amazon rainforest that has the unique ability to change its skin color based on the temperature of its environment."\noutput: {"question": "What unique ability does the newly discovered species of frog have?", "noncommittal": 0}\n\nanswer: "Everest"\ncontext: "The tallest mountain on Earth, measured from sea level, is a renowned peak located in the Himalayas."\noutput: {"question": "What is the tallest mountain on Earth?", "noncommittal": 0}\n\nanswer: "I don\'t know about the  groundbreaking feature of the smartphone invented in 2023 as am unaware of information beyond 2022. "\ncontext: "In 2023, a groundbreaking invention was announced: a smartphone with a battery life of one month, revolutionizing the way people use mobile technology."\noutput: {"question": "What was the groundbreaking feature of the smartphone invented in 2023?", "noncommittal": 1}\n\nanswer: Dennis Bruce Allen, the man who shot Chris Stockley of The Dingoes, died in 1987.\ncontext: Dennis Bruce Allen (7 November 1951 – 13 April 1987) was a Melbourne based Australian criminal and drug dealer who was reported to have murdered many victims. He was the oldest son of criminal matriarch Kath Pettingill. Allen avoided capture for drug dealing by acting as an informant throughout his career. He died of heart disease in 1987 in prison custody awaiting trial for murder.\nDennis Bruce Allen (7 November 1951 – 13 April 1987) was a Melbourne based Australian criminal and drug dealer who was reported to have murdered many victims. He was the oldest son of criminal matriarch Kath Pettingill. Allen avoided capture for drug dealing by acting as an informant throughout his career. He died of heart disease in 1987 in prison custody awaiting trial for murder.\nBenjamin "Ben" Stoloff (October 6, 1895 – September 8, 1960) was an American film director and producer. He began his career as a short film comedy director and gradually moved into feature film directing and production later in his career. Stoloff was born in Philadelphia, Pennsylvania. He died in Hollywood, California.\noutput: \n'}]

RAW RESPONSE:
{
  "question": "When did Dennis Bruce Allen, the man who shot Chris Stockley of The Dingoes, die?",
   "noncommittal": 0
}
==================================================
=== SYNC GENERATE ===
PROMPT:
[{'role': 'user', 'content': 'Given question, answer and context verify if the context was useful in arriving at the given answer. Give verdict as "1" if useful and "0" if not with json output. \nOutput in only valid JSON format.\n\nquestion: "What can you tell me about albert Albert Einstein?"\ncontext: "Albert Einstein (14 March 1879 – 18 April 1955) was a German-born theoretical physicist, widely held to be one of the greatest and most influential scientists of all time. Best known for developing the theory of relativity, he also made important contributions to quantum mechanics, and was thus a central figure in the revolutionary reshaping of the scientific understanding of nature that modern physics accomplished in the first decades of the twentieth century. His mass–energy equivalence formula E = mc2, which arises from relativity theory, has been called \\"the world\'s most famous equation\\". He received the 1921 Nobel Prize in Physics \\"for his services to theoretical physics, and especially for his discovery of the law of the photoelectric effect\\", a pivotal step in the development of quantum theory. His work is also known for its influence on the philosophy of science. In a 1999 poll of 130 leading physicists worldwide by the British journal Physics World, Einstein was ranked the greatest physicist of all time. His intellectual achievements and originality have made Einstein synonymous with genius."\nanswer: "Albert Einstein born in 14 March 1879 was German-born theoretical physicist, widely held to be one of the greatest and most influential scientists of all time. He received the 1921 Nobel Prize in Physics for his services to theoretical physics. He published 4 papers in 1905. Einstein moved to Switzerland in 1895"\nverification: {"reason": "The provided context was indeed useful in arriving at the given answer. The context includes key information about Albert Einstein\'s life and contributions, which are reflected in the answer.", "verdict": "1"}\n\nquestion: "who won 2020 icc world cup?"\ncontext: "The 2022 ICC Men\'s T20 World Cup, held from October 16 to November 13, 2022, in Australia, was the eighth edition of the tournament. Originally scheduled for 2020, it was postponed due to the COVID-19 pandemic. England emerged victorious, defeating Pakistan by five wickets in the final to clinch their second ICC Men\'s T20 World Cup title."\nanswer: "England"\nverification: {"reason": "the context was useful in clarifying the situation regarding the 2020 ICC World Cup and indicating that England was the winner of the tournament that was intended to be held in 2020 but actually took place in 2022.", "verdict": "1"}\n\nquestion: "What is the tallest mountain in the world?"\ncontext: "The Andes is the longest continental mountain range in the world, located in South America. It stretches across seven countries and features many of the highest peaks in the Western Hemisphere. The range is known for its diverse ecosystems, including the high-altitude Andean Plateau and the Amazon rainforest."\nanswer: "Mount Everest."\nverification: {"reason": "the provided context discusses the Andes mountain range, which, while impressive, does not include Mount Everest or directly relate to the question about the world\'s tallest mountain.", "verdict": "0"}\n\nquestion: In what year did the man who shot the Chris Stockley, of The Dingoes, die?\ncontext: Benjamin "Ben" Stoloff (October 6, 1895 – September 8, 1960) was an American film director and producer. He began his career as a short film comedy director and gradually moved into feature film directing and production later in his career. Stoloff was born in Philadelphia, Pennsylvania. He died in Hollywood, California.\nanswer: Dennis Bruce Allen, the man who shot Chris Stockley of The Dingoes, died in 1987.\nverification: \n'}]

RAW RESPONSE:
{
  "reason": "The provided context does not mention Chris Stockley, The Dingoes, or Dennis Bruce Allen, and is instead about the life and career of film director Benjamin 'Ben' Stoloff.",
   "verdict": "0"
}
==================================================
=== SYNC GENERATE ===
PROMPT:
[{'role': 'user', 'content': 'Natural language inference. Use only \'Yes\' (1), \'No\' (0) and \'Null\' (-1) as verdict.\nOutput in only valid JSON format.\n\ncontext: "John is a student at XYZ University. He is pursuing a degree in Computer Science. He is enrolled in several courses this semester, including Data Structures, Algorithms, and Database Management. John is a diligent student and spends a significant amount of time studying and completing assignments. He often stays late in the library to work on his projects."\nstatements: "\\n            statement_1: John is majoring in Biology.\\n            statement_2: John is taking a course on Artificial Intelligence.\\n            statement_3: John is a dedicated student.\\n            statement_4: John has a part-time job.\\n            "\nanswer: [{"statement_1": "John is majoring in Biology.", "reason": "John\'s major is explicitly mentioned as Computer Science. There is no information suggesting he is majoring in Biology.", "verdict": "0"}, {"statement_2": "John is taking a course on Artificial Intelligence.", "reason": "The context mentions the courses John is currently enrolled in, and Artificial Intelligence is not mentioned. Therefore, it cannot be deduced that John is taking a course on AI.", "verdict": "0"}, {"statement_3": "John is a dedicated student.", "reason": "The context states that he spends a significant amount of time studying and completing assignments. Additionally, it mentions that he often stays late in the library to work on his projects, which implies dedication.", "verdict": "1"}, {"statement_4": "John has a part-time job.", "reason": "There is no information given in the context about John having a part-time job.", "verdict": "0"}]\n\ncontext: "Photosynthesis is a process used by plants, algae, and certain bacteria to convert light energy into chemical energy."\nstatements: "statement_1: Albert Einstein was a genius."\nanswer: {"statement_1": "Albert Einstein was a genius.", "reason": "The context and statement are unrelated", "verdict": "0"}\n\ncontext: "Albert Einstein was a German-born theoretical physicist who is widely held to be one of the greatest and most influential scientists of all time."\nstatements: "statement_1: Nil"\nanswer: {"statement_1": "Nil", "reason": "The statement is invalid", "verdict": "-1"}\n\ncontext: Dennis Bruce Allen (7 November 1951 – 13 April 1987) was a Melbourne based Australian criminal and drug dealer who was reported to have murdered many victims. He was the oldest son of criminal matriarch Kath Pettingill. Allen avoided capture for drug dealing by acting as an informant throughout his career. He died of heart disease in 1987 in prison custody awaiting trial for murder.\nDennis Bruce Allen (7 November 1951 – 13 April 1987) was a Melbourne based Australian criminal and drug dealer who was reported to have murdered many victims. He was the oldest son of criminal matriarch Kath Pettingill. Allen avoided capture for drug dealing by acting as an informant throughout his career. He died of heart disease in 1987 in prison custody awaiting trial for murder.\nBenjamin "Ben" Stoloff (October 6, 1895 – September 8, 1960) was an American film director and producer. He began his career as a short film comedy director and gradually moved into feature film directing and production later in his career. Stoloff was born in Philadelphia, Pennsylvania. He died in Hollywood, California.\nstatements: statement_1: Dennis Bruce Allen shot Chris Stockley of The Dingoes.\nstatement_2: Dennis Bruce Allen, the man who shot Chris Stockley, died in 1987.\nanswer: \n'}]

RAW RESPONSE:
[
{
  "statement_1": "Dennis Bruce Allen shot Chris Stockley of The Dingoes.",
   "reason": "There is no information in the context that suggests Dennis Bruce Allen shot Chris Stockley of The Dingoes.",
   "verdict": 0
},
{
   "statement_2": "Dennis Bruce Allen, the man who shot Chris Stockley, died in 1987.",
   "reason": "The context does not mention Dennis Bruce Allen shooting Chris Stockley, but it does confirm that Dennis Bruce Allen died in 1987.",
   "verdict": -1
}
]
==================================================
=== SYNC GENERATE ===
PROMPT:
[{'role': 'user', 'content': 'Given question, answer and context verify if the context was useful in arriving at the given answer. Give verdict as "1" if useful and "0" if not with json output. \nOutput in only valid JSON format.\n\nquestion: "What can you tell me about albert Albert Einstein?"\ncontext: "Albert Einstein (14 March 1879 – 18 April 1955) was a German-born theoretical physicist, widely held to be one of the greatest and most influential scientists of all time. Best known for developing the theory of relativity, he also made important contributions to quantum mechanics, and was thus a central figure in the revolutionary reshaping of the scientific understanding of nature that modern physics accomplished in the first decades of the twentieth century. His mass–energy equivalence formula E = mc2, which arises from relativity theory, has been called \\"the world\'s most famous equation\\". He received the 1921 Nobel Prize in Physics \\"for his services to theoretical physics, and especially for his discovery of the law of the photoelectric effect\\", a pivotal step in the development of quantum theory. His work is also known for its influence on the philosophy of science. In a 1999 poll of 130 leading physicists worldwide by the British journal Physics World, Einstein was ranked the greatest physicist of all time. His intellectual achievements and originality have made Einstein synonymous with genius."\nanswer: "Albert Einstein born in 14 March 1879 was German-born theoretical physicist, widely held to be one of the greatest and most influential scientists of all time. He received the 1921 Nobel Prize in Physics for his services to theoretical physics. He published 4 papers in 1905. Einstein moved to Switzerland in 1895"\nverification: {"reason": "The provided context was indeed useful in arriving at the given answer. The context includes key information about Albert Einstein\'s life and contributions, which are reflected in the answer.", "verdict": "1"}\n\nquestion: "who won 2020 icc world cup?"\ncontext: "The 2022 ICC Men\'s T20 World Cup, held from October 16 to November 13, 2022, in Australia, was the eighth edition of the tournament. Originally scheduled for 2020, it was postponed due to the COVID-19 pandemic. England emerged victorious, defeating Pakistan by five wickets in the final to clinch their second ICC Men\'s T20 World Cup title."\nanswer: "England"\nverification: {"reason": "the context was useful in clarifying the situation regarding the 2020 ICC World Cup and indicating that England was the winner of the tournament that was intended to be held in 2020 but actually took place in 2022.", "verdict": "1"}\n\nquestion: "What is the tallest mountain in the world?"\ncontext: "The Andes is the longest continental mountain range in the world, located in South America. It stretches across seven countries and features many of the highest peaks in the Western Hemisphere. The range is known for its diverse ecosystems, including the high-altitude Andean Plateau and the Amazon rainforest."\nanswer: "Mount Everest."\nverification: {"reason": "the provided context discusses the Andes mountain range, which, while impressive, does not include Mount Everest or directly relate to the question about the world\'s tallest mountain.", "verdict": "0"}\n\nquestion: Are both American bands The Four Seasons and Local H popular around the Beatles were around?\ncontext: UFOFU was a rock band based in Dallas, Texas. The band consisted of Joseph Butcher, and brothers Brandon Curtis and Ben Curtis. It rose to local prominence in the mid-90\'s through word of mouth and slots opening for other north Texas bands such as Hagfish and Tripping Daisy. While touring, the band opened for Local H, Smoking Popes, The Geraldine Fibbers and Spacehog.\nanswer: Yes, both American bands The Four Seasons and Local H were popular at the same time as the Beatles. The Four Seasons were noted as the most popular rock band before the Beatles, and Local H was formed in the late 1980s, so their popularity would have overlapped with the Beatles\' era.\nverification: \n'}]

RAW RESPONSE:
{
  "reason": "The provided context does not mention The Four Seasons or The Beatles, and only mentions Local H in the context of UFOFU opening for them, without discussing their popularity in relation to The Beatles.",
   "verdict": "0"
}
==================================================
=== SYNC GENERATE ===
PROMPT:
[{'role': 'user', 'content': 'Generate a question for the given answer and Identify if answer is noncommittal. Give noncommittal as 1 if the answer is noncommittal and 0 if the answer is committal. A noncommittal answer is one that is evasive, vague, or ambiguous. For example, "I don\'t know" or "I\'m not sure" are noncommittal answers.\nOutput in only valid JSON format.\n\nanswer: "Albert Einstein was born in Germany."\ncontext: "Albert Einstein was a German-born theoretical physicist who is widely held to be one of the greatest and most influential scientists of all time"\noutput: {"question": "Where was Albert Einstein born?", "noncommittal": 0}\n\nanswer: "It can change its skin color based on the temperature of its environment."\ncontext: "A recent scientific study has discovered a new species of frog in the Amazon rainforest that has the unique ability to change its skin color based on the temperature of its environment."\noutput: {"question": "What unique ability does the newly discovered species of frog have?", "noncommittal": 0}\n\nanswer: "Everest"\ncontext: "The tallest mountain on Earth, measured from sea level, is a renowned peak located in the Himalayas."\noutput: {"question": "What is the tallest mountain on Earth?", "noncommittal": 0}\n\nanswer: "I don\'t know about the  groundbreaking feature of the smartphone invented in 2023 as am unaware of information beyond 2022. "\ncontext: "In 2023, a groundbreaking invention was announced: a smartphone with a battery life of one month, revolutionizing the way people use mobile technology."\noutput: {"question": "What was the groundbreaking feature of the smartphone invented in 2023?", "noncommittal": 1}\n\nanswer: Yes, both American bands The Four Seasons and Local H were popular at the same time as the Beatles. The Four Seasons were noted as the most popular rock band before the Beatles, and Local H was formed in the late 1980s, so their popularity would have overlapped with the Beatles\' era.\ncontext: UFOFU was a rock band based in Dallas, Texas. The band consisted of Joseph Butcher, and brothers Brandon Curtis and Ben Curtis. It rose to local prominence in the mid-90\'s through word of mouth and slots opening for other north Texas bands such as Hagfish and Tripping Daisy. While touring, the band opened for Local H, Smoking Popes, The Geraldine Fibbers and Spacehog.\nUFOFU was a rock band based in Dallas, Texas. The band consisted of Joseph Butcher, and brothers Brandon Curtis and Ben Curtis. It rose to local prominence in the mid-90\'s through word of mouth and slots opening for other north Texas bands such as Hagfish and Tripping Daisy. While touring, the band opened for Local H, Smoking Popes, The Geraldine Fibbers and Spacehog.\nThe Four Seasons is an American rock and pop band that became internationally successful in the 1960s and 1970s. The Vocal Group Hall of Fame has stated that the group was the most popular rock band before the Beatles. Since 1970, they have also been known at times as Frankie Valli and the Four Seasons. In 1960, the group known as the Four Lovers evolved into the Four Seasons, with Frankie Valli as the lead singer, Bob Gaudio (formerly of the Royal Teens) on keyboards and tenor vocals, Tommy DeVito on lead guitar and baritone vocals, and Nick Massi on electric bass and bass vocals.\noutput: \n'}]

RAW RESPONSE:
{
  "question": "Were The Four Seasons and Local H popular at the same time as the Beatles?",
   "noncommittal": 0
}
==================================================
=== SYNC GENERATE ===
PROMPT:
[{'role': 'user', 'content': 'Create one or more statements from each sentence in the given answer.\nOutput in only valid JSON format.\n\nquestion: "Who was  Albert Einstein and what is he best known for?"\nanswer: "He was a German-born theoretical physicist, widely acknowledged to be one of the greatest and most influential physicists of all time. He was best known for developing the theory of relativity, he also made important contributions to the development of the theory of quantum mechanics."\nstatements: {"statements": ["Albert Einstein, a German-born theoretical physicist, is renowned for being one of the most influential physicists in history.", "Albert Einstein was best known for his theory of relativity.", "Einstein\'s contributions significantly advanced the field of quantum mechanics", "Recognized globally, Einstein\'s work has profoundly impacted the scientific community", "Einstein\'s groundbreaking theories continue to shape our understanding of physics today."]}\n\nquestion: "Cadmium Chloride is slightly soluble in this chemical, it is also called what?"\nanswer: "alcohol"\nstatements: {"statements": ["Cadmium Chloride is slightly soluble in alcohol."]}\n\nquestion: "Were Hitler and Benito Mussolini of the same nationality?"\nanswer: "Sorry, I can\'t provide answer to that question."\nstatements: {"statements": []}\n\nquestion: Are both American bands The Four Seasons and Local H popular around the Beatles were around?\nanswer: Yes, both American bands The Four Seasons and Local H were popular at the same time as the Beatles. The Four Seasons were noted as the most popular rock band before the Beatles, and Local H was formed in the late 1980s, so their popularity would have overlapped with the Beatles\' era.\nstatements: \n'}]

RAW RESPONSE:
{
  "statements": [
       "The Four Seasons was a popular American band during the same era as the Beatles.",
       "Local H, an American band, was formed in the late 1980s and overlapped with the Beatles' era in terms of popularity.",
       "The Four Seasons is noted as the most popular rock band before the rise of the Beatles.",
       "Both The Four Seasons and Local H achieved popularity around the same time as the Beatles."
   ]
}
==================================================
=== SYNC GENERATE ===
PROMPT:
[{'role': 'user', 'content': 'Given question, answer and context verify if the context was useful in arriving at the given answer. Give verdict as "1" if useful and "0" if not with json output. \nOutput in only valid JSON format.\n\nquestion: "What can you tell me about albert Albert Einstein?"\ncontext: "Albert Einstein (14 March 1879 – 18 April 1955) was a German-born theoretical physicist, widely held to be one of the greatest and most influential scientists of all time. Best known for developing the theory of relativity, he also made important contributions to quantum mechanics, and was thus a central figure in the revolutionary reshaping of the scientific understanding of nature that modern physics accomplished in the first decades of the twentieth century. His mass–energy equivalence formula E = mc2, which arises from relativity theory, has been called \\"the world\'s most famous equation\\". He received the 1921 Nobel Prize in Physics \\"for his services to theoretical physics, and especially for his discovery of the law of the photoelectric effect\\", a pivotal step in the development of quantum theory. His work is also known for its influence on the philosophy of science. In a 1999 poll of 130 leading physicists worldwide by the British journal Physics World, Einstein was ranked the greatest physicist of all time. His intellectual achievements and originality have made Einstein synonymous with genius."\nanswer: "Albert Einstein born in 14 March 1879 was German-born theoretical physicist, widely held to be one of the greatest and most influential scientists of all time. He received the 1921 Nobel Prize in Physics for his services to theoretical physics. He published 4 papers in 1905. Einstein moved to Switzerland in 1895"\nverification: {"reason": "The provided context was indeed useful in arriving at the given answer. The context includes key information about Albert Einstein\'s life and contributions, which are reflected in the answer.", "verdict": "1"}\n\nquestion: "who won 2020 icc world cup?"\ncontext: "The 2022 ICC Men\'s T20 World Cup, held from October 16 to November 13, 2022, in Australia, was the eighth edition of the tournament. Originally scheduled for 2020, it was postponed due to the COVID-19 pandemic. England emerged victorious, defeating Pakistan by five wickets in the final to clinch their second ICC Men\'s T20 World Cup title."\nanswer: "England"\nverification: {"reason": "the context was useful in clarifying the situation regarding the 2020 ICC World Cup and indicating that England was the winner of the tournament that was intended to be held in 2020 but actually took place in 2022.", "verdict": "1"}\n\nquestion: "What is the tallest mountain in the world?"\ncontext: "The Andes is the longest continental mountain range in the world, located in South America. It stretches across seven countries and features many of the highest peaks in the Western Hemisphere. The range is known for its diverse ecosystems, including the high-altitude Andean Plateau and the Amazon rainforest."\nanswer: "Mount Everest."\nverification: {"reason": "the provided context discusses the Andes mountain range, which, while impressive, does not include Mount Everest or directly relate to the question about the world\'s tallest mountain.", "verdict": "0"}\n\nquestion: Are both American bands The Four Seasons and Local H popular around the Beatles were around?\ncontext: The Four Seasons is an American rock and pop band that became internationally successful in the 1960s and 1970s. The Vocal Group Hall of Fame has stated that the group was the most popular rock band before the Beatles. Since 1970, they have also been known at times as Frankie Valli and the Four Seasons. In 1960, the group known as the Four Lovers evolved into the Four Seasons, with Frankie Valli as the lead singer, Bob Gaudio (formerly of the Royal Teens) on keyboards and tenor vocals, Tommy DeVito on lead guitar and baritone vocals, and Nick Massi on electric bass and bass vocals.\nanswer: Yes, both American bands The Four Seasons and Local H were popular at the same time as the Beatles. The Four Seasons were noted as the most popular rock band before the Beatles, and Local H was formed in the late 1980s, so their popularity would have overlapped with the Beatles\' era.\nverification: \n'}]

RAW RESPONSE:
{
  "reason": "The provided context does not mention Local H, and while it does discuss The Four Seasons in relation to their popularity before the Beatles, it does not support the claim about Local H being popular around the same time as the Beatles since Local H was formed in the late 1980s, long after the Beatles' era.",
   "verdict": "0"
}
==================================================
=== SYNC GENERATE ===
PROMPT:
[{'role': 'user', 'content': 'Natural language inference. Use only \'Yes\' (1), \'No\' (0) and \'Null\' (-1) as verdict.\nOutput in only valid JSON format.\n\ncontext: "John is a student at XYZ University. He is pursuing a degree in Computer Science. He is enrolled in several courses this semester, including Data Structures, Algorithms, and Database Management. John is a diligent student and spends a significant amount of time studying and completing assignments. He often stays late in the library to work on his projects."\nstatements: "\\n            statement_1: John is majoring in Biology.\\n            statement_2: John is taking a course on Artificial Intelligence.\\n            statement_3: John is a dedicated student.\\n            statement_4: John has a part-time job.\\n            "\nanswer: [{"statement_1": "John is majoring in Biology.", "reason": "John\'s major is explicitly mentioned as Computer Science. There is no information suggesting he is majoring in Biology.", "verdict": "0"}, {"statement_2": "John is taking a course on Artificial Intelligence.", "reason": "The context mentions the courses John is currently enrolled in, and Artificial Intelligence is not mentioned. Therefore, it cannot be deduced that John is taking a course on AI.", "verdict": "0"}, {"statement_3": "John is a dedicated student.", "reason": "The context states that he spends a significant amount of time studying and completing assignments. Additionally, it mentions that he often stays late in the library to work on his projects, which implies dedication.", "verdict": "1"}, {"statement_4": "John has a part-time job.", "reason": "There is no information given in the context about John having a part-time job.", "verdict": "0"}]\n\ncontext: "Photosynthesis is a process used by plants, algae, and certain bacteria to convert light energy into chemical energy."\nstatements: "statement_1: Albert Einstein was a genius."\nanswer: {"statement_1": "Albert Einstein was a genius.", "reason": "The context and statement are unrelated", "verdict": "0"}\n\ncontext: "Albert Einstein was a German-born theoretical physicist who is widely held to be one of the greatest and most influential scientists of all time."\nstatements: "statement_1: Nil"\nanswer: {"statement_1": "Nil", "reason": "The statement is invalid", "verdict": "-1"}\n\ncontext: UFOFU was a rock band based in Dallas, Texas. The band consisted of Joseph Butcher, and brothers Brandon Curtis and Ben Curtis. It rose to local prominence in the mid-90\'s through word of mouth and slots opening for other north Texas bands such as Hagfish and Tripping Daisy. While touring, the band opened for Local H, Smoking Popes, The Geraldine Fibbers and Spacehog.\nUFOFU was a rock band based in Dallas, Texas. The band consisted of Joseph Butcher, and brothers Brandon Curtis and Ben Curtis. It rose to local prominence in the mid-90\'s through word of mouth and slots opening for other north Texas bands such as Hagfish and Tripping Daisy. While touring, the band opened for Local H, Smoking Popes, The Geraldine Fibbers and Spacehog.\nThe Four Seasons is an American rock and pop band that became internationally successful in the 1960s and 1970s. The Vocal Group Hall of Fame has stated that the group was the most popular rock band before the Beatles. Since 1970, they have also been known at times as Frankie Valli and the Four Seasons. In 1960, the group known as the Four Lovers evolved into the Four Seasons, with Frankie Valli as the lead singer, Bob Gaudio (formerly of the Royal Teens) on keyboards and tenor vocals, Tommy DeVito on lead guitar and baritone vocals, and Nick Massi on electric bass and bass vocals.\nstatements: statement_1: The Four Seasons was a popular American band during the same era as the Beatles.\nstatement_2: Local H, an American band, was formed in the late 1980s and overlapped with the Beatles\' era in terms of popularity.\nstatement_3: The Four Seasons is noted as the most popular rock band before the rise of the Beatles.\nstatement_4: Both The Four Seasons and Local H achieved popularity around the same time as the Beatles.\nanswer: \n'}]

RAW RESPONSE:
[
{
  "statement_1": "The Four Seasons was a popular American band during the same era as the Beatles.",
   "reason": "The context states that The Four Seasons became internationally successful in the 1960s and 1970s, which is the same era as the Beatles.",
   "verdict": "1"
},
{
   "statement_2": "Local H, an American band, was formed in the late 1980s and overlapped with the Beatles' era in terms of popularity.",
   "reason": "The context does not mention Local H's formation date, but it does mention that UFOFU opened for Local H while touring, and UFOFU rose to prominence in the mid-90's. The Beatles' era was in the 1960s, which does not overlap with Local H's mentioned activities.",
   "verdict": "0"
},
{
   "statement_3": "The Four Seasons is noted as the most popular rock band before the rise of the Beatles.",
   "reason": "The context states that The Vocal Group Hall of Fame has stated that the group was the most popular rock band before the Beatles.",
   "verdict": "1"
},
{
   "statement_4": "Both The Four Seasons and Local H achieved popularity around the same time as the Beatles.",
   "reason": "While The Four Seasons did achieve popularity around the same time as the Beatles, there is no information in the context that suggests Local H was popular during the same era as the Beatles.",
   "verdict": "0"
}
]
==================================================
=== SYNC GENERATE ===
PROMPT:
[{'role': 'user', 'content': 'Given question, answer and context verify if the context was useful in arriving at the given answer. Give verdict as "1" if useful and "0" if not with json output. \nOutput in only valid JSON format.\n\nquestion: "What can you tell me about albert Albert Einstein?"\ncontext: "Albert Einstein (14 March 1879 – 18 April 1955) was a German-born theoretical physicist, widely held to be one of the greatest and most influential scientists of all time. Best known for developing the theory of relativity, he also made important contributions to quantum mechanics, and was thus a central figure in the revolutionary reshaping of the scientific understanding of nature that modern physics accomplished in the first decades of the twentieth century. His mass–energy equivalence formula E = mc2, which arises from relativity theory, has been called \\"the world\'s most famous equation\\". He received the 1921 Nobel Prize in Physics \\"for his services to theoretical physics, and especially for his discovery of the law of the photoelectric effect\\", a pivotal step in the development of quantum theory. His work is also known for its influence on the philosophy of science. In a 1999 poll of 130 leading physicists worldwide by the British journal Physics World, Einstein was ranked the greatest physicist of all time. His intellectual achievements and originality have made Einstein synonymous with genius."\nanswer: "Albert Einstein born in 14 March 1879 was German-born theoretical physicist, widely held to be one of the greatest and most influential scientists of all time. He received the 1921 Nobel Prize in Physics for his services to theoretical physics. He published 4 papers in 1905. Einstein moved to Switzerland in 1895"\nverification: {"reason": "The provided context was indeed useful in arriving at the given answer. The context includes key information about Albert Einstein\'s life and contributions, which are reflected in the answer.", "verdict": "1"}\n\nquestion: "who won 2020 icc world cup?"\ncontext: "The 2022 ICC Men\'s T20 World Cup, held from October 16 to November 13, 2022, in Australia, was the eighth edition of the tournament. Originally scheduled for 2020, it was postponed due to the COVID-19 pandemic. England emerged victorious, defeating Pakistan by five wickets in the final to clinch their second ICC Men\'s T20 World Cup title."\nanswer: "England"\nverification: {"reason": "the context was useful in clarifying the situation regarding the 2020 ICC World Cup and indicating that England was the winner of the tournament that was intended to be held in 2020 but actually took place in 2022.", "verdict": "1"}\n\nquestion: "What is the tallest mountain in the world?"\ncontext: "The Andes is the longest continental mountain range in the world, located in South America. It stretches across seven countries and features many of the highest peaks in the Western Hemisphere. The range is known for its diverse ecosystems, including the high-altitude Andean Plateau and the Amazon rainforest."\nanswer: "Mount Everest."\nverification: {"reason": "the provided context discusses the Andes mountain range, which, while impressive, does not include Mount Everest or directly relate to the question about the world\'s tallest mountain.", "verdict": "0"}\n\nquestion: The king deposed in the Glorious Revolution of 1688 was supported by the grandson of what Viscount Barnewall?\ncontext: James II and VII (14 October 1633 – 16 September 1701) was King of England and Ireland as James II and King of Scotland as James VII, from 6 February 1685 until he was deposed in the Glorious Revolution of 1688. He was the last Roman Catholic monarch of England, Scotland and Ireland.\nanswer: The king deposed in the Glorious Revolution of 1688 was supported by the grandson of the third Viscount Barnewall.\nverification: \n'}]

RAW RESPONSE:
{
  "reason": "The provided context does not mention the Viscount Barnewall or any connection to James II, making it unhelpful in determining the specific Viscount Barnewall related to the king's support.",
   "verdict": "0"
}
==================================================
=== SYNC GENERATE ===
PROMPT:
[{'role': 'user', 'content': 'Generate a question for the given answer and Identify if answer is noncommittal. Give noncommittal as 1 if the answer is noncommittal and 0 if the answer is committal. A noncommittal answer is one that is evasive, vague, or ambiguous. For example, "I don\'t know" or "I\'m not sure" are noncommittal answers.\nOutput in only valid JSON format.\n\nanswer: "Albert Einstein was born in Germany."\ncontext: "Albert Einstein was a German-born theoretical physicist who is widely held to be one of the greatest and most influential scientists of all time"\noutput: {"question": "Where was Albert Einstein born?", "noncommittal": 0}\n\nanswer: "It can change its skin color based on the temperature of its environment."\ncontext: "A recent scientific study has discovered a new species of frog in the Amazon rainforest that has the unique ability to change its skin color based on the temperature of its environment."\noutput: {"question": "What unique ability does the newly discovered species of frog have?", "noncommittal": 0}\n\nanswer: "Everest"\ncontext: "The tallest mountain on Earth, measured from sea level, is a renowned peak located in the Himalayas."\noutput: {"question": "What is the tallest mountain on Earth?", "noncommittal": 0}\n\nanswer: "I don\'t know about the  groundbreaking feature of the smartphone invented in 2023 as am unaware of information beyond 2022. "\ncontext: "In 2023, a groundbreaking invention was announced: a smartphone with a battery life of one month, revolutionizing the way people use mobile technology."\noutput: {"question": "What was the groundbreaking feature of the smartphone invented in 2023?", "noncommittal": 1}\n\nanswer: The king deposed in the Glorious Revolution of 1688 was supported by the grandson of the third Viscount Barnewall.\ncontext: James II and VII (14 October 1633 – 16 September 1701) was King of England and Ireland as James II and King of Scotland as James VII, from 6 February 1685 until he was deposed in the Glorious Revolution of 1688. He was the last Roman Catholic monarch of England, Scotland and Ireland.\nJames II and VII (14 October 1633 – 16 September 1701) was King of England and Ireland as James II and King of Scotland as James VII, from 6 February 1685 until he was deposed in the Glorious Revolution of 1688. He was the last Roman Catholic monarch of England, Scotland and Ireland.\nThe Glorious Revolution in Scotland was part of a wider change of regime, known as the Glorious Revolution or Revolution of 1688, in the British kingdoms of the Stuart monarchy in 1688–89. It began in England and saw the removal of the Catholic James VII of Scotland and II of England from the thrones of England, Scotland and Ireland and his replacement with his Protestant daughter Mary and her husband William of Orange.\noutput: \n'}]

RAW RESPONSE:
{
  "question": "Who was the king deposed in the Glorious Revolution of 1688 and who supported him?",
   "noncommittal": 0
}
==================================================
=== SYNC GENERATE ===
PROMPT:
[{'role': 'user', 'content': 'Given question, answer and context verify if the context was useful in arriving at the given answer. Give verdict as "1" if useful and "0" if not with json output. \nOutput in only valid JSON format.\n\nquestion: "What can you tell me about albert Albert Einstein?"\ncontext: "Albert Einstein (14 March 1879 – 18 April 1955) was a German-born theoretical physicist, widely held to be one of the greatest and most influential scientists of all time. Best known for developing the theory of relativity, he also made important contributions to quantum mechanics, and was thus a central figure in the revolutionary reshaping of the scientific understanding of nature that modern physics accomplished in the first decades of the twentieth century. His mass–energy equivalence formula E = mc2, which arises from relativity theory, has been called \\"the world\'s most famous equation\\". He received the 1921 Nobel Prize in Physics \\"for his services to theoretical physics, and especially for his discovery of the law of the photoelectric effect\\", a pivotal step in the development of quantum theory. His work is also known for its influence on the philosophy of science. In a 1999 poll of 130 leading physicists worldwide by the British journal Physics World, Einstein was ranked the greatest physicist of all time. His intellectual achievements and originality have made Einstein synonymous with genius."\nanswer: "Albert Einstein born in 14 March 1879 was German-born theoretical physicist, widely held to be one of the greatest and most influential scientists of all time. He received the 1921 Nobel Prize in Physics for his services to theoretical physics. He published 4 papers in 1905. Einstein moved to Switzerland in 1895"\nverification: {"reason": "The provided context was indeed useful in arriving at the given answer. The context includes key information about Albert Einstein\'s life and contributions, which are reflected in the answer.", "verdict": "1"}\n\nquestion: "who won 2020 icc world cup?"\ncontext: "The 2022 ICC Men\'s T20 World Cup, held from October 16 to November 13, 2022, in Australia, was the eighth edition of the tournament. Originally scheduled for 2020, it was postponed due to the COVID-19 pandemic. England emerged victorious, defeating Pakistan by five wickets in the final to clinch their second ICC Men\'s T20 World Cup title."\nanswer: "England"\nverification: {"reason": "the context was useful in clarifying the situation regarding the 2020 ICC World Cup and indicating that England was the winner of the tournament that was intended to be held in 2020 but actually took place in 2022.", "verdict": "1"}\n\nquestion: "What is the tallest mountain in the world?"\ncontext: "The Andes is the longest continental mountain range in the world, located in South America. It stretches across seven countries and features many of the highest peaks in the Western Hemisphere. The range is known for its diverse ecosystems, including the high-altitude Andean Plateau and the Amazon rainforest."\nanswer: "Mount Everest."\nverification: {"reason": "the provided context discusses the Andes mountain range, which, while impressive, does not include Mount Everest or directly relate to the question about the world\'s tallest mountain.", "verdict": "0"}\n\nquestion: The king deposed in the Glorious Revolution of 1688 was supported by the grandson of what Viscount Barnewall?\ncontext: The Glorious Revolution in Scotland was part of a wider change of regime, known as the Glorious Revolution or Revolution of 1688, in the British kingdoms of the Stuart monarchy in 1688–89. It began in England and saw the removal of the Catholic James VII of Scotland and II of England from the thrones of England, Scotland and Ireland and his replacement with his Protestant daughter Mary and her husband William of Orange.\nanswer: The king deposed in the Glorious Revolution of 1688 was supported by the grandson of the third Viscount Barnewall.\nverification: \n'}]

RAW RESPONSE:
{
  "reason": "The provided context does not mention the Viscount Barnewall or any connection to the king deposed in the Glorious Revolution of 1688, making it not useful in arriving at the given answer.",
   "verdict": "0"
}
==================================================
=== SYNC GENERATE ===
PROMPT:
[{'role': 'user', 'content': 'Create one or more statements from each sentence in the given answer.\nOutput in only valid JSON format.\n\nquestion: "Who was  Albert Einstein and what is he best known for?"\nanswer: "He was a German-born theoretical physicist, widely acknowledged to be one of the greatest and most influential physicists of all time. He was best known for developing the theory of relativity, he also made important contributions to the development of the theory of quantum mechanics."\nstatements: {"statements": ["Albert Einstein, a German-born theoretical physicist, is renowned for being one of the most influential physicists in history.", "Albert Einstein was best known for his theory of relativity.", "Einstein\'s contributions significantly advanced the field of quantum mechanics", "Recognized globally, Einstein\'s work has profoundly impacted the scientific community", "Einstein\'s groundbreaking theories continue to shape our understanding of physics today."]}\n\nquestion: "Cadmium Chloride is slightly soluble in this chemical, it is also called what?"\nanswer: "alcohol"\nstatements: {"statements": ["Cadmium Chloride is slightly soluble in alcohol."]}\n\nquestion: "Were Hitler and Benito Mussolini of the same nationality?"\nanswer: "Sorry, I can\'t provide answer to that question."\nstatements: {"statements": []}\n\nquestion: The king deposed in the Glorious Revolution of 1688 was supported by the grandson of what Viscount Barnewall?\nanswer: The king deposed in the Glorious Revolution of 1688 was supported by the grandson of the third Viscount Barnewall.\nstatements: \n'}]

RAW RESPONSE:
{
  "statements": [
       "The king deposed in the Glorious Revolution of 1688 was supported by the grandson of the third Viscount Barnewall.",
       "The third Viscount Barnewall's grandson played a role in supporting the deposed king of the Glorious Revolution."
   ]
}
==================================================
=== SYNC GENERATE ===
PROMPT:
[{'role': 'user', 'content': 'Natural language inference. Use only \'Yes\' (1), \'No\' (0) and \'Null\' (-1) as verdict.\nOutput in only valid JSON format.\n\ncontext: "John is a student at XYZ University. He is pursuing a degree in Computer Science. He is enrolled in several courses this semester, including Data Structures, Algorithms, and Database Management. John is a diligent student and spends a significant amount of time studying and completing assignments. He often stays late in the library to work on his projects."\nstatements: "\\n            statement_1: John is majoring in Biology.\\n            statement_2: John is taking a course on Artificial Intelligence.\\n            statement_3: John is a dedicated student.\\n            statement_4: John has a part-time job.\\n            "\nanswer: [{"statement_1": "John is majoring in Biology.", "reason": "John\'s major is explicitly mentioned as Computer Science. There is no information suggesting he is majoring in Biology.", "verdict": "0"}, {"statement_2": "John is taking a course on Artificial Intelligence.", "reason": "The context mentions the courses John is currently enrolled in, and Artificial Intelligence is not mentioned. Therefore, it cannot be deduced that John is taking a course on AI.", "verdict": "0"}, {"statement_3": "John is a dedicated student.", "reason": "The context states that he spends a significant amount of time studying and completing assignments. Additionally, it mentions that he often stays late in the library to work on his projects, which implies dedication.", "verdict": "1"}, {"statement_4": "John has a part-time job.", "reason": "There is no information given in the context about John having a part-time job.", "verdict": "0"}]\n\ncontext: "Photosynthesis is a process used by plants, algae, and certain bacteria to convert light energy into chemical energy."\nstatements: "statement_1: Albert Einstein was a genius."\nanswer: {"statement_1": "Albert Einstein was a genius.", "reason": "The context and statement are unrelated", "verdict": "0"}\n\ncontext: "Albert Einstein was a German-born theoretical physicist who is widely held to be one of the greatest and most influential scientists of all time."\nstatements: "statement_1: Nil"\nanswer: {"statement_1": "Nil", "reason": "The statement is invalid", "verdict": "-1"}\n\ncontext: James II and VII (14 October 1633 – 16 September 1701) was King of England and Ireland as James II and King of Scotland as James VII, from 6 February 1685 until he was deposed in the Glorious Revolution of 1688. He was the last Roman Catholic monarch of England, Scotland and Ireland.\nJames II and VII (14 October 1633 – 16 September 1701) was King of England and Ireland as James II and King of Scotland as James VII, from 6 February 1685 until he was deposed in the Glorious Revolution of 1688. He was the last Roman Catholic monarch of England, Scotland and Ireland.\nThe Glorious Revolution in Scotland was part of a wider change of regime, known as the Glorious Revolution or Revolution of 1688, in the British kingdoms of the Stuart monarchy in 1688–89. It began in England and saw the removal of the Catholic James VII of Scotland and II of England from the thrones of England, Scotland and Ireland and his replacement with his Protestant daughter Mary and her husband William of Orange.\nstatements: statement_1: The king deposed in the Glorious Revolution of 1688 was supported by the grandson of the third Viscount Barnewall.\nstatement_2: The third Viscount Barnewall\'s grandson played a role in supporting the deposed king of the Glorious Revolution.\nanswer: \n'}]

RAW RESPONSE:
{
  "statement_1": "The king deposed in the Glorious Revolution of 1688 was supported by the grandson of the third Viscount Barnewall.",
   "reason": "There is no information provided in the context about the third Viscount Barnewall or his grandson supporting the deposed king.",
   "verdict": "0"
}
==================================================
=== SYNC GENERATE ===
PROMPT:
[{'role': 'user', 'content': 'Create one or more statements from each sentence in the given answer.\nOutput in only valid JSON format.\n\nquestion: "Who was  Albert Einstein and what is he best known for?"\nanswer: "He was a German-born theoretical physicist, widely acknowledged to be one of the greatest and most influential physicists of all time. He was best known for developing the theory of relativity, he also made important contributions to the development of the theory of quantum mechanics."\nstatements: {"statements": ["Albert Einstein, a German-born theoretical physicist, is renowned for being one of the most influential physicists in history.", "Albert Einstein was best known for his theory of relativity.", "Einstein\'s contributions significantly advanced the field of quantum mechanics", "Recognized globally, Einstein\'s work has profoundly impacted the scientific community", "Einstein\'s groundbreaking theories continue to shape our understanding of physics today."]}\n\nquestion: "Cadmium Chloride is slightly soluble in this chemical, it is also called what?"\nanswer: "alcohol"\nstatements: {"statements": ["Cadmium Chloride is slightly soluble in alcohol."]}\n\nquestion: "Were Hitler and Benito Mussolini of the same nationality?"\nanswer: "Sorry, I can\'t provide answer to that question."\nstatements: {"statements": []}\n\nquestion:  No. 3 Elementary Flying Training School RAAF operated at an Airport during World War 2 that is closest to Which city center in Australia?\nanswer: No. 3 Elementary Flying Training School RAAF operated at Essendon Airport, which is the closest to Melbourne\'s City Centre in Australia.\nstatements: \n'}]

RAW RESPONSE:
{
  "statements": [
       "No. 3 Elementary Flying Training School RAAF was based at Essendon Airport during World War 2.",
       "Essendon Airport is the closest airport to Melbourne's city center in Australia.",
       "The No. 3 Elementary Flying Training School RAAF operated in proximity to Melbourne during World War 2."
   ]
}
==================================================
=== SYNC GENERATE ===
PROMPT:
[{'role': 'user', 'content': 'Generate a question for the given answer and Identify if answer is noncommittal. Give noncommittal as 1 if the answer is noncommittal and 0 if the answer is committal. A noncommittal answer is one that is evasive, vague, or ambiguous. For example, "I don\'t know" or "I\'m not sure" are noncommittal answers.\nOutput in only valid JSON format.\n\nanswer: "Albert Einstein was born in Germany."\ncontext: "Albert Einstein was a German-born theoretical physicist who is widely held to be one of the greatest and most influential scientists of all time"\noutput: {"question": "Where was Albert Einstein born?", "noncommittal": 0}\n\nanswer: "It can change its skin color based on the temperature of its environment."\ncontext: "A recent scientific study has discovered a new species of frog in the Amazon rainforest that has the unique ability to change its skin color based on the temperature of its environment."\noutput: {"question": "What unique ability does the newly discovered species of frog have?", "noncommittal": 0}\n\nanswer: "Everest"\ncontext: "The tallest mountain on Earth, measured from sea level, is a renowned peak located in the Himalayas."\noutput: {"question": "What is the tallest mountain on Earth?", "noncommittal": 0}\n\nanswer: "I don\'t know about the  groundbreaking feature of the smartphone invented in 2023 as am unaware of information beyond 2022. "\ncontext: "In 2023, a groundbreaking invention was announced: a smartphone with a battery life of one month, revolutionizing the way people use mobile technology."\noutput: {"question": "What was the groundbreaking feature of the smartphone invented in 2023?", "noncommittal": 1}\n\nanswer: No. 3 Elementary Flying Training School RAAF operated at Essendon Airport, which is the closest to Melbourne\'s City Centre in Australia.\ncontext: Essendon Airport (IATA: MEB, ICAO: YMEN) is a 305 ha public airport serving scheduled commercial, corporate-jet, charter and general aviation flights. It is located next to the intersection of the Tullamarine and Calder Freeways, in the northern suburb of Essendon Fields of Melbourne, Victoria, Australia. The airport is the closest to Melbourne\'s City Centre, approximately a 13 km drive north-west from it and 8 km south-east from Melbourne Tullamarine Airport. In 1970, Tullamarine Airport replaced Essendon as Melbourne\'s main airport.\nEssendon Airport (IATA: MEB, ICAO: YMEN) is a 305 ha public airport serving scheduled commercial, corporate-jet, charter and general aviation flights. It is located next to the intersection of the Tullamarine and Calder Freeways, in the northern suburb of Essendon Fields of Melbourne, Victoria, Australia. The airport is the closest to Melbourne\'s City Centre, approximately a 13 km drive north-west from it and 8 km south-east from Melbourne Tullamarine Airport. In 1970, Tullamarine Airport replaced Essendon as Melbourne\'s main airport.\nPioneer Park is a 44-acre (109-ha) city park in Fairbanks, Alaska, United States run by the Fairbanks North Star Borough Department of Parks and Recreation. The park commemorates early Alaskan history with multiple museums and historic displays on site. The park is located along the Chena River and is accessible from Peger and Airport Roads. A waterfront path connects the park to the Carlson Center, Growden Memorial Park and downtown Fairbanks. There is no admission fee to enter the park, though many of the museums and attractions do charge an entrance fee. Concessions are open from Memorial Day weekend through Labor Day, though the park is open year round and some events are held in the off-season. Free wi-fi is available.\noutput: \n'}]

RAW RESPONSE:
{
  "question": "What Royal Australian Air Force (RAAF) school operated at Essendon Airport?",
   "noncommittal": 0
}
==================================================
=== SYNC GENERATE ===
PROMPT:
[{'role': 'user', 'content': 'Given question, answer and context verify if the context was useful in arriving at the given answer. Give verdict as "1" if useful and "0" if not with json output. \nOutput in only valid JSON format.\n\nquestion: "What can you tell me about albert Albert Einstein?"\ncontext: "Albert Einstein (14 March 1879 – 18 April 1955) was a German-born theoretical physicist, widely held to be one of the greatest and most influential scientists of all time. Best known for developing the theory of relativity, he also made important contributions to quantum mechanics, and was thus a central figure in the revolutionary reshaping of the scientific understanding of nature that modern physics accomplished in the first decades of the twentieth century. His mass–energy equivalence formula E = mc2, which arises from relativity theory, has been called \\"the world\'s most famous equation\\". He received the 1921 Nobel Prize in Physics \\"for his services to theoretical physics, and especially for his discovery of the law of the photoelectric effect\\", a pivotal step in the development of quantum theory. His work is also known for its influence on the philosophy of science. In a 1999 poll of 130 leading physicists worldwide by the British journal Physics World, Einstein was ranked the greatest physicist of all time. His intellectual achievements and originality have made Einstein synonymous with genius."\nanswer: "Albert Einstein born in 14 March 1879 was German-born theoretical physicist, widely held to be one of the greatest and most influential scientists of all time. He received the 1921 Nobel Prize in Physics for his services to theoretical physics. He published 4 papers in 1905. Einstein moved to Switzerland in 1895"\nverification: {"reason": "The provided context was indeed useful in arriving at the given answer. The context includes key information about Albert Einstein\'s life and contributions, which are reflected in the answer.", "verdict": "1"}\n\nquestion: "who won 2020 icc world cup?"\ncontext: "The 2022 ICC Men\'s T20 World Cup, held from October 16 to November 13, 2022, in Australia, was the eighth edition of the tournament. Originally scheduled for 2020, it was postponed due to the COVID-19 pandemic. England emerged victorious, defeating Pakistan by five wickets in the final to clinch their second ICC Men\'s T20 World Cup title."\nanswer: "England"\nverification: {"reason": "the context was useful in clarifying the situation regarding the 2020 ICC World Cup and indicating that England was the winner of the tournament that was intended to be held in 2020 but actually took place in 2022.", "verdict": "1"}\n\nquestion: "What is the tallest mountain in the world?"\ncontext: "The Andes is the longest continental mountain range in the world, located in South America. It stretches across seven countries and features many of the highest peaks in the Western Hemisphere. The range is known for its diverse ecosystems, including the high-altitude Andean Plateau and the Amazon rainforest."\nanswer: "Mount Everest."\nverification: {"reason": "the provided context discusses the Andes mountain range, which, while impressive, does not include Mount Everest or directly relate to the question about the world\'s tallest mountain.", "verdict": "0"}\n\nquestion:  No. 3 Elementary Flying Training School RAAF operated at an Airport during World War 2 that is closest to Which city center in Australia?\ncontext: Essendon Airport (IATA: MEB, ICAO: YMEN) is a 305 ha public airport serving scheduled commercial, corporate-jet, charter and general aviation flights. It is located next to the intersection of the Tullamarine and Calder Freeways, in the northern suburb of Essendon Fields of Melbourne, Victoria, Australia. The airport is the closest to Melbourne\'s City Centre, approximately a 13 km drive north-west from it and 8 km south-east from Melbourne Tullamarine Airport. In 1970, Tullamarine Airport replaced Essendon as Melbourne\'s main airport.\nanswer: No. 3 Elementary Flying Training School RAAF operated at Essendon Airport, which is the closest to Melbourne\'s City Centre in Australia.\nverification: \n'}]

RAW RESPONSE:
{
  "reason": "The provided context directly mentions that Essendon Airport is the closest to Melbourne's City Centre, which aligns with the information in the answer about No. 3 Elementary Flying Training School RAAF operating at an airport closest to Melbourne's city center.",
   "verdict": "1"
}
==================================================
=== SYNC GENERATE ===
PROMPT:
[{'role': 'user', 'content': 'Natural language inference. Use only \'Yes\' (1), \'No\' (0) and \'Null\' (-1) as verdict.\nOutput in only valid JSON format.\n\ncontext: "John is a student at XYZ University. He is pursuing a degree in Computer Science. He is enrolled in several courses this semester, including Data Structures, Algorithms, and Database Management. John is a diligent student and spends a significant amount of time studying and completing assignments. He often stays late in the library to work on his projects."\nstatements: "\\n            statement_1: John is majoring in Biology.\\n            statement_2: John is taking a course on Artificial Intelligence.\\n            statement_3: John is a dedicated student.\\n            statement_4: John has a part-time job.\\n            "\nanswer: [{"statement_1": "John is majoring in Biology.", "reason": "John\'s major is explicitly mentioned as Computer Science. There is no information suggesting he is majoring in Biology.", "verdict": "0"}, {"statement_2": "John is taking a course on Artificial Intelligence.", "reason": "The context mentions the courses John is currently enrolled in, and Artificial Intelligence is not mentioned. Therefore, it cannot be deduced that John is taking a course on AI.", "verdict": "0"}, {"statement_3": "John is a dedicated student.", "reason": "The context states that he spends a significant amount of time studying and completing assignments. Additionally, it mentions that he often stays late in the library to work on his projects, which implies dedication.", "verdict": "1"}, {"statement_4": "John has a part-time job.", "reason": "There is no information given in the context about John having a part-time job.", "verdict": "0"}]\n\ncontext: "Photosynthesis is a process used by plants, algae, and certain bacteria to convert light energy into chemical energy."\nstatements: "statement_1: Albert Einstein was a genius."\nanswer: {"statement_1": "Albert Einstein was a genius.", "reason": "The context and statement are unrelated", "verdict": "0"}\n\ncontext: "Albert Einstein was a German-born theoretical physicist who is widely held to be one of the greatest and most influential scientists of all time."\nstatements: "statement_1: Nil"\nanswer: {"statement_1": "Nil", "reason": "The statement is invalid", "verdict": "-1"}\n\ncontext: Essendon Airport (IATA: MEB, ICAO: YMEN) is a 305 ha public airport serving scheduled commercial, corporate-jet, charter and general aviation flights. It is located next to the intersection of the Tullamarine and Calder Freeways, in the northern suburb of Essendon Fields of Melbourne, Victoria, Australia. The airport is the closest to Melbourne\'s City Centre, approximately a 13 km drive north-west from it and 8 km south-east from Melbourne Tullamarine Airport. In 1970, Tullamarine Airport replaced Essendon as Melbourne\'s main airport.\nEssendon Airport (IATA: MEB, ICAO: YMEN) is a 305 ha public airport serving scheduled commercial, corporate-jet, charter and general aviation flights. It is located next to the intersection of the Tullamarine and Calder Freeways, in the northern suburb of Essendon Fields of Melbourne, Victoria, Australia. The airport is the closest to Melbourne\'s City Centre, approximately a 13 km drive north-west from it and 8 km south-east from Melbourne Tullamarine Airport. In 1970, Tullamarine Airport replaced Essendon as Melbourne\'s main airport.\nPioneer Park is a 44-acre (109-ha) city park in Fairbanks, Alaska, United States run by the Fairbanks North Star Borough Department of Parks and Recreation. The park commemorates early Alaskan history with multiple museums and historic displays on site. The park is located along the Chena River and is accessible from Peger and Airport Roads. A waterfront path connects the park to the Carlson Center, Growden Memorial Park and downtown Fairbanks. There is no admission fee to enter the park, though many of the museums and attractions do charge an entrance fee. Concessions are open from Memorial Day weekend through Labor Day, though the park is open year round and some events are held in the off-season. Free wi-fi is available.\nstatements: statement_1: No. 3 Elementary Flying Training School RAAF was based at Essendon Airport during World War 2.\nstatement_2: Essendon Airport is the closest airport to Melbourne\'s city center in Australia.\nstatement_3: The No. 3 Elementary Flying Training School RAAF operated in proximity to Melbourne during World War 2.\nanswer: \n'}]

RAW RESPONSE:
[
{
  "statement_1": "No. 3 Elementary Flying Training School RAAF was based at Essendon Airport during World War 2.",
   "reason": "There is no information provided in the context about the No. 3 Elementary Flying Training School RAAF being based at Essendon Airport during World War 2.",
   "verdict": "0"
},
{
   "statement_2": "Essendon Airport is the closest airport to Melbourne's city center in Australia.",
   "reason": "The context states that Essendon Airport is the closest to Melbourne's City Centre, approximately a 13 km drive north-west from it.",
   "verdict": "1"
},
{
   "statement_3": "The No. 3 Elementary Flying Training School RAAF operated in proximity to Melbourne during World War 2.",
   "reason": "There is no information provided in the context about the No. 3 Elementary Flying Training School RAAF operating in proximity to Melbourne during World War 2.",
   "verdict": "0"
}
]
==================================================
=== SYNC GENERATE ===
PROMPT:
[{'role': 'user', 'content': 'Given question, answer and context verify if the context was useful in arriving at the given answer. Give verdict as "1" if useful and "0" if not with json output. \nOutput in only valid JSON format.\n\nquestion: "What can you tell me about albert Albert Einstein?"\ncontext: "Albert Einstein (14 March 1879 – 18 April 1955) was a German-born theoretical physicist, widely held to be one of the greatest and most influential scientists of all time. Best known for developing the theory of relativity, he also made important contributions to quantum mechanics, and was thus a central figure in the revolutionary reshaping of the scientific understanding of nature that modern physics accomplished in the first decades of the twentieth century. His mass–energy equivalence formula E = mc2, which arises from relativity theory, has been called \\"the world\'s most famous equation\\". He received the 1921 Nobel Prize in Physics \\"for his services to theoretical physics, and especially for his discovery of the law of the photoelectric effect\\", a pivotal step in the development of quantum theory. His work is also known for its influence on the philosophy of science. In a 1999 poll of 130 leading physicists worldwide by the British journal Physics World, Einstein was ranked the greatest physicist of all time. His intellectual achievements and originality have made Einstein synonymous with genius."\nanswer: "Albert Einstein born in 14 March 1879 was German-born theoretical physicist, widely held to be one of the greatest and most influential scientists of all time. He received the 1921 Nobel Prize in Physics for his services to theoretical physics. He published 4 papers in 1905. Einstein moved to Switzerland in 1895"\nverification: {"reason": "The provided context was indeed useful in arriving at the given answer. The context includes key information about Albert Einstein\'s life and contributions, which are reflected in the answer.", "verdict": "1"}\n\nquestion: "who won 2020 icc world cup?"\ncontext: "The 2022 ICC Men\'s T20 World Cup, held from October 16 to November 13, 2022, in Australia, was the eighth edition of the tournament. Originally scheduled for 2020, it was postponed due to the COVID-19 pandemic. England emerged victorious, defeating Pakistan by five wickets in the final to clinch their second ICC Men\'s T20 World Cup title."\nanswer: "England"\nverification: {"reason": "the context was useful in clarifying the situation regarding the 2020 ICC World Cup and indicating that England was the winner of the tournament that was intended to be held in 2020 but actually took place in 2022.", "verdict": "1"}\n\nquestion: "What is the tallest mountain in the world?"\ncontext: "The Andes is the longest continental mountain range in the world, located in South America. It stretches across seven countries and features many of the highest peaks in the Western Hemisphere. The range is known for its diverse ecosystems, including the high-altitude Andean Plateau and the Amazon rainforest."\nanswer: "Mount Everest."\nverification: {"reason": "the provided context discusses the Andes mountain range, which, while impressive, does not include Mount Everest or directly relate to the question about the world\'s tallest mountain.", "verdict": "0"}\n\nquestion:  No. 3 Elementary Flying Training School RAAF operated at an Airport during World War 2 that is closest to Which city center in Australia?\ncontext: Pioneer Park is a 44-acre (109-ha) city park in Fairbanks, Alaska, United States run by the Fairbanks North Star Borough Department of Parks and Recreation. The park commemorates early Alaskan history with multiple museums and historic displays on site. The park is located along the Chena River and is accessible from Peger and Airport Roads. A waterfront path connects the park to the Carlson Center, Growden Memorial Park and downtown Fairbanks. There is no admission fee to enter the park, though many of the museums and attractions do charge an entrance fee. Concessions are open from Memorial Day weekend through Labor Day, though the park is open year round and some events are held in the off-season. Free wi-fi is available.\nanswer: No. 3 Elementary Flying Training School RAAF operated at Essendon Airport, which is the closest to Melbourne\'s City Centre in Australia.\nverification: \n'}]

RAW RESPONSE:
{
  "reason": "The provided context does not mention Australia, World War 2, RAAF, or any airports in Australia, making it completely unrelated to the question about the location of No. 3 Elementary Flying Training School RAAF.",
   "verdict": "0"
}
==================================================
=== SYNC GENERATE ===
PROMPT:
[{'role': 'user', 'content': 'Given question, answer and context verify if the context was useful in arriving at the given answer. Give verdict as "1" if useful and "0" if not with json output. \nOutput in only valid JSON format.\n\nquestion: "What can you tell me about albert Albert Einstein?"\ncontext: "Albert Einstein (14 March 1879 – 18 April 1955) was a German-born theoretical physicist, widely held to be one of the greatest and most influential scientists of all time. Best known for developing the theory of relativity, he also made important contributions to quantum mechanics, and was thus a central figure in the revolutionary reshaping of the scientific understanding of nature that modern physics accomplished in the first decades of the twentieth century. His mass–energy equivalence formula E = mc2, which arises from relativity theory, has been called \\"the world\'s most famous equation\\". He received the 1921 Nobel Prize in Physics \\"for his services to theoretical physics, and especially for his discovery of the law of the photoelectric effect\\", a pivotal step in the development of quantum theory. His work is also known for its influence on the philosophy of science. In a 1999 poll of 130 leading physicists worldwide by the British journal Physics World, Einstein was ranked the greatest physicist of all time. His intellectual achievements and originality have made Einstein synonymous with genius."\nanswer: "Albert Einstein born in 14 March 1879 was German-born theoretical physicist, widely held to be one of the greatest and most influential scientists of all time. He received the 1921 Nobel Prize in Physics for his services to theoretical physics. He published 4 papers in 1905. Einstein moved to Switzerland in 1895"\nverification: {"reason": "The provided context was indeed useful in arriving at the given answer. The context includes key information about Albert Einstein\'s life and contributions, which are reflected in the answer.", "verdict": "1"}\n\nquestion: "who won 2020 icc world cup?"\ncontext: "The 2022 ICC Men\'s T20 World Cup, held from October 16 to November 13, 2022, in Australia, was the eighth edition of the tournament. Originally scheduled for 2020, it was postponed due to the COVID-19 pandemic. England emerged victorious, defeating Pakistan by five wickets in the final to clinch their second ICC Men\'s T20 World Cup title."\nanswer: "England"\nverification: {"reason": "the context was useful in clarifying the situation regarding the 2020 ICC World Cup and indicating that England was the winner of the tournament that was intended to be held in 2020 but actually took place in 2022.", "verdict": "1"}\n\nquestion: "What is the tallest mountain in the world?"\ncontext: "The Andes is the longest continental mountain range in the world, located in South America. It stretches across seven countries and features many of the highest peaks in the Western Hemisphere. The range is known for its diverse ecosystems, including the high-altitude Andean Plateau and the Amazon rainforest."\nanswer: "Mount Everest."\nverification: {"reason": "the provided context discusses the Andes mountain range, which, while impressive, does not include Mount Everest or directly relate to the question about the world\'s tallest mountain.", "verdict": "0"}\n\nquestion: Where are Catcha Lake and Hedley Mascot Mine located?\ncontext: Catcha Lake is a Canadian lake located in the central part of Nova Scotia\'s Halifax Regional Municipality.\nanswer: Catcha Lake is located in the central part of Nova Scotia\'s Halifax Regional Municipality in Canada. The Hedley Mascot Mine is located in Hedley, British Columbia, Canada.\nverification: \n'}]

RAW RESPONSE:
{
  "reason": "The provided context was useful in determining the location of Catcha Lake, as it directly states that Catcha Lake is located in the central part of Nova Scotia's Halifax Regional Municipality. However, it does not provide information about the Hedley Mascot Mine.",
   "verdict": "1"
}
==================================================
=== SYNC GENERATE ===
PROMPT:
[{'role': 'user', 'content': 'Generate a question for the given answer and Identify if answer is noncommittal. Give noncommittal as 1 if the answer is noncommittal and 0 if the answer is committal. A noncommittal answer is one that is evasive, vague, or ambiguous. For example, "I don\'t know" or "I\'m not sure" are noncommittal answers.\nOutput in only valid JSON format.\n\nanswer: "Albert Einstein was born in Germany."\ncontext: "Albert Einstein was a German-born theoretical physicist who is widely held to be one of the greatest and most influential scientists of all time"\noutput: {"question": "Where was Albert Einstein born?", "noncommittal": 0}\n\nanswer: "It can change its skin color based on the temperature of its environment."\ncontext: "A recent scientific study has discovered a new species of frog in the Amazon rainforest that has the unique ability to change its skin color based on the temperature of its environment."\noutput: {"question": "What unique ability does the newly discovered species of frog have?", "noncommittal": 0}\n\nanswer: "Everest"\ncontext: "The tallest mountain on Earth, measured from sea level, is a renowned peak located in the Himalayas."\noutput: {"question": "What is the tallest mountain on Earth?", "noncommittal": 0}\n\nanswer: "I don\'t know about the  groundbreaking feature of the smartphone invented in 2023 as am unaware of information beyond 2022. "\ncontext: "In 2023, a groundbreaking invention was announced: a smartphone with a battery life of one month, revolutionizing the way people use mobile technology."\noutput: {"question": "What was the groundbreaking feature of the smartphone invented in 2023?", "noncommittal": 1}\n\nanswer: Catcha Lake is located in the central part of Nova Scotia\'s Halifax Regional Municipality in Canada. The Hedley Mascot Mine is located in Hedley, British Columbia, Canada.\ncontext: Catcha Lake is a Canadian lake located in the central part of Nova Scotia\'s Halifax Regional Municipality.\nCatcha Lake is a Canadian lake located in the central part of Nova Scotia\'s Halifax Regional Municipality.\nLocal H\'s Awesome Mix Tape #2 is an extended play by American alternative rock duo Local H, which was released in December 2014 through their merchandiser, G&P Records. Their version of Team was previously released as "The Team EP", which was sold exclusively through live shows and from the official G&P Records website.\noutput: \n'}]

RAW RESPONSE:
{
  "question": "Where is Catcha Lake located?",
   "noncommittal": 0
}
==================================================
=== SYNC GENERATE ===
PROMPT:
[{'role': 'user', 'content': 'Create one or more statements from each sentence in the given answer.\nOutput in only valid JSON format.\n\nquestion: "Who was  Albert Einstein and what is he best known for?"\nanswer: "He was a German-born theoretical physicist, widely acknowledged to be one of the greatest and most influential physicists of all time. He was best known for developing the theory of relativity, he also made important contributions to the development of the theory of quantum mechanics."\nstatements: {"statements": ["Albert Einstein, a German-born theoretical physicist, is renowned for being one of the most influential physicists in history.", "Albert Einstein was best known for his theory of relativity.", "Einstein\'s contributions significantly advanced the field of quantum mechanics", "Recognized globally, Einstein\'s work has profoundly impacted the scientific community", "Einstein\'s groundbreaking theories continue to shape our understanding of physics today."]}\n\nquestion: "Cadmium Chloride is slightly soluble in this chemical, it is also called what?"\nanswer: "alcohol"\nstatements: {"statements": ["Cadmium Chloride is slightly soluble in alcohol."]}\n\nquestion: "Were Hitler and Benito Mussolini of the same nationality?"\nanswer: "Sorry, I can\'t provide answer to that question."\nstatements: {"statements": []}\n\nquestion: Where are Catcha Lake and Hedley Mascot Mine located?\nanswer: Catcha Lake is located in the central part of Nova Scotia\'s Halifax Regional Municipality in Canada. The Hedley Mascot Mine is located in Hedley, British Columbia, Canada.\nstatements: \n'}]

RAW RESPONSE:
{
  "statements": [
       "Catcha Lake is located in the central part of Nova Scotia's Halifax Regional Municipality in Canada.",
       "The Hedley Mascot Mine is located in Hedley, British Columbia, Canada.",
       "Both Catcha Lake and Hedley Mascot Mine are located in Canada.",
       "Catcha Lake is situated in Nova Scotia, while the Hedley Mascot Mine is situated in British Columbia."
   ]
}
==================================================
=== SYNC GENERATE ===
PROMPT:
[{'role': 'user', 'content': 'Given question, answer and context verify if the context was useful in arriving at the given answer. Give verdict as "1" if useful and "0" if not with json output. \nOutput in only valid JSON format.\n\nquestion: "What can you tell me about albert Albert Einstein?"\ncontext: "Albert Einstein (14 March 1879 – 18 April 1955) was a German-born theoretical physicist, widely held to be one of the greatest and most influential scientists of all time. Best known for developing the theory of relativity, he also made important contributions to quantum mechanics, and was thus a central figure in the revolutionary reshaping of the scientific understanding of nature that modern physics accomplished in the first decades of the twentieth century. His mass–energy equivalence formula E = mc2, which arises from relativity theory, has been called \\"the world\'s most famous equation\\". He received the 1921 Nobel Prize in Physics \\"for his services to theoretical physics, and especially for his discovery of the law of the photoelectric effect\\", a pivotal step in the development of quantum theory. His work is also known for its influence on the philosophy of science. In a 1999 poll of 130 leading physicists worldwide by the British journal Physics World, Einstein was ranked the greatest physicist of all time. His intellectual achievements and originality have made Einstein synonymous with genius."\nanswer: "Albert Einstein born in 14 March 1879 was German-born theoretical physicist, widely held to be one of the greatest and most influential scientists of all time. He received the 1921 Nobel Prize in Physics for his services to theoretical physics. He published 4 papers in 1905. Einstein moved to Switzerland in 1895"\nverification: {"reason": "The provided context was indeed useful in arriving at the given answer. The context includes key information about Albert Einstein\'s life and contributions, which are reflected in the answer.", "verdict": "1"}\n\nquestion: "who won 2020 icc world cup?"\ncontext: "The 2022 ICC Men\'s T20 World Cup, held from October 16 to November 13, 2022, in Australia, was the eighth edition of the tournament. Originally scheduled for 2020, it was postponed due to the COVID-19 pandemic. England emerged victorious, defeating Pakistan by five wickets in the final to clinch their second ICC Men\'s T20 World Cup title."\nanswer: "England"\nverification: {"reason": "the context was useful in clarifying the situation regarding the 2020 ICC World Cup and indicating that England was the winner of the tournament that was intended to be held in 2020 but actually took place in 2022.", "verdict": "1"}\n\nquestion: "What is the tallest mountain in the world?"\ncontext: "The Andes is the longest continental mountain range in the world, located in South America. It stretches across seven countries and features many of the highest peaks in the Western Hemisphere. The range is known for its diverse ecosystems, including the high-altitude Andean Plateau and the Amazon rainforest."\nanswer: "Mount Everest."\nverification: {"reason": "the provided context discusses the Andes mountain range, which, while impressive, does not include Mount Everest or directly relate to the question about the world\'s tallest mountain.", "verdict": "0"}\n\nquestion: Where are Catcha Lake and Hedley Mascot Mine located?\ncontext: Local H\'s Awesome Mix Tape #2 is an extended play by American alternative rock duo Local H, which was released in December 2014 through their merchandiser, G&P Records. Their version of Team was previously released as "The Team EP", which was sold exclusively through live shows and from the official G&P Records website.\nanswer: Catcha Lake is located in the central part of Nova Scotia\'s Halifax Regional Municipality in Canada. The Hedley Mascot Mine is located in Hedley, British Columbia, Canada.\nverification: \n'}]

RAW RESPONSE:
{
  "reason": "The provided context does not mention Catcha Lake or Hedley Mascot Mine, and instead discusses an alternative rock duo and their music releases, which has no relevance to the question about the locations of Catcha Lake and Hedley Mascot Mine.",
   "verdict": "0"
}
==================================================
=== SYNC GENERATE ===
PROMPT:
[{'role': 'user', 'content': 'Natural language inference. Use only \'Yes\' (1), \'No\' (0) and \'Null\' (-1) as verdict.\nOutput in only valid JSON format.\n\ncontext: "John is a student at XYZ University. He is pursuing a degree in Computer Science. He is enrolled in several courses this semester, including Data Structures, Algorithms, and Database Management. John is a diligent student and spends a significant amount of time studying and completing assignments. He often stays late in the library to work on his projects."\nstatements: "\\n            statement_1: John is majoring in Biology.\\n            statement_2: John is taking a course on Artificial Intelligence.\\n            statement_3: John is a dedicated student.\\n            statement_4: John has a part-time job.\\n            "\nanswer: [{"statement_1": "John is majoring in Biology.", "reason": "John\'s major is explicitly mentioned as Computer Science. There is no information suggesting he is majoring in Biology.", "verdict": "0"}, {"statement_2": "John is taking a course on Artificial Intelligence.", "reason": "The context mentions the courses John is currently enrolled in, and Artificial Intelligence is not mentioned. Therefore, it cannot be deduced that John is taking a course on AI.", "verdict": "0"}, {"statement_3": "John is a dedicated student.", "reason": "The context states that he spends a significant amount of time studying and completing assignments. Additionally, it mentions that he often stays late in the library to work on his projects, which implies dedication.", "verdict": "1"}, {"statement_4": "John has a part-time job.", "reason": "There is no information given in the context about John having a part-time job.", "verdict": "0"}]\n\ncontext: "Photosynthesis is a process used by plants, algae, and certain bacteria to convert light energy into chemical energy."\nstatements: "statement_1: Albert Einstein was a genius."\nanswer: {"statement_1": "Albert Einstein was a genius.", "reason": "The context and statement are unrelated", "verdict": "0"}\n\ncontext: "Albert Einstein was a German-born theoretical physicist who is widely held to be one of the greatest and most influential scientists of all time."\nstatements: "statement_1: Nil"\nanswer: {"statement_1": "Nil", "reason": "The statement is invalid", "verdict": "-1"}\n\ncontext: Catcha Lake is a Canadian lake located in the central part of Nova Scotia\'s Halifax Regional Municipality.\nCatcha Lake is a Canadian lake located in the central part of Nova Scotia\'s Halifax Regional Municipality.\nLocal H\'s Awesome Mix Tape #2 is an extended play by American alternative rock duo Local H, which was released in December 2014 through their merchandiser, G&P Records. Their version of Team was previously released as "The Team EP", which was sold exclusively through live shows and from the official G&P Records website.\nstatements: statement_1: Catcha Lake is located in the central part of Nova Scotia\'s Halifax Regional Municipality in Canada.\nstatement_2: The Hedley Mascot Mine is located in Hedley, British Columbia, Canada.\nstatement_3: Both Catcha Lake and Hedley Mascot Mine are located in Canada.\nstatement_4: Catcha Lake is situated in Nova Scotia, while the Hedley Mascot Mine is situated in British Columbia.\nanswer: \n'}]

RAW RESPONSE:
[
{
  "statement_1": "Catcha Lake is located in the central part of Nova Scotia's Halifax Regional Municipality in Canada.",
   "reason": "The context explicitly states that Catcha Lake is located in the central part of Nova Scotia's Halifax Regional Municipality.",
   "verdict": 1
},
{
   "statement_2": "The Hedley Mascot Mine is located in Hedley, British Columbia, Canada.",
   "reason": "There is no information in the context about the Hedley Mascot Mine.",
   "verdict": 0
},
{
   "statement_3": "Both Catcha Lake and Hedley Mascot Mine are located in Canada.",
   "reason": "While Catcha Lake is confirmed to be in Canada, there is no information about the Hedley Mascot Mine in the context.",
   "verdict": 0
},
{
   "statement_4": "Catcha Lake is situated in Nova Scotia, while the Hedley Mascot Mine is situated in British Columbia.",
   "reason": "The context confirms Catcha Lake is in Nova Scotia, but there is no information about the Hedley Mascot Mine.",
   "verdict": 0
}
]
==================================================
=== SYNC GENERATE ===
PROMPT:
[{'role': 'user', 'content': 'Create one or more statements from each sentence in the given answer.\nOutput in only valid JSON format.\n\nquestion: "Who was  Albert Einstein and what is he best known for?"\nanswer: "He was a German-born theoretical physicist, widely acknowledged to be one of the greatest and most influential physicists of all time. He was best known for developing the theory of relativity, he also made important contributions to the development of the theory of quantum mechanics."\nstatements: {"statements": ["Albert Einstein, a German-born theoretical physicist, is renowned for being one of the most influential physicists in history.", "Albert Einstein was best known for his theory of relativity.", "Einstein\'s contributions significantly advanced the field of quantum mechanics", "Recognized globally, Einstein\'s work has profoundly impacted the scientific community", "Einstein\'s groundbreaking theories continue to shape our understanding of physics today."]}\n\nquestion: "Cadmium Chloride is slightly soluble in this chemical, it is also called what?"\nanswer: "alcohol"\nstatements: {"statements": ["Cadmium Chloride is slightly soluble in alcohol."]}\n\nquestion: "Were Hitler and Benito Mussolini of the same nationality?"\nanswer: "Sorry, I can\'t provide answer to that question."\nstatements: {"statements": []}\n\nquestion: Who has lived longer in the USA, Ulli Lommel or Benjamin Stoloff?\nanswer: Ulli Lommel has lived longer in the USA than Benjamin Stoloff. Benjamin Stoloff died in 1960, while Ulli Lommel has lived and worked in the USA since 1977.\nstatements: \n'}]

RAW RESPONSE:
{
  "statements": [
       "Ulli Lommel has lived longer in the USA than Benjamin Stoloff.",
       "Benjamin Stoloff passed away in 1960.",
       "Ulli Lommel has been living and working in the USA since 1977."
   ]
}
==================================================
=== SYNC GENERATE ===
PROMPT:
[{'role': 'user', 'content': 'Generate a question for the given answer and Identify if answer is noncommittal. Give noncommittal as 1 if the answer is noncommittal and 0 if the answer is committal. A noncommittal answer is one that is evasive, vague, or ambiguous. For example, "I don\'t know" or "I\'m not sure" are noncommittal answers.\nOutput in only valid JSON format.\n\nanswer: "Albert Einstein was born in Germany."\ncontext: "Albert Einstein was a German-born theoretical physicist who is widely held to be one of the greatest and most influential scientists of all time"\noutput: {"question": "Where was Albert Einstein born?", "noncommittal": 0}\n\nanswer: "It can change its skin color based on the temperature of its environment."\ncontext: "A recent scientific study has discovered a new species of frog in the Amazon rainforest that has the unique ability to change its skin color based on the temperature of its environment."\noutput: {"question": "What unique ability does the newly discovered species of frog have?", "noncommittal": 0}\n\nanswer: "Everest"\ncontext: "The tallest mountain on Earth, measured from sea level, is a renowned peak located in the Himalayas."\noutput: {"question": "What is the tallest mountain on Earth?", "noncommittal": 0}\n\nanswer: "I don\'t know about the  groundbreaking feature of the smartphone invented in 2023 as am unaware of information beyond 2022. "\ncontext: "In 2023, a groundbreaking invention was announced: a smartphone with a battery life of one month, revolutionizing the way people use mobile technology."\noutput: {"question": "What was the groundbreaking feature of the smartphone invented in 2023?", "noncommittal": 1}\n\nanswer: Ulli Lommel has lived longer in the USA than Benjamin Stoloff. Benjamin Stoloff died in 1960, while Ulli Lommel has lived and worked in the USA since 1977.\ncontext: Benjamin "Ben" Stoloff (October 6, 1895 – September 8, 1960) was an American film director and producer. He began his career as a short film comedy director and gradually moved into feature film directing and production later in his career. Stoloff was born in Philadelphia, Pennsylvania. He died in Hollywood, California.\nBenjamin "Ben" Stoloff (October 6, 1895 – September 8, 1960) was an American film director and producer. He began his career as a short film comedy director and gradually moved into feature film directing and production later in his career. Stoloff was born in Philadelphia, Pennsylvania. He died in Hollywood, California.\nUlli Lommel (born 21 December 1944) is a German actor and director, noted for his many collaborations with Rainer Werner Fassbinder and his association with the New German Cinema movement. Lommel is also well known for the time which he spent at The Factory and as a creative associate of Andy Warhol, with whom he made several films and works of art. Since 1977 he has lived and worked in the USA, where he has written, directed and starred in over 50 movies.\noutput: \n'}]

RAW RESPONSE:
{
  "question": "Who has lived longer in the USA, Ulli Lommel or Benjamin Stoloff?",
   "noncommittal": 0
}
==================================================
=== SYNC GENERATE ===
PROMPT:
[{'role': 'user', 'content': 'Given question, answer and context verify if the context was useful in arriving at the given answer. Give verdict as "1" if useful and "0" if not with json output. \nOutput in only valid JSON format.\n\nquestion: "What can you tell me about albert Albert Einstein?"\ncontext: "Albert Einstein (14 March 1879 – 18 April 1955) was a German-born theoretical physicist, widely held to be one of the greatest and most influential scientists of all time. Best known for developing the theory of relativity, he also made important contributions to quantum mechanics, and was thus a central figure in the revolutionary reshaping of the scientific understanding of nature that modern physics accomplished in the first decades of the twentieth century. His mass–energy equivalence formula E = mc2, which arises from relativity theory, has been called \\"the world\'s most famous equation\\". He received the 1921 Nobel Prize in Physics \\"for his services to theoretical physics, and especially for his discovery of the law of the photoelectric effect\\", a pivotal step in the development of quantum theory. His work is also known for its influence on the philosophy of science. In a 1999 poll of 130 leading physicists worldwide by the British journal Physics World, Einstein was ranked the greatest physicist of all time. His intellectual achievements and originality have made Einstein synonymous with genius."\nanswer: "Albert Einstein born in 14 March 1879 was German-born theoretical physicist, widely held to be one of the greatest and most influential scientists of all time. He received the 1921 Nobel Prize in Physics for his services to theoretical physics. He published 4 papers in 1905. Einstein moved to Switzerland in 1895"\nverification: {"reason": "The provided context was indeed useful in arriving at the given answer. The context includes key information about Albert Einstein\'s life and contributions, which are reflected in the answer.", "verdict": "1"}\n\nquestion: "who won 2020 icc world cup?"\ncontext: "The 2022 ICC Men\'s T20 World Cup, held from October 16 to November 13, 2022, in Australia, was the eighth edition of the tournament. Originally scheduled for 2020, it was postponed due to the COVID-19 pandemic. England emerged victorious, defeating Pakistan by five wickets in the final to clinch their second ICC Men\'s T20 World Cup title."\nanswer: "England"\nverification: {"reason": "the context was useful in clarifying the situation regarding the 2020 ICC World Cup and indicating that England was the winner of the tournament that was intended to be held in 2020 but actually took place in 2022.", "verdict": "1"}\n\nquestion: "What is the tallest mountain in the world?"\ncontext: "The Andes is the longest continental mountain range in the world, located in South America. It stretches across seven countries and features many of the highest peaks in the Western Hemisphere. The range is known for its diverse ecosystems, including the high-altitude Andean Plateau and the Amazon rainforest."\nanswer: "Mount Everest."\nverification: {"reason": "the provided context discusses the Andes mountain range, which, while impressive, does not include Mount Everest or directly relate to the question about the world\'s tallest mountain.", "verdict": "0"}\n\nquestion: Who has lived longer in the USA, Ulli Lommel or Benjamin Stoloff?\ncontext: Benjamin "Ben" Stoloff (October 6, 1895 – September 8, 1960) was an American film director and producer. He began his career as a short film comedy director and gradually moved into feature film directing and production later in his career. Stoloff was born in Philadelphia, Pennsylvania. He died in Hollywood, California.\nanswer: Ulli Lommel has lived longer in the USA than Benjamin Stoloff. Benjamin Stoloff died in 1960, while Ulli Lommel has lived and worked in the USA since 1977.\nverification: \n'}]

RAW RESPONSE:
{
  "reason": "The context provides information about Benjamin Stoloff, including his birth and death dates, which allows for a comparison with Ulli Lommel's lifespan in the USA, thus supporting the answer.",
   "verdict": "1"
}
==================================================
=== SYNC GENERATE ===
PROMPT:
[{'role': 'user', 'content': 'Natural language inference. Use only \'Yes\' (1), \'No\' (0) and \'Null\' (-1) as verdict.\nOutput in only valid JSON format.\n\ncontext: "John is a student at XYZ University. He is pursuing a degree in Computer Science. He is enrolled in several courses this semester, including Data Structures, Algorithms, and Database Management. John is a diligent student and spends a significant amount of time studying and completing assignments. He often stays late in the library to work on his projects."\nstatements: "\\n            statement_1: John is majoring in Biology.\\n            statement_2: John is taking a course on Artificial Intelligence.\\n            statement_3: John is a dedicated student.\\n            statement_4: John has a part-time job.\\n            "\nanswer: [{"statement_1": "John is majoring in Biology.", "reason": "John\'s major is explicitly mentioned as Computer Science. There is no information suggesting he is majoring in Biology.", "verdict": "0"}, {"statement_2": "John is taking a course on Artificial Intelligence.", "reason": "The context mentions the courses John is currently enrolled in, and Artificial Intelligence is not mentioned. Therefore, it cannot be deduced that John is taking a course on AI.", "verdict": "0"}, {"statement_3": "John is a dedicated student.", "reason": "The context states that he spends a significant amount of time studying and completing assignments. Additionally, it mentions that he often stays late in the library to work on his projects, which implies dedication.", "verdict": "1"}, {"statement_4": "John has a part-time job.", "reason": "There is no information given in the context about John having a part-time job.", "verdict": "0"}]\n\ncontext: "Photosynthesis is a process used by plants, algae, and certain bacteria to convert light energy into chemical energy."\nstatements: "statement_1: Albert Einstein was a genius."\nanswer: {"statement_1": "Albert Einstein was a genius.", "reason": "The context and statement are unrelated", "verdict": "0"}\n\ncontext: "Albert Einstein was a German-born theoretical physicist who is widely held to be one of the greatest and most influential scientists of all time."\nstatements: "statement_1: Nil"\nanswer: {"statement_1": "Nil", "reason": "The statement is invalid", "verdict": "-1"}\n\ncontext: Benjamin "Ben" Stoloff (October 6, 1895 – September 8, 1960) was an American film director and producer. He began his career as a short film comedy director and gradually moved into feature film directing and production later in his career. Stoloff was born in Philadelphia, Pennsylvania. He died in Hollywood, California.\nBenjamin "Ben" Stoloff (October 6, 1895 – September 8, 1960) was an American film director and producer. He began his career as a short film comedy director and gradually moved into feature film directing and production later in his career. Stoloff was born in Philadelphia, Pennsylvania. He died in Hollywood, California.\nUlli Lommel (born 21 December 1944) is a German actor and director, noted for his many collaborations with Rainer Werner Fassbinder and his association with the New German Cinema movement. Lommel is also well known for the time which he spent at The Factory and as a creative associate of Andy Warhol, with whom he made several films and works of art. Since 1977 he has lived and worked in the USA, where he has written, directed and starred in over 50 movies.\nstatements: statement_1: Ulli Lommel has lived longer in the USA than Benjamin Stoloff.\nstatement_2: Benjamin Stoloff passed away in 1960.\nstatement_3: Ulli Lommel has been living and working in the USA since 1977.\nanswer: \n'}]

RAW RESPONSE:
[
{
  "statement_1": "Ulli Lommel has lived longer in the USA than Benjamin Stoloff.",
   "reason": "Benjamin Stoloff passed away in 1960, while Ulli Lommel has been living in the USA since 1977, which means Ulli Lommel has indeed lived longer in the USA than Benjamin Stoloff's entire lifetime in the context of the USA",
   "verdict": "1"
},
{
   "statement_2": "Benjamin Stoloff passed away in 1960.",
   "reason": "The context explicitly mentions that Benjamin Stoloff died in 1960",
   "verdict": "1"
},
{
   "statement_3": "Ulli Lommel has been living and working in the USA since 1977.",
   "reason": "The context states that Ulli Lommel has lived and worked in the USA since 1977",
   "verdict": "1"
}
]
==================================================
=== SYNC GENERATE ===
PROMPT:
[{'role': 'user', 'content': 'Given question, answer and context verify if the context was useful in arriving at the given answer. Give verdict as "1" if useful and "0" if not with json output. \nOutput in only valid JSON format.\n\nquestion: "What can you tell me about albert Albert Einstein?"\ncontext: "Albert Einstein (14 March 1879 – 18 April 1955) was a German-born theoretical physicist, widely held to be one of the greatest and most influential scientists of all time. Best known for developing the theory of relativity, he also made important contributions to quantum mechanics, and was thus a central figure in the revolutionary reshaping of the scientific understanding of nature that modern physics accomplished in the first decades of the twentieth century. His mass–energy equivalence formula E = mc2, which arises from relativity theory, has been called \\"the world\'s most famous equation\\". He received the 1921 Nobel Prize in Physics \\"for his services to theoretical physics, and especially for his discovery of the law of the photoelectric effect\\", a pivotal step in the development of quantum theory. His work is also known for its influence on the philosophy of science. In a 1999 poll of 130 leading physicists worldwide by the British journal Physics World, Einstein was ranked the greatest physicist of all time. His intellectual achievements and originality have made Einstein synonymous with genius."\nanswer: "Albert Einstein born in 14 March 1879 was German-born theoretical physicist, widely held to be one of the greatest and most influential scientists of all time. He received the 1921 Nobel Prize in Physics for his services to theoretical physics. He published 4 papers in 1905. Einstein moved to Switzerland in 1895"\nverification: {"reason": "The provided context was indeed useful in arriving at the given answer. The context includes key information about Albert Einstein\'s life and contributions, which are reflected in the answer.", "verdict": "1"}\n\nquestion: "who won 2020 icc world cup?"\ncontext: "The 2022 ICC Men\'s T20 World Cup, held from October 16 to November 13, 2022, in Australia, was the eighth edition of the tournament. Originally scheduled for 2020, it was postponed due to the COVID-19 pandemic. England emerged victorious, defeating Pakistan by five wickets in the final to clinch their second ICC Men\'s T20 World Cup title."\nanswer: "England"\nverification: {"reason": "the context was useful in clarifying the situation regarding the 2020 ICC World Cup and indicating that England was the winner of the tournament that was intended to be held in 2020 but actually took place in 2022.", "verdict": "1"}\n\nquestion: "What is the tallest mountain in the world?"\ncontext: "The Andes is the longest continental mountain range in the world, located in South America. It stretches across seven countries and features many of the highest peaks in the Western Hemisphere. The range is known for its diverse ecosystems, including the high-altitude Andean Plateau and the Amazon rainforest."\nanswer: "Mount Everest."\nverification: {"reason": "the provided context discusses the Andes mountain range, which, while impressive, does not include Mount Everest or directly relate to the question about the world\'s tallest mountain.", "verdict": "0"}\n\nquestion: Who has lived longer in the USA, Ulli Lommel or Benjamin Stoloff?\ncontext: Ulli Lommel (born 21 December 1944) is a German actor and director, noted for his many collaborations with Rainer Werner Fassbinder and his association with the New German Cinema movement. Lommel is also well known for the time which he spent at The Factory and as a creative associate of Andy Warhol, with whom he made several films and works of art. Since 1977 he has lived and worked in the USA, where he has written, directed and starred in over 50 movies.\nanswer: Ulli Lommel has lived longer in the USA than Benjamin Stoloff. Benjamin Stoloff died in 1960, while Ulli Lommel has lived and worked in the USA since 1977.\nverification: \n'}]

RAW RESPONSE:
{
  "reason": "The provided context includes information about Ulli Lommel living and working in the USA since 1977, but it does not mention Benjamin Stoloff's residence or lifespan directly. However, the answer implies that Benjamin Stoloff died in 1960, which is before Ulli Lommel started living in the USA, thus the context indirectly supports the answer by providing Ulli Lommel's timeline.",
   "verdict": "1"
}
==================================================
=== SYNC GENERATE ===
PROMPT:
[{'role': 'user', 'content': 'Given question, answer and context verify if the context was useful in arriving at the given answer. Give verdict as "1" if useful and "0" if not with json output. \nOutput in only valid JSON format.\n\nquestion: "What can you tell me about albert Albert Einstein?"\ncontext: "Albert Einstein (14 March 1879 – 18 April 1955) was a German-born theoretical physicist, widely held to be one of the greatest and most influential scientists of all time. Best known for developing the theory of relativity, he also made important contributions to quantum mechanics, and was thus a central figure in the revolutionary reshaping of the scientific understanding of nature that modern physics accomplished in the first decades of the twentieth century. His mass–energy equivalence formula E = mc2, which arises from relativity theory, has been called \\"the world\'s most famous equation\\". He received the 1921 Nobel Prize in Physics \\"for his services to theoretical physics, and especially for his discovery of the law of the photoelectric effect\\", a pivotal step in the development of quantum theory. His work is also known for its influence on the philosophy of science. In a 1999 poll of 130 leading physicists worldwide by the British journal Physics World, Einstein was ranked the greatest physicist of all time. His intellectual achievements and originality have made Einstein synonymous with genius."\nanswer: "Albert Einstein born in 14 March 1879 was German-born theoretical physicist, widely held to be one of the greatest and most influential scientists of all time. He received the 1921 Nobel Prize in Physics for his services to theoretical physics. He published 4 papers in 1905. Einstein moved to Switzerland in 1895"\nverification: {"reason": "The provided context was indeed useful in arriving at the given answer. The context includes key information about Albert Einstein\'s life and contributions, which are reflected in the answer.", "verdict": "1"}\n\nquestion: "who won 2020 icc world cup?"\ncontext: "The 2022 ICC Men\'s T20 World Cup, held from October 16 to November 13, 2022, in Australia, was the eighth edition of the tournament. Originally scheduled for 2020, it was postponed due to the COVID-19 pandemic. England emerged victorious, defeating Pakistan by five wickets in the final to clinch their second ICC Men\'s T20 World Cup title."\nanswer: "England"\nverification: {"reason": "the context was useful in clarifying the situation regarding the 2020 ICC World Cup and indicating that England was the winner of the tournament that was intended to be held in 2020 but actually took place in 2022.", "verdict": "1"}\n\nquestion: "What is the tallest mountain in the world?"\ncontext: "The Andes is the longest continental mountain range in the world, located in South America. It stretches across seven countries and features many of the highest peaks in the Western Hemisphere. The range is known for its diverse ecosystems, including the high-altitude Andean Plateau and the Amazon rainforest."\nanswer: "Mount Everest."\nverification: {"reason": "the provided context discusses the Andes mountain range, which, while impressive, does not include Mount Everest or directly relate to the question about the world\'s tallest mountain.", "verdict": "0"}\n\nquestion: In what school district is Governor John R. Rogers High School, named after John Rankin Rogers, located?\ncontext: Governor John R. Rogers High School is a high school in the Puyallup School District of Washington, United States. Commonly referred to as "Rogers" or "RHS," the high school is named after former Washington State governor John Rankin Rogers. It was first opened in 1968.\nanswer: Governor John R. Rogers High School, named after John Rankin Rogers, is located in the Puyallup School District of Washington, United States.\nverification: \n'}]

RAW RESPONSE:
{
  "reason": "The provided context directly answers the question by stating that Governor John R. Rogers High School is located in the Puyallup School District of Washington, United States.",
   "verdict": "1"
}
==================================================
=== SYNC GENERATE ===
PROMPT:
[{'role': 'user', 'content': 'Create one or more statements from each sentence in the given answer.\nOutput in only valid JSON format.\n\nquestion: "Who was  Albert Einstein and what is he best known for?"\nanswer: "He was a German-born theoretical physicist, widely acknowledged to be one of the greatest and most influential physicists of all time. He was best known for developing the theory of relativity, he also made important contributions to the development of the theory of quantum mechanics."\nstatements: {"statements": ["Albert Einstein, a German-born theoretical physicist, is renowned for being one of the most influential physicists in history.", "Albert Einstein was best known for his theory of relativity.", "Einstein\'s contributions significantly advanced the field of quantum mechanics", "Recognized globally, Einstein\'s work has profoundly impacted the scientific community", "Einstein\'s groundbreaking theories continue to shape our understanding of physics today."]}\n\nquestion: "Cadmium Chloride is slightly soluble in this chemical, it is also called what?"\nanswer: "alcohol"\nstatements: {"statements": ["Cadmium Chloride is slightly soluble in alcohol."]}\n\nquestion: "Were Hitler and Benito Mussolini of the same nationality?"\nanswer: "Sorry, I can\'t provide answer to that question."\nstatements: {"statements": []}\n\nquestion: In what school district is Governor John R. Rogers High School, named after John Rankin Rogers, located?\nanswer: Governor John R. Rogers High School, named after John Rankin Rogers, is located in the Puyallup School District of Washington, United States.\nstatements: \n'}]

RAW RESPONSE:
{
  "statements": [
       "Governor John R. Rogers High School is located in the Puyallup School District.",
       "The Puyallup School District is in the state of Washington, United States.",
       "Governor John R. Rogers High School is named after John Rankin Rogers."
   ]
}
==================================================
 or "RHS," the high school is named after former Washington State governor John Rankin Rogers. It was first opened in 1968.\nGovernor John R. Rogers High School is a high school in the Puyallup School District of Washington, United States. Commonly referred to as "Rogers" or "RHS," the high school is named after former Washington State governor John Rankin Rogers. It was first opened in 1968.\nGovernor John R. Rogers High School is a high school in the Puyallup School District of Washington, United States. Commonly referred to as "Rogers" or "RHS," the high school is named after former Washington State governor John Rankin Rogers. It was first opened in 1968.\noutput: \n'}]

RAW RESPONSE:
{
  "question": "What is the name and location of the high school named after John Rankin Rogers?",
   "noncommittal": 0
}
==================================================
=== SYNC GENERATE ===
PROMPT:
[{'role': 'user', 'content': 'Natural language inference. Use only \'Yes\' (1), \'No\' (0) and \'Null\' (-1) as verdict.\nOutput in only valid JSON format.\n\ncontext: "John is a student at XYZ University. He is pursuing a degree in Computer Science. He is enrolled in several courses this semester, including Data Structures, Algorithms, and Database Management. John is a diligent student and spends a significant amount of time studying and completing assignments. He often stays late in the library to work on his projects."\nstatements: "\\n            statement_1: John is majoring in Biology.\\n            statement_2: John is taking a course on Artificial Intelligence.\\n            statement_3: John is a dedicated student.\\n            statement_4: John has a part-time job.\\n            "\nanswer: [{"statement_1": "John is majoring in Biology.", "reason": "John\'s major is explicitly mentioned as Computer Science. There is no information suggesting he is majoring in Biology.", "verdict": "0"}, {"statement_2": "John is taking a course on Artificial Intelligence.", "reason": "The context mentions the courses John is currently enrolled in, and Artificial Intelligence is not mentioned. Therefore, it cannot be deduced that John is taking a course on AI.", "verdict": "0"}, {"statement_3": "John is a dedicated student.", "reason": "The context states that he spends a significant amount of time studying and completing assignments. Additionally, it mentions that he often stays late in the library to work on his projects, which implies dedication.", "verdict": "1"}, {"statement_4": "John has a part-time job.", "reason": "There is no information given in the context about John having a part-time job.", "verdict": "0"}]\n\ncontext: "Photosynthesis is a process used by plants, algae, and certain bacteria to convert light energy into chemical energy."\nstatements: "statement_1: Albert Einstein was a genius."\nanswer: {"statement_1": "Albert Einstein was a genius.", "reason": "The context and statement are unrelated", "verdict": "0"}\n\ncontext: "Albert Einstein was a German-born theoretical physicist who is widely held to be one of the greatest and most influential scientists of all time."\nstatements: "statement_1: Nil"\nanswer: {"statement_1": "Nil", "reason": "The statement is invalid", "verdict": "-1"}\n\ncontext: Governor John R. Rogers High School is a high school in the Puyallup School District of Washington, United States. Commonly referred to as "Rogers" or "RHS," the high school is named after former Washington State governor John Rankin Rogers. It was first opened in 1968.\nGovernor John R. Rogers High School is a high school in the Puyallup School District of Washington, United States. Commonly referred to as "Rogers" or "RHS," the high school is named after former Washington State governor John Rankin Rogers. It was first opened in 1968.\nGovernor John R. Rogers High School is a high school in the Puyallup School District of Washington, United States. Commonly referred to as "Rogers" or "RHS," the high school is named after former Washington State governor John Rankin Rogers. It was first opened in 1968.\nstatements: statement_1: Governor John R. Rogers High School is located in the Puyallup School District.\nstatement_2: The Puyallup School District is in the state of Washington, United States.\nstatement_3: Governor John R. Rogers High School is named after John Rankin Rogers.\nanswer: \n'}]

RAW RESPONSE:
[
{
  "statement_1": "Governor John R. Rogers High School is located in the Puyallup School District.",
   "reason": "The context explicitly states that Governor John R. Rogers High School is in the Puyallup School District of Washington, United States.",
   "verdict": "1"
},
{
   "statement_2": "The Puyallup School District is in the state of Washington, United States.",
   "reason": "The context mentions that Governor John R. Rogers High School is in the Puyallup School District of Washington, United States, which implies the district is also in Washington, United States.",
   "verdict": "1"
},
{
   "statement_3": "Governor John R. Rogers High School is named after John Rankin Rogers.",
   "reason": "The context states that the high school is named after former Washington State governor John Rankin Rogers.",
   "verdict": "1"
}
]
==================================================
=== SYNC GENERATE ===
PROMPT:
[{'role': 'user', 'content': 'Generate a question for the given answer and Identify if answer is noncommittal. Give noncommittal as 1 if the answer is noncommittal and 0 if the answer is committal. A noncommittal answer is one that is evasive, vague, or ambiguous. For example, "I don\'t know" or "I\'m not sure" are noncommittal answers.\nOutput in only valid JSON format.\n\nanswer: "Albert Einstein was born in Germany."\ncontext: "Albert Einstein was a German-born theoretical physicist who is widely held to be one of the greatest and most influential scientists of all time"\noutput: {"question": "Where was Albert Einstein born?", "noncommittal": 0}\n\nanswer: "It can change its skin color based on the temperature of its environment."\ncontext: "A recent scientific study has discovered a new species of frog in the Amazon rainforest that has the unique ability to change its skin color based on the temperature of its environment."\noutput: {"question": "What unique ability does the newly discovered species of frog have?", "noncommittal": 0}\n\nanswer: "Everest"\ncontext: "The tallest mountain on Earth, measured from sea level, is a renowned peak located in the Himalayas."\noutput: {"question": "What is the tallest mountain on Earth?", "noncommittal": 0}\n\nanswer: "I don\'t know about the  groundbreaking feature of the smartphone invented in 2023 as am unaware of information beyond 2022. "\ncontext: "In 2023, a groundbreaking invention was announced: a smartphone with a battery life of one month, revolutionizing the way people use mobile technology."\noutput: {"question": "What was the groundbreaking feature of the smartphone invented in 2023?", "noncommittal": 1}\n\nanswer: Daniel Ricciardo won the 44-lap race for the Red Bull Racing team.\ncontext: The 2014 Belgian Grand Prix (formally the 2014 Formula 1 Shell Belgian Grand Prix) was a Formula One motor race held on 24 August 2014 at the Circuit de Spa-Francorchamps in Spa, Belgium. It was the twelfth round of the 2014 Formula One season, and the 70th Belgian Grand Prix. The 44-lap race was won by Daniel Ricciardo for the Red Bull Racing team, after starting from fifth position. Nico Rosberg finished second in a Mercedes, with Valtteri Bottas third for the Williams team.\nThe 2014 Belgian Grand Prix (formally the 2014 Formula 1 Shell Belgian Grand Prix) was a Formula One motor race held on 24 August 2014 at the Circuit de Spa-Francorchamps in Spa, Belgium. It was the twelfth round of the 2014 Formula One season, and the 70th Belgian Grand Prix. The 44-lap race was won by Daniel Ricciardo for the Red Bull Racing team, after starting from fifth position. Nico Rosberg finished second in a Mercedes, with Valtteri Bottas third for the Williams team.\nThe 2014 Belgian Grand Prix (formally the 2014 Formula 1 Shell Belgian Grand Prix) was a Formula One motor race held on 24 August 2014 at the Circuit de Spa-Francorchamps in Spa, Belgium. It was the twelfth round of the 2014 Formula One season, and the 70th Belgian Grand Prix. The 44-lap race was won by Daniel Ricciardo for the Red Bull Racing team, after starting from fifth position. Nico Rosberg finished second in a Mercedes, with Valtteri Bottas third for the Williams team.\noutput: \n'}]

RAW RESPONSE:
{
  "question": "Who won the 44-lap race for the Red Bull Racing team?",
   "noncommittal": 0
}
==================================================
=== SYNC GENERATE ===
PROMPT:
[{'role': 'user', 'content': 'Given question, answer and context verify if the context was useful in arriving at the given answer. Give verdict as "1" if useful and "0" if not with json output. \nOutput in only valid JSON format.\n\nquestion: "What can you tell me about albert Albert Einstein?"\ncontext: "Albert Einstein (14 March 1879 – 18 April 1955) was a German-born theoretical physicist, widely held to be one of the greatest and most influential scientists of all time. Best known for developing the theory of relativity, he also made important contributions to quantum mechanics, and was thus a central figure in the revolutionary reshaping of the scientific understanding of nature that modern physics accomplished in the first decades of the twentieth century. His mass–energy equivalence formula E = mc2, which arises from relativity theory, has been called \\"the world\'s most famous equation\\". He received the 1921 Nobel Prize in Physics \\"for his services to theoretical physics, and especially for his discovery of the law of the photoelectric effect\\", a pivotal step in the development of quantum theory. His work is also known for its influence on the philosophy of science. In a 1999 poll of 130 leading physicists worldwide by the British journal Physics World, Einstein was ranked the greatest physicist of all time. His intellectual achievements and originality have made Einstein synonymous with genius."\nanswer: "Albert Einstein born in 14 March 1879 was German-born theoretical physicist, widely held to be one of the greatest and most influential scientists of all time. He received the 1921 Nobel Prize in Physics for his services to theoretical physics. He published 4 papers in 1905. Einstein moved to Switzerland in 1895"\nverification: {"reason": "The provided context was indeed useful in arriving at the given answer. The context includes key information about Albert Einstein\'s life and contributions, which are reflected in the answer.", "verdict": "1"}\n\nquestion: "who won 2020 icc world cup?"\ncontext: "The 2022 ICC Men\'s T20 World Cup, held from October 16 to November 13, 2022, in Australia, was the eighth edition of the tournament. Originally scheduled for 2020, it was postponed due to the COVID-19 pandemic. England emerged victorious, defeating Pakistan by five wickets in the final to clinch their second ICC Men\'s T20 World Cup title."\nanswer: "England"\nverification: {"reason": "the context was useful in clarifying the situation regarding the 2020 ICC World Cup and indicating that England was the winner of the tournament that was intended to be held in 2020 but actually took place in 2022.", "verdict": "1"}\n\nquestion: "What is the tallest mountain in the world?"\ncontext: "The Andes is the longest continental mountain range in the world, located in South America. It stretches across seven countries and features many of the highest peaks in the Western Hemisphere. The range is known for its diverse ecosystems, including the high-altitude Andean Plateau and the Amazon rainforest."\nanswer: "Mount Everest."\nverification: {"reason": "the provided context discusses the Andes mountain range, which, while impressive, does not include Mount Everest or directly relate to the question about the world\'s tallest mountain.", "verdict": "0"}\n\nquestion: whiich Australian racing driver won the 44-lap race for the Red Bull Racing team?\ncontext: The 2014 Belgian Grand Prix (formally the 2014 Formula 1 Shell Belgian Grand Prix) was a Formula One motor race held on 24 August 2014 at the Circuit de Spa-Francorchamps in Spa, Belgium. It was the twelfth round of the 2014 Formula One season, and the 70th Belgian Grand Prix. The 44-lap race was won by Daniel Ricciardo for the Red Bull Racing team, after starting from fifth position. Nico Rosberg finished second in a Mercedes, with Valtteri Bottas third for the Williams team.\nanswer: Daniel Ricciardo won the 44-lap race for the Red Bull Racing team.\nverification: \n'}]

RAW RESPONSE:
{
  "reason": "The provided context directly answers the question by stating that Daniel Ricciardo won the 44-lap race for the Red Bull Racing team.",
   "verdict": "1"
}
==================================================
=== SYNC GENERATE ===
PROMPT:
[{'role': 'user', 'content': 'Create one or more statements from each sentence in the given answer.\nOutput in only valid JSON format.\n\nquestion: "Who was  Albert Einstein and what is he best known for?"\nanswer: "He was a German-born theoretical physicist, widely acknowledged to be one of the greatest and most influential physicists of all time. He was best known for developing the theory of relativity, he also made important contributions to the development of the theory of quantum mechanics."\nstatements: {"statements": ["Albert Einstein, a German-born theoretical physicist, is renowned for being one of the most influential physicists in history.", "Albert Einstein was best known for his theory of relativity.", "Einstein\'s contributions significantly advanced the field of quantum mechanics", "Recognized globally, Einstein\'s work has profoundly impacted the scientific community", "Einstein\'s groundbreaking theories continue to shape our understanding of physics today."]}\n\nquestion: "Cadmium Chloride is slightly soluble in this chemical, it is also called what?"\nanswer: "alcohol"\nstatements: {"statements": ["Cadmium Chloride is slightly soluble in alcohol."]}\n\nquestion: "Were Hitler and Benito Mussolini of the same nationality?"\nanswer: "Sorry, I can\'t provide answer to that question."\nstatements: {"statements": []}\n\nquestion: whiich Australian racing driver won the 44-lap race for the Red Bull Racing team?\nanswer: Daniel Ricciardo won the 44-lap race for the Red Bull Racing team.\nstatements: \n'}]

RAW RESPONSE:
{
  "statements": [
       "Daniel Ricciardo, an Australian racing driver, won the 44-lap race.",
       "The Red Bull Racing team was victorious in the 44-lap race with Daniel Ricciardo as the driver."
   ]
}
==================================================
=== SYNC GENERATE ===
PROMPT:
[{'role': 'user', 'content': 'Natural language inference. Use only \'Yes\' (1), \'No\' (0) and \'Null\' (-1) as verdict.\nOutput in only valid JSON format.\n\ncontext: "John is a student at XYZ University. He is pursuing a degree in Computer Science. He is enrolled in several courses this semester, including Data Structures, Algorithms, and Database Management. John is a diligent student and spends a significant amount of time studying and completing assignments. He often stays late in the library to work on his projects."\nstatements: "\\n            statement_1: John is majoring in Biology.\\n            statement_2: John is taking a course on Artificial Intelligence.\\n            statement_3: John is a dedicated student.\\n            statement_4: John has a part-time job.\\n            "\nanswer: [{"statement_1": "John is majoring in Biology.", "reason": "John\'s major is explicitly mentioned as Computer Science. There is no information suggesting he is majoring in Biology.", "verdict": "0"}, {"statement_2": "John is taking a course on Artificial Intelligence.", "reason": "The context mentions the courses John is currently enrolled in, and Artificial Intelligence is not mentioned. Therefore, it cannot be deduced that John is taking a course on AI.", "verdict": "0"}, {"statement_3": "John is a dedicated student.", "reason": "The context states that he spends a significant amount of time studying and completing assignments. Additionally, it mentions that he often stays late in the library to work on his projects, which implies dedication.", "verdict": "1"}, {"statement_4": "John has a part-time job.", "reason": "There is no information given in the context about John having a part-time job.", "verdict": "0"}]\n\ncontext: "Photosynthesis is a process used by plants, algae, and certain bacteria to convert light energy into chemical energy."\nstatements: "statement_1: Albert Einstein was a genius."\nanswer: {"statement_1": "Albert Einstein was a genius.", "reason": "The context and statement are unrelated", "verdict": "0"}\n\ncontext: "Albert Einstein was a German-born theoretical physicist who is widely held to be one of the greatest and most influential scientists of all time."\nstatements: "statement_1: Nil"\nanswer: {"statement_1": "Nil", "reason": "The statement is invalid", "verdict": "-1"}\n\ncontext: The 2014 Belgian Grand Prix (formally the 2014 Formula 1 Shell Belgian Grand Prix) was a Formula One motor race held on 24 August 2014 at the Circuit de Spa-Francorchamps in Spa, Belgium. It was the twelfth round of the 2014 Formula One season, and the 70th Belgian Grand Prix. The 44-lap race was won by Daniel Ricciardo for the Red Bull Racing team, after starting from fifth position. Nico Rosberg finished second in a Mercedes, with Valtteri Bottas third for the Williams team.\nThe 2014 Belgian Grand Prix (formally the 2014 Formula 1 Shell Belgian Grand Prix) was a Formula One motor race held on 24 August 2014 at the Circuit de Spa-Francorchamps in Spa, Belgium. It was the twelfth round of the 2014 Formula One season, and the 70th Belgian Grand Prix. The 44-lap race was won by Daniel Ricciardo for the Red Bull Racing team, after starting from fifth position. Nico Rosberg finished second in a Mercedes, with Valtteri Bottas third for the Williams team.\nThe 2014 Belgian Grand Prix (formally the 2014 Formula 1 Shell Belgian Grand Prix) was a Formula One motor race held on 24 August 2014 at the Circuit de Spa-Francorchamps in Spa, Belgium. It was the twelfth round of the 2014 Formula One season, and the 70th Belgian Grand Prix. The 44-lap race was won by Daniel Ricciardo for the Red Bull Racing team, after starting from fifth position. Nico Rosberg finished second in a Mercedes, with Valtteri Bottas third for the Williams team.\nstatements: statement_1: Daniel Ricciardo, an Australian racing driver, won the 44-lap race.\nstatement_2: The Red Bull Racing team was victorious in the 44-lap race with Daniel Ricciardo as the driver.\nanswer: \n'}]

RAW RESPONSE:
[
{
  "statement_1": "Daniel Ricciardo, an Australian racing driver, won the 44-lap race.",
   "reason": "The context confirms that Daniel Ricciardo won the 44-lap race, but it does not mention his nationality. However, the statement about winning the race is true.",
   "verdict": "1"
},
{
   "statement_2": "The Red Bull Racing team was victorious in the 44-lap race with Daniel Ricciardo as the driver.",
   "reason": "The context explicitly states that Daniel Ricciardo won the race for the Red Bull Racing team.",
   "verdict": "1"
}
]
==================================================
=== SYNC GENERATE ===
PROMPT:
[{'role': 'user', 'content': 'Generate a question for the given answer and Identify if answer is noncommittal. Give noncommittal as 1 if the answer is noncommittal and 0 if the answer is committal. A noncommittal answer is one that is evasive, vague, or ambiguous. For example, "I don\'t know" or "I\'m not sure" are noncommittal answers.\nOutput in only valid JSON format.\n\nanswer: "Albert Einstein was born in Germany."\ncontext: "Albert Einstein was a German-born theoretical physicist who is widely held to be one of the greatest and most influential scientists of all time"\noutput: {"question": "Where was Albert Einstein born?", "noncommittal": 0}\n\nanswer: "It can change its skin color based on the temperature of its environment."\ncontext: "A recent scientific study has discovered a new species of frog in the Amazon rainforest that has the unique ability to change its skin color based on the temperature of its environment."\noutput: {"question": "What unique ability does the newly discovered species of frog have?", "noncommittal": 0}\n\nanswer: "Everest"\ncontext: "The tallest mountain on Earth, measured from sea level, is a renowned peak located in the Himalayas."\noutput: {"question": "What is the tallest mountain on Earth?", "noncommittal": 0}\n\nanswer: "I don\'t know about the  groundbreaking feature of the smartphone invented in 2023 as am unaware of information beyond 2022. "\ncontext: "In 2023, a groundbreaking invention was announced: a smartphone with a battery life of one month, revolutionizing the way people use mobile technology."\noutput: {"question": "What was the groundbreaking feature of the smartphone invented in 2023?", "noncommittal": 1}\n\nanswer: Nick Offerman, who played the role of Ron Swanson in "Parks and Recreation", appeared in the film November.\ncontext: Nicholas "Nick" Offerman (born June 26, 1970) is an American actor, voice actor, producer, writer, comedian and carpenter widely known for his breakout role as Ron Swanson in the acclaimed NBC sitcom "Parks and Recreation", for which he received the Television Critics Association Award for Individual Achievement in Comedy. His first major television role since the end of "Parks and Recreation" was his role as Karl Weathers in the FX series "Fargo", for which he received a Critics\' Choice Television Award nomination for Best Supporting Actor in a Movie/Miniseries and Gavin in the Ice Age franchise.\nNicholas "Nick" Offerman (born June 26, 1970) is an American actor, voice actor, producer, writer, comedian and carpenter widely known for his breakout role as Ron Swanson in the acclaimed NBC sitcom "Parks and Recreation", for which he received the Television Critics Association Award for Individual Achievement in Comedy. His first major television role since the end of "Parks and Recreation" was his role as Karl Weathers in the FX series "Fargo", for which he received a Critics\' Choice Television Award nomination for Best Supporting Actor in a Movie/Miniseries and Gavin in the Ice Age franchise.\nNicholas "Nick" Offerman (born June 26, 1970) is an American actor, voice actor, producer, writer, comedian and carpenter widely known for his breakout role as Ron Swanson in the acclaimed NBC sitcom "Parks and Recreation", for which he received the Television Critics Association Award for Individual Achievement in Comedy. His first major television role since the end of "Parks and Recreation" was his role as Karl Weathers in the FX series "Fargo", for which he received a Critics\' Choice Television Award nomination for Best Supporting Actor in a Movie/Miniseries and Gavin in the Ice Age franchise.\noutput: \n'}]

RAW RESPONSE:
{
  "question": "Who appeared in the film November?",
   "noncommittal": 0
}
==================================================
=== SYNC GENERATE ===
PROMPT:
[{'role': 'user', 'content': 'Create one or more statements from each sentence in the given answer.\nOutput in only valid JSON format.\n\nquestion: "Who was  Albert Einstein and what is he best known for?"\nanswer: "He was a German-born theoretical physicist, widely acknowledged to be one of the greatest and most influential physicists of all time. He was best known for developing the theory of relativity, he also made important contributions to the development of the theory of quantum mechanics."\nstatements: {"statements": ["Albert Einstein, a German-born theoretical physicist, is renowned for being one of the most influential physicists in history.", "Albert Einstein was best known for his theory of relativity.", "Einstein\'s contributions significantly advanced the field of quantum mechanics", "Recognized globally, Einstein\'s work has profoundly impacted the scientific community", "Einstein\'s groundbreaking theories continue to shape our understanding of physics today."]}\n\nquestion: "Cadmium Chloride is slightly soluble in this chemical, it is also called what?"\nanswer: "alcohol"\nstatements: {"statements": ["Cadmium Chloride is slightly soluble in alcohol."]}\n\nquestion: "Were Hitler and Benito Mussolini of the same nationality?"\nanswer: "Sorry, I can\'t provide answer to that question."\nstatements: {"statements": []}\n\nquestion: What star of Parks and Recreation appeared in November?\nanswer: Nick Offerman, who played the role of Ron Swanson in "Parks and Recreation", appeared in the film November.\nstatements: \n'}]

RAW RESPONSE:
{
  "statements": [
       "Nick Offerman, who played Ron Swanson, appeared in the film November.",
       "Ron Swanson, a character from Parks and Recreation, was portrayed by Nick Offerman in the movie November."
   ]
}
==================================================
=== SYNC GENERATE ===
PROMPT:
[{'role': 'user', 'content': 'Given question, answer and context verify if the context was useful in arriving at the given answer. Give verdict as "1" if useful and "0" if not with json output. \nOutput in only valid JSON format.\n\nquestion: "What can you tell me about albert Albert Einstein?"\ncontext: "Albert Einstein (14 March 1879 – 18 April 1955) was a German-born theoretical physicist, widely held to be one of the greatest and most influential scientists of all time. Best known for developing the theory of relativity, he also made important contributions to quantum mechanics, and was thus a central figure in the revolutionary reshaping of the scientific understanding of nature that modern physics accomplished in the first decades of the twentieth century. His mass–energy equivalence formula E = mc2, which arises from relativity theory, has been called \\"the world\'s most famous equation\\". He received the 1921 Nobel Prize in Physics \\"for his services to theoretical physics, and especially for his discovery of the law of the photoelectric effect\\", a pivotal step in the development of quantum theory. His work is also known for its influence on the philosophy of science. In a 1999 poll of 130 leading physicists worldwide by the British journal Physics World, Einstein was ranked the greatest physicist of all time. His intellectual achievements and originality have made Einstein synonymous with genius."\nanswer: "Albert Einstein born in 14 March 1879 was German-born theoretical physicist, widely held to be one of the greatest and most influential scientists of all time. He received the 1921 Nobel Prize in Physics for his services to theoretical physics. He published 4 papers in 1905. Einstein moved to Switzerland in 1895"\nverification: {"reason": "The provided context was indeed useful in arriving at the given answer. The context includes key information about Albert Einstein\'s life and contributions, which are reflected in the answer.", "verdict": "1"}\n\nquestion: "who won 2020 icc world cup?"\ncontext: "The 2022 ICC Men\'s T20 World Cup, held from October 16 to November 13, 2022, in Australia, was the eighth edition of the tournament. Originally scheduled for 2020, it was postponed due to the COVID-19 pandemic. England emerged victorious, defeating Pakistan by five wickets in the final to clinch their second ICC Men\'s T20 World Cup title."\nanswer: "England"\nverification: {"reason": "the context was useful in clarifying the situation regarding the 2020 ICC World Cup and indicating that England was the winner of the tournament that was intended to be held in 2020 but actually took place in 2022.", "verdict": "1"}\n\nquestion: "What is the tallest mountain in the world?"\ncontext: "The Andes is the longest continental mountain range in the world, located in South America. It stretches across seven countries and features many of the highest peaks in the Western Hemisphere. The range is known for its diverse ecosystems, including the high-altitude Andean Plateau and the Amazon rainforest."\nanswer: "Mount Everest."\nverification: {"reason": "the provided context discusses the Andes mountain range, which, while impressive, does not include Mount Everest or directly relate to the question about the world\'s tallest mountain.", "verdict": "0"}\n\nquestion: What star of Parks and Recreation appeared in November?\ncontext: Nicholas "Nick" Offerman (born June 26, 1970) is an American actor, voice actor, producer, writer, comedian and carpenter widely known for his breakout role as Ron Swanson in the acclaimed NBC sitcom "Parks and Recreation", for which he received the Television Critics Association Award for Individual Achievement in Comedy. His first major television role since the end of "Parks and Recreation" was his role as Karl Weathers in the FX series "Fargo", for which he received a Critics\' Choice Television Award nomination for Best Supporting Actor in a Movie/Miniseries and Gavin in the Ice Age franchise.\nanswer: Nick Offerman, who played the role of Ron Swanson in "Parks and Recreation", appeared in the film November.\nverification: \n'}]

RAW RESPONSE:
{
  "reason": "The provided context includes key information about Nick Offerman, including his role as Ron Swanson in 'Parks and Recreation', which directly relates to the question about the star of 'Parks and Recreation' appearing in November.",
   "verdict": "1"
}
==================================================
=== SYNC GENERATE ===
PROMPT:
[{'role': 'user', 'content': 'Natural language inference. Use only \'Yes\' (1), \'No\' (0) and \'Null\' (-1) as verdict.\nOutput in only valid JSON format.\n\ncontext: "John is a student at XYZ University. He is pursuing a degree in Computer Science. He is enrolled in several courses this semester, including Data Structures, Algorithms, and Database Management. John is a diligent student and spends a significant amount of time studying and completing assignments. He often stays late in the library to work on his projects."\nstatements: "\\n            statement_1: John is majoring in Biology.\\n            statement_2: John is taking a course on Artificial Intelligence.\\n            statement_3: John is a dedicated student.\\n            statement_4: John has a part-time job.\\n            "\nanswer: [{"statement_1": "John is majoring in Biology.", "reason": "John\'s major is explicitly mentioned as Computer Science. There is no information suggesting he is majoring in Biology.", "verdict": "0"}, {"statement_2": "John is taking a course on Artificial Intelligence.", "reason": "The context mentions the courses John is currently enrolled in, and Artificial Intelligence is not mentioned. Therefore, it cannot be deduced that John is taking a course on AI.", "verdict": "0"}, {"statement_3": "John is a dedicated student.", "reason": "The context states that he spends a significant amount of time studying and completing assignments. Additionally, it mentions that he often stays late in the library to work on his projects, which implies dedication.", "verdict": "1"}, {"statement_4": "John has a part-time job.", "reason": "There is no information given in the context about John having a part-time job.", "verdict": "0"}]\n\ncontext: "Photosynthesis is a process used by plants, algae, and certain bacteria to convert light energy into chemical energy."\nstatements: "statement_1: Albert Einstein was a genius."\nanswer: {"statement_1": "Albert Einstein was a genius.", "reason": "The context and statement are unrelated", "verdict": "0"}\n\ncontext: "Albert Einstein was a German-born theoretical physicist who is widely held to be one of the greatest and most influential scientists of all time."\nstatements: "statement_1: Nil"\nanswer: {"statement_1": "Nil", "reason": "The statement is invalid", "verdict": "-1"}\n\ncontext: Nicholas "Nick" Offerman (born June 26, 1970) is an American actor, voice actor, producer, writer, comedian and carpenter widely known for his breakout role as Ron Swanson in the acclaimed NBC sitcom "Parks and Recreation", for which he received the Television Critics Association Award for Individual Achievement in Comedy. His first major television role since the end of "Parks and Recreation" was his role as Karl Weathers in the FX series "Fargo", for which he received a Critics\' Choice Television Award nomination for Best Supporting Actor in a Movie/Miniseries and Gavin in the Ice Age franchise.\nNicholas "Nick" Offerman (born June 26, 1970) is an American actor, voice actor, producer, writer, comedian and carpenter widely known for his breakout role as Ron Swanson in the acclaimed NBC sitcom "Parks and Recreation", for which he received the Television Critics Association Award for Individual Achievement in Comedy. His first major television role since the end of "Parks and Recreation" was his role as Karl Weathers in the FX series "Fargo", for which he received a Critics\' Choice Television Award nomination for Best Supporting Actor in a Movie/Miniseries and Gavin in the Ice Age franchise.\nNicholas "Nick" Offerman (born June 26, 1970) is an American actor, voice actor, producer, writer, comedian and carpenter widely known for his breakout role as Ron Swanson in the acclaimed NBC sitcom "Parks and Recreation", for which he received the Television Critics Association Award for Individual Achievement in Comedy. His first major television role since the end of "Parks and Recreation" was his role as Karl Weathers in the FX series "Fargo", for which he received a Critics\' Choice Television Award nomination for Best Supporting Actor in a Movie/Miniseries and Gavin in the Ice Age franchise.\nstatements: statement_1: Nick Offerman, who played Ron Swanson, appeared in the film November.\nstatement_2: Ron Swanson, a character from Parks and Recreation, was portrayed by Nick Offerman in the movie November.\nanswer: \n'}]

RAW RESPONSE:
[
{
  "statement_1": "Nick Offerman, who played Ron Swanson, appeared in the film November.",
   "reason": "There is no information in the context about Nick Offerman appearing in the film November.",
   "verdict": "0"
},
{
   "statement_2": "Ron Swanson, a character from Parks and Recreation, was portrayed by Nick Offerman in the movie November.",
   "reason": "The context does not mention Nick Offerman portraying Ron Swanson in a movie called November. It only discusses his role in Parks and Recreation and other projects.",
   "verdict": "0"
}
]
==================================================
=== SYNC GENERATE ===
PROMPT:
[{'role': 'user', 'content': 'Generate a question for the given answer and Identify if answer is noncommittal. Give noncommittal as 1 if the answer is noncommittal and 0 if the answer is committal. A noncommittal answer is one that is evasive, vague, or ambiguous. For example, "I don\'t know" or "I\'m not sure" are noncommittal answers.\nOutput in only valid JSON format.\n\nanswer: "Albert Einstein was born in Germany."\ncontext: "Albert Einstein was a German-born theoretical physicist who is widely held to be one of the greatest and most influential scientists of all time"\noutput: {"question": "Where was Albert Einstein born?", "noncommittal": 0}\n\nanswer: "It can change its skin color based on the temperature of its environment."\ncontext: "A recent scientific study has discovered a new species of frog in the Amazon rainforest that has the unique ability to change its skin color based on the temperature of its environment."\noutput: {"question": "What unique ability does the newly discovered species of frog have?", "noncommittal": 0}\n\nanswer: "Everest"\ncontext: "The tallest mountain on Earth, measured from sea level, is a renowned peak located in the Himalayas."\noutput: {"question": "What is the tallest mountain on Earth?", "noncommittal": 0}\n\nanswer: "I don\'t know about the  groundbreaking feature of the smartphone invented in 2023 as am unaware of information beyond 2022. "\ncontext: "In 2023, a groundbreaking invention was announced: a smartphone with a battery life of one month, revolutionizing the way people use mobile technology."\noutput: {"question": "What was the groundbreaking feature of the smartphone invented in 2023?", "noncommittal": 1}\n\nanswer: Crocosmia is found in an environment further south.\ncontext: Cimicifuga (bugbane or cohosh) was a genus of between 12-18 species of flowering plants belonging to the family Ranunculaceae, native to temperate regions of the Northern Hemisphere.\nCimicifuga (bugbane or cohosh) was a genus of between 12-18 species of flowering plants belonging to the family Ranunculaceae, native to temperate regions of the Northern Hemisphere.\nCimicifuga (bugbane or cohosh) was a genus of between 12-18 species of flowering plants belonging to the family Ranunculaceae, native to temperate regions of the Northern Hemisphere.\noutput: \n'}]

RAW RESPONSE:
{
  "question": "Where is Crocosmia typically found?",
   "noncommittal": 0
}
==================================================
=== SYNC GENERATE ===
PROMPT:
[{'role': 'user', 'content': 'Given question, answer and context verify if the context was useful in arriving at the given answer. Give verdict as "1" if useful and "0" if not with json output. \nOutput in only valid JSON format.\n\nquestion: "What can you tell me about albert Albert Einstein?"\ncontext: "Albert Einstein (14 March 1879 – 18 April 1955) was a German-born theoretical physicist, widely held to be one of the greatest and most influential scientists of all time. Best known for developing the theory of relativity, he also made important contributions to quantum mechanics, and was thus a central figure in the revolutionary reshaping of the scientific understanding of nature that modern physics accomplished in the first decades of the twentieth century. His mass–energy equivalence formula E = mc2, which arises from relativity theory, has been called \\"the world\'s most famous equation\\". He received the 1921 Nobel Prize in Physics \\"for his services to theoretical physics, and especially for his discovery of the law of the photoelectric effect\\", a pivotal step in the development of quantum theory. His work is also known for its influence on the philosophy of science. In a 1999 poll of 130 leading physicists worldwide by the British journal Physics World, Einstein was ranked the greatest physicist of all time. His intellectual achievements and originality have made Einstein synonymous with genius."\nanswer: "Albert Einstein born in 14 March 1879 was German-born theoretical physicist, widely held to be one of the greatest and most influential scientists of all time. He received the 1921 Nobel Prize in Physics for his services to theoretical physics. He published 4 papers in 1905. Einstein moved to Switzerland in 1895"\nverification: {"reason": "The provided context was indeed useful in arriving at the given answer. The context includes key information about Albert Einstein\'s life and contributions, which are reflected in the answer.", "verdict": "1"}\n\nquestion: "who won 2020 icc world cup?"\ncontext: "The 2022 ICC Men\'s T20 World Cup, held from October 16 to November 13, 2022, in Australia, was the eighth edition of the tournament. Originally scheduled for 2020, it was postponed due to the COVID-19 pandemic. England emerged victorious, defeating Pakistan by five wickets in the final to clinch their second ICC Men\'s T20 World Cup title."\nanswer: "England"\nverification: {"reason": "the context was useful in clarifying the situation regarding the 2020 ICC World Cup and indicating that England was the winner of the tournament that was intended to be held in 2020 but actually took place in 2022.", "verdict": "1"}\n\nquestion: "What is the tallest mountain in the world?"\ncontext: "The Andes is the longest continental mountain range in the world, located in South America. It stretches across seven countries and features many of the highest peaks in the Western Hemisphere. The range is known for its diverse ecosystems, including the high-altitude Andean Plateau and the Amazon rainforest."\nanswer: "Mount Everest."\nverification: {"reason": "the provided context discusses the Andes mountain range, which, while impressive, does not include Mount Everest or directly relate to the question about the world\'s tallest mountain.", "verdict": "0"}\n\nquestion: Which genus of flowering plant is found in an environment further south, Crocosmia or Cimicifuga?\ncontext: Cimicifuga (bugbane or cohosh) was a genus of between 12-18 species of flowering plants belonging to the family Ranunculaceae, native to temperate regions of the Northern Hemisphere.\nanswer: Crocosmia is found in an environment further south.\nverification: \n'}]

RAW RESPONSE:
{
  "reason": "The provided context does not directly compare the geographical distribution of Crocosmia and Cimicifuga, but it does indicate that Cimicifuga is native to temperate regions of the Northern Hemisphere, implying that Crocosmia might be found further south if it is not native to these same regions.",
   "verdict": "0"
}
==================================================
=== SYNC GENERATE ===
PROMPT:
[{'role': 'user', 'content': 'Create one or more statements from each sentence in the given answer.\nOutput in only valid JSON format.\n\nquestion: "Who was  Albert Einstein and what is he best known for?"\nanswer: "He was a German-born theoretical physicist, widely acknowledged to be one of the greatest and most influential physicists of all time. He was best known for developing the theory of relativity, he also made important contributions to the development of the theory of quantum mechanics."\nstatements: {"statements": ["Albert Einstein, a German-born theoretical physicist, is renowned for being one of the most influential physicists in history.", "Albert Einstein was best known for his theory of relativity.", "Einstein\'s contributions significantly advanced the field of quantum mechanics", "Recognized globally, Einstein\'s work has profoundly impacted the scientific community", "Einstein\'s groundbreaking theories continue to shape our understanding of physics today."]}\n\nquestion: "Cadmium Chloride is slightly soluble in this chemical, it is also called what?"\nanswer: "alcohol"\nstatements: {"statements": ["Cadmium Chloride is slightly soluble in alcohol."]}\n\nquestion: "Were Hitler and Benito Mussolini of the same nationality?"\nanswer: "Sorry, I can\'t provide answer to that question."\nstatements: {"statements": []}\n\nquestion: Which genus of flowering plant is found in an environment further south, Crocosmia or Cimicifuga?\nanswer: Crocosmia is found in an environment further south.\nstatements: \n'}]

RAW RESPONSE:
{
  "statements": [
       "Crocosmia is a genus of flowering plant found in environments further south than Cimicifuga.",
       "In comparison to Cimicifuga, Crocosmia is located in more southern environments."
   ]
}
==================================================
=== SYNC GENERATE ===
PROMPT:
[{'role': 'user', 'content': 'Natural language inference. Use only \'Yes\' (1), \'No\' (0) and \'Null\' (-1) as verdict.\nOutput in only valid JSON format.\n\ncontext: "John is a student at XYZ University. He is pursuing a degree in Computer Science. He is enrolled in several courses this semester, including Data Structures, Algorithms, and Database Management. John is a diligent student and spends a significant amount of time studying and completing assignments. He often stays late in the library to work on his projects."\nstatements: "\\n            statement_1: John is majoring in Biology.\\n            statement_2: John is taking a course on Artificial Intelligence.\\n            statement_3: John is a dedicated student.\\n            statement_4: John has a part-time job.\\n            "\nanswer: [{"statement_1": "John is majoring in Biology.", "reason": "John\'s major is explicitly mentioned as Computer Science. There is no information suggesting he is majoring in Biology.", "verdict": "0"}, {"statement_2": "John is taking a course on Artificial Intelligence.", "reason": "The context mentions the courses John is currently enrolled in, and Artificial Intelligence is not mentioned. Therefore, it cannot be deduced that John is taking a course on AI.", "verdict": "0"}, {"statement_3": "John is a dedicated student.", "reason": "The context states that he spends a significant amount of time studying and completing assignments. Additionally, it mentions that he often stays late in the library to work on his projects, which implies dedication.", "verdict": "1"}, {"statement_4": "John has a part-time job.", "reason": "There is no information given in the context about John having a part-time job.", "verdict": "0"}]\n\ncontext: "Photosynthesis is a process used by plants, algae, and certain bacteria to convert light energy into chemical energy."\nstatements: "statement_1: Albert Einstein was a genius."\nanswer: {"statement_1": "Albert Einstein was a genius.", "reason": "The context and statement are unrelated", "verdict": "0"}\n\ncontext: "Albert Einstein was a German-born theoretical physicist who is widely held to be one of the greatest and most influential scientists of all time."\nstatements: "statement_1: Nil"\nanswer: {"statement_1": "Nil", "reason": "The statement is invalid", "verdict": "-1"}\n\ncontext: Cimicifuga (bugbane or cohosh) was a genus of between 12-18 species of flowering plants belonging to the family Ranunculaceae, native to temperate regions of the Northern Hemisphere.\nCimicifuga (bugbane or cohosh) was a genus of between 12-18 species of flowering plants belonging to the family Ranunculaceae, native to temperate regions of the Northern Hemisphere.\nCimicifuga (bugbane or cohosh) was a genus of between 12-18 species of flowering plants belonging to the family Ranunculaceae, native to temperate regions of the Northern Hemisphere.\nstatements: statement_1: Crocosmia is a genus of flowering plant found in environments further south than Cimicifuga.\nstatement_2: In comparison to Cimicifuga, Crocosmia is located in more southern environments.\nanswer: \n'}]

RAW RESPONSE:
{
  "statement_1": "Crocosmia is a genus of flowering plant found in environments further south than Cimicifuga.",
   "reason": "The context does not provide information about the geographical distribution of Crocosmia in relation to Cimicifuga.",
   "verdict": "-1"
}
==================================================
=== SYNC GENERATE ===
PROMPT:
[{'role': 'user', 'content': 'Create one or more statements from each sentence in the given answer.\nOutput in only valid JSON format.\n\nquestion: "Who was  Albert Einstein and what is he best known for?"\nanswer: "He was a German-born theoretical physicist, widely acknowledged to be one of the greatest and most influential physicists of all time. He was best known for developing the theory of relativity, he also made important contributions to the development of the theory of quantum mechanics."\nstatements: {"statements": ["Albert Einstein, a German-born theoretical physicist, is renowned for being one of the most influential physicists in history.", "Albert Einstein was best known for his theory of relativity.", "Einstein\'s contributions significantly advanced the field of quantum mechanics", "Recognized globally, Einstein\'s work has profoundly impacted the scientific community", "Einstein\'s groundbreaking theories continue to shape our understanding of physics today."]}\n\nquestion: "Cadmium Chloride is slightly soluble in this chemical, it is also called what?"\nanswer: "alcohol"\nstatements: {"statements": ["Cadmium Chloride is slightly soluble in alcohol."]}\n\nquestion: "Were Hitler and Benito Mussolini of the same nationality?"\nanswer: "Sorry, I can\'t provide answer to that question."\nstatements: {"statements": []}\n\nquestion: In what year did the man who shot the Chris Stockley, of The Dingoes, die?\nanswer: Dennis Bruce Allen, the man who shot Chris Stockley of The Dingoes, died in 1987.\nstatements: \n'}]

RAW RESPONSE:
{
  "statements": [
       "Dennis Bruce Allen shot Chris Stockley of The Dingoes.",
       "Dennis Bruce Allen died in 1987."
   ]
}
==================================================
=== SYNC GENERATE ===
PROMPT:
[{'role': 'user', 'content': 'Generate a question for the given answer and Identify if answer is noncommittal. Give noncommittal as 1 if the answer is noncommittal and 0 if the answer is committal. A noncommittal answer is one that is evasive, vague, or ambiguous. For example, "I don\'t know" or "I\'m not sure" are noncommittal answers.\nOutput in only valid JSON format.\n\nanswer: "Albert Einstein was born in Germany."\ncontext: "Albert Einstein was a German-born theoretical physicist who is widely held to be one of the greatest and most influential scientists of all time"\noutput: {"question": "Where was Albert Einstein born?", "noncommittal": 0}\n\nanswer: "It can change its skin color based on the temperature of its environment."\ncontext: "A recent scientific study has discovered a new species of frog in the Amazon rainforest that has the unique ability to change its skin color based on the temperature of its environment."\noutput: {"question": "What unique ability does the newly discovered species of frog have?", "noncommittal": 0}\n\nanswer: "Everest"\ncontext: "The tallest mountain on Earth, measured from sea level, is a renowned peak located in the Himalayas."\noutput: {"question": "What is the tallest mountain on Earth?", "noncommittal": 0}\n\nanswer: "I don\'t know about the  groundbreaking feature of the smartphone invented in 2023 as am unaware of information beyond 2022. "\ncontext: "In 2023, a groundbreaking invention was announced: a smartphone with a battery life of one month, revolutionizing the way people use mobile technology."\noutput: {"question": "What was the groundbreaking feature of the smartphone invented in 2023?", "noncommittal": 1}\n\nanswer: Dennis Bruce Allen, the man who shot Chris Stockley of The Dingoes, died in 1987.\ncontext: Dennis Bruce Allen (7 November 1951 – 13 April 1987) was a Melbourne based Australian criminal and drug dealer who was reported to have murdered many victims. He was the oldest son of criminal matriarch Kath Pettingill. Allen avoided capture for drug dealing by acting as an informant throughout his career. He died of heart disease in 1987 in prison custody awaiting trial for murder.\nDennis Bruce Allen (7 November 1951 – 13 April 1987) was a Melbourne based Australian criminal and drug dealer who was reported to have murdered many victims. He was the oldest son of criminal matriarch Kath Pettingill. Allen avoided capture for drug dealing by acting as an informant throughout his career. He died of heart disease in 1987 in prison custody awaiting trial for murder.\nDennis Bruce Allen (7 November 1951 – 13 April 1987) was a Melbourne based Australian criminal and drug dealer who was reported to have murdered many victims. He was the oldest son of criminal matriarch Kath Pettingill. Allen avoided capture for drug dealing by acting as an informant throughout his career. He died of heart disease in 1987 in prison custody awaiting trial for murder.\noutput: \n'}]

RAW RESPONSE:
{
  "question": "When and how did Dennis Bruce Allen die?",
   "noncommittal": 0
}
==================================================
=== SYNC GENERATE ===
PROMPT:
[{'role': 'user', 'content': 'Given question, answer and context verify if the context was useful in arriving at the given answer. Give verdict as "1" if useful and "0" if not with json output. \nOutput in only valid JSON format.\n\nquestion: "What can you tell me about albert Albert Einstein?"\ncontext: "Albert Einstein (14 March 1879 – 18 April 1955) was a German-born theoretical physicist, widely held to be one of the greatest and most influential scientists of all time. Best known for developing the theory of relativity, he also made important contributions to quantum mechanics, and was thus a central figure in the revolutionary reshaping of the scientific understanding of nature that modern physics accomplished in the first decades of the twentieth century. His mass–energy equivalence formula E = mc2, which arises from relativity theory, has been called \\"the world\'s most famous equation\\". He received the 1921 Nobel Prize in Physics \\"for his services to theoretical physics, and especially for his discovery of the law of the photoelectric effect\\", a pivotal step in the development of quantum theory. His work is also known for its influence on the philosophy of science. In a 1999 poll of 130 leading physicists worldwide by the British journal Physics World, Einstein was ranked the greatest physicist of all time. His intellectual achievements and originality have made Einstein synonymous with genius."\nanswer: "Albert Einstein born in 14 March 1879 was German-born theoretical physicist, widely held to be one of the greatest and most influential scientists of all time. He received the 1921 Nobel Prize in Physics for his services to theoretical physics. He published 4 papers in 1905. Einstein moved to Switzerland in 1895"\nverification: {"reason": "The provided context was indeed useful in arriving at the given answer. The context includes key information about Albert Einstein\'s life and contributions, which are reflected in the answer.", "verdict": "1"}\n\nquestion: "who won 2020 icc world cup?"\ncontext: "The 2022 ICC Men\'s T20 World Cup, held from October 16 to November 13, 2022, in Australia, was the eighth edition of the tournament. Originally scheduled for 2020, it was postponed due to the COVID-19 pandemic. England emerged victorious, defeating Pakistan by five wickets in the final to clinch their second ICC Men\'s T20 World Cup title."\nanswer: "England"\nverification: {"reason": "the context was useful in clarifying the situation regarding the 2020 ICC World Cup and indicating that England was the winner of the tournament that was intended to be held in 2020 but actually took place in 2022.", "verdict": "1"}\n\nquestion: "What is the tallest mountain in the world?"\ncontext: "The Andes is the longest continental mountain range in the world, located in South America. It stretches across seven countries and features many of the highest peaks in the Western Hemisphere. The range is known for its diverse ecosystems, including the high-altitude Andean Plateau and the Amazon rainforest."\nanswer: "Mount Everest."\nverification: {"reason": "the provided context discusses the Andes mountain range, which, while impressive, does not include Mount Everest or directly relate to the question about the world\'s tallest mountain.", "verdict": "0"}\n\nquestion: In what year did the man who shot the Chris Stockley, of The Dingoes, die?\ncontext: Dennis Bruce Allen (7 November 1951 – 13 April 1987) was a Melbourne based Australian criminal and drug dealer who was reported to have murdered many victims. He was the oldest son of criminal matriarch Kath Pettingill. Allen avoided capture for drug dealing by acting as an informant throughout his career. He died of heart disease in 1987 in prison custody awaiting trial for murder.\nanswer: Dennis Bruce Allen, the man who shot Chris Stockley of The Dingoes, died in 1987.\nverification: \n'}]

RAW RESPONSE:
{
  "reason": "The provided context directly mentions the year of death of Dennis Bruce Allen, who is identified as the man who shot Chris Stockley of The Dingoes, thus making it useful for determining the answer.",
   "verdict": "1"
}
==================================================
=== SYNC GENERATE ===
PROMPT:
[{'role': 'user', 'content': 'Natural language inference. Use only \'Yes\' (1), \'No\' (0) and \'Null\' (-1) as verdict.\nOutput in only valid JSON format.\n\ncontext: "John is a student at XYZ University. He is pursuing a degree in Computer Science. He is enrolled in several courses this semester, including Data Structures, Algorithms, and Database Management. John is a diligent student and spends a significant amount of time studying and completing assignments. He often stays late in the library to work on his projects."\nstatements: "\\n            statement_1: John is majoring in Biology.\\n            statement_2: John is taking a course on Artificial Intelligence.\\n            statement_3: John is a dedicated student.\\n            statement_4: John has a part-time job.\\n            "\nanswer: [{"statement_1": "John is majoring in Biology.", "reason": "John\'s major is explicitly mentioned as Computer Science. There is no information suggesting he is majoring in Biology.", "verdict": "0"}, {"statement_2": "John is taking a course on Artificial Intelligence.", "reason": "The context mentions the courses John is currently enrolled in, and Artificial Intelligence is not mentioned. Therefore, it cannot be deduced that John is taking a course on AI.", "verdict": "0"}, {"statement_3": "John is a dedicated student.", "reason": "The context states that he spends a significant amount of time studying and completing assignments. Additionally, it mentions that he often stays late in the library to work on his projects, which implies dedication.", "verdict": "1"}, {"statement_4": "John has a part-time job.", "reason": "There is no information given in the context about John having a part-time job.", "verdict": "0"}]\n\ncontext: "Photosynthesis is a process used by plants, algae, and certain bacteria to convert light energy into chemical energy."\nstatements: "statement_1: Albert Einstein was a genius."\nanswer: {"statement_1": "Albert Einstein was a genius.", "reason": "The context and statement are unrelated", "verdict": "0"}\n\ncontext: "Albert Einstein was a German-born theoretical physicist who is widely held to be one of the greatest and most influential scientists of all time."\nstatements: "statement_1: Nil"\nanswer: {"statement_1": "Nil", "reason": "The statement is invalid", "verdict": "-1"}\n\ncontext: Dennis Bruce Allen (7 November 1951 – 13 April 1987) was a Melbourne based Australian criminal and drug dealer who was reported to have murdered many victims. He was the oldest son of criminal matriarch Kath Pettingill. Allen avoided capture for drug dealing by acting as an informant throughout his career. He died of heart disease in 1987 in prison custody awaiting trial for murder.\nDennis Bruce Allen (7 November 1951 – 13 April 1987) was a Melbourne based Australian criminal and drug dealer who was reported to have murdered many victims. He was the oldest son of criminal matriarch Kath Pettingill. Allen avoided capture for drug dealing by acting as an informant throughout his career. He died of heart disease in 1987 in prison custody awaiting trial for murder.\nDennis Bruce Allen (7 November 1951 – 13 April 1987) was a Melbourne based Australian criminal and drug dealer who was reported to have murdered many victims. He was the oldest son of criminal matriarch Kath Pettingill. Allen avoided capture for drug dealing by acting as an informant throughout his career. He died of heart disease in 1987 in prison custody awaiting trial for murder.\nstatements: statement_1: Dennis Bruce Allen shot Chris Stockley of The Dingoes.\nstatement_2: Dennis Bruce Allen died in 1987.\nanswer: \n'}]

RAW RESPONSE:
[
{
  "statement_1": "Dennis Bruce Allen shot Chris Stockley of The Dingoes.",
   "reason": "There is no information in the context about Dennis Bruce Allen shooting Chris Stockley of The Dingoes.",
   "verdict": 0
},
{
   "statement_2": "Dennis Bruce Allen died in 1987.",
   "reason": "The context explicitly states that Dennis Bruce Allen died of heart disease in 1987.",
   "verdict": 1
}
]
==================================================
=== SYNC GENERATE ===
PROMPT:
[{'role': 'user', 'content': 'Generate a question for the given answer and Identify if answer is noncommittal. Give noncommittal as 1 if the answer is noncommittal and 0 if the answer is committal. A noncommittal answer is one that is evasive, vague, or ambiguous. For example, "I don\'t know" or "I\'m not sure" are noncommittal answers.\nOutput in only valid JSON format.\n\nanswer: "Albert Einstein was born in Germany."\ncontext: "Albert Einstein was a German-born theoretical physicist who is widely held to be one of the greatest and most influential scientists of all time"\noutput: {"question": "Where was Albert Einstein born?", "noncommittal": 0}\n\nanswer: "It can change its skin color based on the temperature of its environment."\ncontext: "A recent scientific study has discovered a new species of frog in the Amazon rainforest that has the unique ability to change its skin color based on the temperature of its environment."\noutput: {"question": "What unique ability does the newly discovered species of frog have?", "noncommittal": 0}\n\nanswer: "Everest"\ncontext: "The tallest mountain on Earth, measured from sea level, is a renowned peak located in the Himalayas."\noutput: {"question": "What is the tallest mountain on Earth?", "noncommittal": 0}\n\nanswer: "I don\'t know about the  groundbreaking feature of the smartphone invented in 2023 as am unaware of information beyond 2022. "\ncontext: "In 2023, a groundbreaking invention was announced: a smartphone with a battery life of one month, revolutionizing the way people use mobile technology."\noutput: {"question": "What was the groundbreaking feature of the smartphone invented in 2023?", "noncommittal": 1}\n\nanswer: Yes, both American bands The Four Seasons and Local H were popular at the same time as the Beatles. The Four Seasons were noted as the most popular rock band before the Beatles, and Local H was formed in the late 1980s, so their popularity would have overlapped with the Beatles\' era.\ncontext: UFOFU was a rock band based in Dallas, Texas. The band consisted of Joseph Butcher, and brothers Brandon Curtis and Ben Curtis. It rose to local prominence in the mid-90\'s through word of mouth and slots opening for other north Texas bands such as Hagfish and Tripping Daisy. While touring, the band opened for Local H, Smoking Popes, The Geraldine Fibbers and Spacehog.\nUFOFU was a rock band based in Dallas, Texas. The band consisted of Joseph Butcher, and brothers Brandon Curtis and Ben Curtis. It rose to local prominence in the mid-90\'s through word of mouth and slots opening for other north Texas bands such as Hagfish and Tripping Daisy. While touring, the band opened for Local H, Smoking Popes, The Geraldine Fibbers and Spacehog.\nUFOFU was a rock band based in Dallas, Texas. The band consisted of Joseph Butcher, and brothers Brandon Curtis and Ben Curtis. It rose to local prominence in the mid-90\'s through word of mouth and slots opening for other north Texas bands such as Hagfish and Tripping Daisy. While touring, the band opened for Local H, Smoking Popes, The Geraldine Fibbers and Spacehog.\noutput: \n'}]

RAW RESPONSE:
{
  "question": "Were The Four Seasons and Local H popular at the same time as the Beatles?",
   "noncommittal": 0
}
==================================================
=== SYNC GENERATE ===
PROMPT:
[{'role': 'user', 'content': 'Given question, answer and context verify if the context was useful in arriving at the given answer. Give verdict as "1" if useful and "0" if not with json output. \nOutput in only valid JSON format.\n\nquestion: "What can you tell me about albert Albert Einstein?"\ncontext: "Albert Einstein (14 March 1879 – 18 April 1955) was a German-born theoretical physicist, widely held to be one of the greatest and most influential scientists of all time. Best known for developing the theory of relativity, he also made important contributions to quantum mechanics, and was thus a central figure in the revolutionary reshaping of the scientific understanding of nature that modern physics accomplished in the first decades of the twentieth century. His mass–energy equivalence formula E = mc2, which arises from relativity theory, has been called \\"the world\'s most famous equation\\". He received the 1921 Nobel Prize in Physics \\"for his services to theoretical physics, and especially for his discovery of the law of the photoelectric effect\\", a pivotal step in the development of quantum theory. His work is also known for its influence on the philosophy of science. In a 1999 poll of 130 leading physicists worldwide by the British journal Physics World, Einstein was ranked the greatest physicist of all time. His intellectual achievements and originality have made Einstein synonymous with genius."\nanswer: "Albert Einstein born in 14 March 1879 was German-born theoretical physicist, widely held to be one of the greatest and most influential scientists of all time. He received the 1921 Nobel Prize in Physics for his services to theoretical physics. He published 4 papers in 1905. Einstein moved to Switzerland in 1895"\nverification: {"reason": "The provided context was indeed useful in arriving at the given answer. The context includes key information about Albert Einstein\'s life and contributions, which are reflected in the answer.", "verdict": "1"}\n\nquestion: "who won 2020 icc world cup?"\ncontext: "The 2022 ICC Men\'s T20 World Cup, held from October 16 to November 13, 2022, in Australia, was the eighth edition of the tournament. Originally scheduled for 2020, it was postponed due to the COVID-19 pandemic. England emerged victorious, defeating Pakistan by five wickets in the final to clinch their second ICC Men\'s T20 World Cup title."\nanswer: "England"\nverification: {"reason": "the context was useful in clarifying the situation regarding the 2020 ICC World Cup and indicating that England was the winner of the tournament that was intended to be held in 2020 but actually took place in 2022.", "verdict": "1"}\n\nquestion: "What is the tallest mountain in the world?"\ncontext: "The Andes is the longest continental mountain range in the world, located in South America. It stretches across seven countries and features many of the highest peaks in the Western Hemisphere. The range is known for its diverse ecosystems, including the high-altitude Andean Plateau and the Amazon rainforest."\nanswer: "Mount Everest."\nverification: {"reason": "the provided context discusses the Andes mountain range, which, while impressive, does not include Mount Everest or directly relate to the question about the world\'s tallest mountain.", "verdict": "0"}\n\nquestion: Are both American bands The Four Seasons and Local H popular around the Beatles were around?\ncontext: UFOFU was a rock band based in Dallas, Texas. The band consisted of Joseph Butcher, and brothers Brandon Curtis and Ben Curtis. It rose to local prominence in the mid-90\'s through word of mouth and slots opening for other north Texas bands such as Hagfish and Tripping Daisy. While touring, the band opened for Local H, Smoking Popes, The Geraldine Fibbers and Spacehog.\nanswer: Yes, both American bands The Four Seasons and Local H were popular at the same time as the Beatles. The Four Seasons were noted as the most popular rock band before the Beatles, and Local H was formed in the late 1980s, so their popularity would have overlapped with the Beatles\' era.\nverification: \n'}]

RAW RESPONSE:
{
  "reason": "The provided context does not mention The Four Seasons or the Beatles, and only briefly mentions Local H in the context of UFOFU's touring history, without discussing their popularity in relation to the Beatles.",
   "verdict": "0"
}
==================================================
=== SYNC GENERATE ===
PROMPT:
[{'role': 'user', 'content': 'Create one or more statements from each sentence in the given answer.\nOutput in only valid JSON format.\n\nquestion: "Who was  Albert Einstein and what is he best known for?"\nanswer: "He was a German-born theoretical physicist, widely acknowledged to be one of the greatest and most influential physicists of all time. He was best known for developing the theory of relativity, he also made important contributions to the development of the theory of quantum mechanics."\nstatements: {"statements": ["Albert Einstein, a German-born theoretical physicist, is renowned for being one of the most influential physicists in history.", "Albert Einstein was best known for his theory of relativity.", "Einstein\'s contributions significantly advanced the field of quantum mechanics", "Recognized globally, Einstein\'s work has profoundly impacted the scientific community", "Einstein\'s groundbreaking theories continue to shape our understanding of physics today."]}\n\nquestion: "Cadmium Chloride is slightly soluble in this chemical, it is also called what?"\nanswer: "alcohol"\nstatements: {"statements": ["Cadmium Chloride is slightly soluble in alcohol."]}\n\nquestion: "Were Hitler and Benito Mussolini of the same nationality?"\nanswer: "Sorry, I can\'t provide answer to that question."\nstatements: {"statements": []}\n\nquestion: Are both American bands The Four Seasons and Local H popular around the Beatles were around?\nanswer: Yes, both American bands The Four Seasons and Local H were popular at the same time as the Beatles. The Four Seasons were noted as the most popular rock band before the Beatles, and Local H was formed in the late 1980s, so their popularity would have overlapped with the Beatles\' era.\nstatements: \n'}]

RAW RESPONSE:
{
  "statements": [
       "The Four Seasons was a popular American band during the same era as the Beatles.",
       "Local H, an American band, was formed in the late 1980s and overlapped with the Beatles' era in terms of popularity.",
       "The Four Seasons is noted as the most popular rock band before the rise of the Beatles.",
       "Both The Four Seasons and Local H achieved popularity around the same time as the Beatles."
   ]
}
==================================================
=== SYNC GENERATE ===
PROMPT:
[{'role': 'user', 'content': 'Natural language inference. Use only \'Yes\' (1), \'No\' (0) and \'Null\' (-1) as verdict.\nOutput in only valid JSON format.\n\ncontext: "John is a student at XYZ University. He is pursuing a degree in Computer Science. He is enrolled in several courses this semester, including Data Structures, Algorithms, and Database Management. John is a diligent student and spends a significant amount of time studying and completing assignments. He often stays late in the library to work on his projects."\nstatements: "\\n            statement_1: John is majoring in Biology.\\n            statement_2: John is taking a course on Artificial Intelligence.\\n            statement_3: John is a dedicated student.\\n            statement_4: John has a part-time job.\\n            "\nanswer: [{"statement_1": "John is majoring in Biology.", "reason": "John\'s major is explicitly mentioned as Computer Science. There is no information suggesting he is majoring in Biology.", "verdict": "0"}, {"statement_2": "John is taking a course on Artificial Intelligence.", "reason": "The context mentions the courses John is currently enrolled in, and Artificial Intelligence is not mentioned. Therefore, it cannot be deduced that John is taking a course on AI.", "verdict": "0"}, {"statement_3": "John is a dedicated student.", "reason": "The context states that he spends a significant amount of time studying and completing assignments. Additionally, it mentions that he often stays late in the library to work on his projects, which implies dedication.", "verdict": "1"}, {"statement_4": "John has a part-time job.", "reason": "There is no information given in the context about John having a part-time job.", "verdict": "0"}]\n\ncontext: "Photosynthesis is a process used by plants, algae, and certain bacteria to convert light energy into chemical energy."\nstatements: "statement_1: Albert Einstein was a genius."\nanswer: {"statement_1": "Albert Einstein was a genius.", "reason": "The context and statement are unrelated", "verdict": "0"}\n\ncontext: "Albert Einstein was a German-born theoretical physicist who is widely held to be one of the greatest and most influential scientists of all time."\nstatements: "statement_1: Nil"\nanswer: {"statement_1": "Nil", "reason": "The statement is invalid", "verdict": "-1"}\n\ncontext: UFOFU was a rock band based in Dallas, Texas. The band consisted of Joseph Butcher, and brothers Brandon Curtis and Ben Curtis. It rose to local prominence in the mid-90\'s through word of mouth and slots opening for other north Texas bands such as Hagfish and Tripping Daisy. While touring, the band opened for Local H, Smoking Popes, The Geraldine Fibbers and Spacehog.\nUFOFU was a rock band based in Dallas, Texas. The band consisted of Joseph Butcher, and brothers Brandon Curtis and Ben Curtis. It rose to local prominence in the mid-90\'s through word of mouth and slots opening for other north Texas bands such as Hagfish and Tripping Daisy. While touring, the band opened for Local H, Smoking Popes, The Geraldine Fibbers and Spacehog.\nUFOFU was a rock band based in Dallas, Texas. The band consisted of Joseph Butcher, and brothers Brandon Curtis and Ben Curtis. It rose to local prominence in the mid-90\'s through word of mouth and slots opening for other north Texas bands such as Hagfish and Tripping Daisy. While touring, the band opened for Local H, Smoking Popes, The Geraldine Fibbers and Spacehog.\nstatements: statement_1: The Four Seasons was a popular American band during the same era as the Beatles.\nstatement_2: Local H, an American band, was formed in the late 1980s and overlapped with the Beatles\' era in terms of popularity.\nstatement_3: The Four Seasons is noted as the most popular rock band before the rise of the Beatles.\nstatement_4: Both The Four Seasons and Local H achieved popularity around the same time as the Beatles.\nanswer: \n'}]

RAW RESPONSE:
[
{
  "statement_1": "The Four Seasons was a popular American band during the same era as the Beatles.",
   "reason": "The context does not mention The Four Seasons or the Beatles, so it cannot be deduced that The Four Seasons was popular during the same era as the Beatles.",
   "verdict": "0"
},
{
   "statement_2": "Local H, an American band, was formed in the late 1980s and overlapped with the Beatles' era in terms of popularity.",
   "reason": "The context mentions Local H as a band that UFOFU opened for while touring, but it does not provide information about Local H's formation or its overlap with the Beatles' era.",
   "verdict": "0"
},
{
   "statement_3": "The Four Seasons is noted as the most popular rock band before the rise of the Beatles.",
   "reason": "The context does not mention The Four Seasons or the Beatles, so it cannot be deduced that The Four Seasons was the most popular rock band before the rise of the Beatles.",
   "verdict": "0"
},
{
   "statement_4": "Both The Four Seasons and Local H achieved popularity around the same time as the Beatles.",
   "reason": "The context does not provide information about the popularity of The Four Seasons or Local H in relation to the Beatles, and the Beatles are not mentioned at all.",
   "verdict": "0"
}
]
==================================================
=== SYNC GENERATE ===
PROMPT:
[{'role': 'user', 'content': 'Generate a question for the given answer and Identify if answer is noncommittal. Give noncommittal as 1 if the answer is noncommittal and 0 if the answer is committal. A noncommittal answer is one that is evasive, vague, or ambiguous. For example, "I don\'t know" or "I\'m not sure" are noncommittal answers.\nOutput in only valid JSON format.\n\nanswer: "Albert Einstein was born in Germany."\ncontext: "Albert Einstein was a German-born theoretical physicist who is widely held to be one of the greatest and most influential scientists of all time"\noutput: {"question": "Where was Albert Einstein born?", "noncommittal": 0}\n\nanswer: "It can change its skin color based on the temperature of its environment."\ncontext: "A recent scientific study has discovered a new species of frog in the Amazon rainforest that has the unique ability to change its skin color based on the temperature of its environment."\noutput: {"question": "What unique ability does the newly discovered species of frog have?", "noncommittal": 0}\n\nanswer: "Everest"\ncontext: "The tallest mountain on Earth, measured from sea level, is a renowned peak located in the Himalayas."\noutput: {"question": "What is the tallest mountain on Earth?", "noncommittal": 0}\n\nanswer: "I don\'t know about the  groundbreaking feature of the smartphone invented in 2023 as am unaware of information beyond 2022. "\ncontext: "In 2023, a groundbreaking invention was announced: a smartphone with a battery life of one month, revolutionizing the way people use mobile technology."\noutput: {"question": "What was the groundbreaking feature of the smartphone invented in 2023?", "noncommittal": 1}\n\nanswer: The king deposed in the Glorious Revolution of 1688 was supported by the grandson of the third Viscount Barnewall.\ncontext: James II and VII (14 October 1633 – 16 September 1701) was King of England and Ireland as James II and King of Scotland as James VII, from 6 February 1685 until he was deposed in the Glorious Revolution of 1688. He was the last Roman Catholic monarch of England, Scotland and Ireland.\nJames II and VII (14 October 1633 – 16 September 1701) was King of England and Ireland as James II and King of Scotland as James VII, from 6 February 1685 until he was deposed in the Glorious Revolution of 1688. He was the last Roman Catholic monarch of England, Scotland and Ireland.\nJames II and VII (14 October 1633 – 16 September 1701) was King of England and Ireland as James II and King of Scotland as James VII, from 6 February 1685 until he was deposed in the Glorious Revolution of 1688. He was the last Roman Catholic monarch of England, Scotland and Ireland.\noutput: \n'}]

RAW RESPONSE:
{
  "question": "Who was the king deposed in the Glorious Revolution of 1688 and who supported him?",
   "noncommittal": 0
}
==================================================
=== SYNC GENERATE ===
PROMPT:
[{'role': 'user', 'content': 'Create one or more statements from each sentence in the given answer.\nOutput in only valid JSON format.\n\nquestion: "Who was  Albert Einstein and what is he best known for?"\nanswer: "He was a German-born theoretical physicist, widely acknowledged to be one of the greatest and most influential physicists of all time. He was best known for developing the theory of relativity, he also made important contributions to the development of the theory of quantum mechanics."\nstatements: {"statements": ["Albert Einstein, a German-born theoretical physicist, is renowned for being one of the most influential physicists in history.", "Albert Einstein was best known for his theory of relativity.", "Einstein\'s contributions significantly advanced the field of quantum mechanics", "Recognized globally, Einstein\'s work has profoundly impacted the scientific community", "Einstein\'s groundbreaking theories continue to shape our understanding of physics today."]}\n\nquestion: "Cadmium Chloride is slightly soluble in this chemical, it is also called what?"\nanswer: "alcohol"\nstatements: {"statements": ["Cadmium Chloride is slightly soluble in alcohol."]}\n\nquestion: "Were Hitler and Benito Mussolini of the same nationality?"\nanswer: "Sorry, I can\'t provide answer to that question."\nstatements: {"statements": []}\n\nquestion: The king deposed in the Glorious Revolution of 1688 was supported by the grandson of what Viscount Barnewall?\nanswer: The king deposed in the Glorious Revolution of 1688 was supported by the grandson of the third Viscount Barnewall.\nstatements: \n'}]

RAW RESPONSE:
{
  "statements": [
       "The king deposed in the Glorious Revolution of 1688 was supported by the grandson of the third Viscount Barnewall.",
       "The third Viscount Barnewall's grandson played a role in supporting the deposed king of the Glorious Revolution."
   ]
}
==================================================
=== SYNC GENERATE ===
PROMPT:
[{'role': 'user', 'content': 'Given question, answer and context verify if the context was useful in arriving at the given answer. Give verdict as "1" if useful and "0" if not with json output. \nOutput in only valid JSON format.\n\nquestion: "What can you tell me about albert Albert Einstein?"\ncontext: "Albert Einstein (14 March 1879 – 18 April 1955) was a German-born theoretical physicist, widely held to be one of the greatest and most influential scientists of all time. Best known for developing the theory of relativity, he also made important contributions to quantum mechanics, and was thus a central figure in the revolutionary reshaping of the scientific understanding of nature that modern physics accomplished in the first decades of the twentieth century. His mass–energy equivalence formula E = mc2, which arises from relativity theory, has been called \\"the world\'s most famous equation\\". He received the 1921 Nobel Prize in Physics \\"for his services to theoretical physics, and especially for his discovery of the law of the photoelectric effect\\", a pivotal step in the development of quantum theory. His work is also known for its influence on the philosophy of science. In a 1999 poll of 130 leading physicists worldwide by the British journal Physics World, Einstein was ranked the greatest physicist of all time. His intellectual achievements and originality have made Einstein synonymous with genius."\nanswer: "Albert Einstein born in 14 March 1879 was German-born theoretical physicist, widely held to be one of the greatest and most influential scientists of all time. He received the 1921 Nobel Prize in Physics for his services to theoretical physics. He published 4 papers in 1905. Einstein moved to Switzerland in 1895"\nverification: {"reason": "The provided context was indeed useful in arriving at the given answer. The context includes key information about Albert Einstein\'s life and contributions, which are reflected in the answer.", "verdict": "1"}\n\nquestion: "who won 2020 icc world cup?"\ncontext: "The 2022 ICC Men\'s T20 World Cup, held from October 16 to November 13, 2022, in Australia, was the eighth edition of the tournament. Originally scheduled for 2020, it was postponed due to the COVID-19 pandemic. England emerged victorious, defeating Pakistan by five wickets in the final to clinch their second ICC Men\'s T20 World Cup title."\nanswer: "England"\nverification: {"reason": "the context was useful in clarifying the situation regarding the 2020 ICC World Cup and indicating that England was the winner of the tournament that was intended to be held in 2020 but actually took place in 2022.", "verdict": "1"}\n\nquestion: "What is the tallest mountain in the world?"\ncontext: "The Andes is the longest continental mountain range in the world, located in South America. It stretches across seven countries and features many of the highest peaks in the Western Hemisphere. The range is known for its diverse ecosystems, including the high-altitude Andean Plateau and the Amazon rainforest."\nanswer: "Mount Everest."\nverification: {"reason": "the provided context discusses the Andes mountain range, which, while impressive, does not include Mount Everest or directly relate to the question about the world\'s tallest mountain.", "verdict": "0"}\n\nquestion: The king deposed in the Glorious Revolution of 1688 was supported by the grandson of what Viscount Barnewall?\ncontext: James II and VII (14 October 1633 – 16 September 1701) was King of England and Ireland as James II and King of Scotland as James VII, from 6 February 1685 until he was deposed in the Glorious Revolution of 1688. He was the last Roman Catholic monarch of England, Scotland and Ireland.\nanswer: The king deposed in the Glorious Revolution of 1688 was supported by the grandson of the third Viscount Barnewall.\nverification: \n'}]

RAW RESPONSE:
{
  "reason": "The provided context does not mention the Viscount Barnewall or any connection to James II, thus it does not directly support the information given in the answer.",
   "verdict": "0"
}
==================================================
=== SYNC GENERATE ===
PROMPT:
[{'role': 'user', 'content': 'Natural language inference. Use only \'Yes\' (1), \'No\' (0) and \'Null\' (-1) as verdict.\nOutput in only valid JSON format.\n\ncontext: "John is a student at XYZ University. He is pursuing a degree in Computer Science. He is enrolled in several courses this semester, including Data Structures, Algorithms, and Database Management. John is a diligent student and spends a significant amount of time studying and completing assignments. He often stays late in the library to work on his projects."\nstatements: "\\n            statement_1: John is majoring in Biology.\\n            statement_2: John is taking a course on Artificial Intelligence.\\n            statement_3: John is a dedicated student.\\n            statement_4: John has a part-time job.\\n            "\nanswer: [{"statement_1": "John is majoring in Biology.", "reason": "John\'s major is explicitly mentioned as Computer Science. There is no information suggesting he is majoring in Biology.", "verdict": "0"}, {"statement_2": "John is taking a course on Artificial Intelligence.", "reason": "The context mentions the courses John is currently enrolled in, and Artificial Intelligence is not mentioned. Therefore, it cannot be deduced that John is taking a course on AI.", "verdict": "0"}, {"statement_3": "John is a dedicated student.", "reason": "The context states that he spends a significant amount of time studying and completing assignments. Additionally, it mentions that he often stays late in the library to work on his projects, which implies dedication.", "verdict": "1"}, {"statement_4": "John has a part-time job.", "reason": "There is no information given in the context about John having a part-time job.", "verdict": "0"}]\n\ncontext: "Photosynthesis is a process used by plants, algae, and certain bacteria to convert light energy into chemical energy."\nstatements: "statement_1: Albert Einstein was a genius."\nanswer: {"statement_1": "Albert Einstein was a genius.", "reason": "The context and statement are unrelated", "verdict": "0"}\n\ncontext: "Albert Einstein was a German-born theoretical physicist who is widely held to be one of the greatest and most influential scientists of all time."\nstatements: "statement_1: Nil"\nanswer: {"statement_1": "Nil", "reason": "The statement is invalid", "verdict": "-1"}\n\ncontext: James II and VII (14 October 1633 – 16 September 1701) was King of England and Ireland as James II and King of Scotland as James VII, from 6 February 1685 until he was deposed in the Glorious Revolution of 1688. He was the last Roman Catholic monarch of England, Scotland and Ireland.\nJames II and VII (14 October 1633 – 16 September 1701) was King of England and Ireland as James II and King of Scotland as James VII, from 6 February 1685 until he was deposed in the Glorious Revolution of 1688. He was the last Roman Catholic monarch of England, Scotland and Ireland.\nJames II and VII (14 October 1633 – 16 September 1701) was King of England and Ireland as James II and King of Scotland as James VII, from 6 February 1685 until he was deposed in the Glorious Revolution of 1688. He was the last Roman Catholic monarch of England, Scotland and Ireland.\nstatements: statement_1: The king deposed in the Glorious Revolution of 1688 was supported by the grandson of the third Viscount Barnewall.\nstatement_2: The third Viscount Barnewall\'s grandson played a role in supporting the deposed king of the Glorious Revolution.\nanswer: \n'}]

RAW RESPONSE:
{
  "statement_1": "The king deposed in the Glorious Revolution of 1688 was supported by the grandson of the third Viscount Barnewall.",
   "reason": "There is no information in the context about the third Viscount Barnewall or his grandson supporting the deposed king.",
   "verdict": "0"
}
==================================================
=== SYNC GENERATE ===
PROMPT:
[{'role': 'user', 'content': 'Generate a question for the given answer and Identify if answer is noncommittal. Give noncommittal as 1 if the answer is noncommittal and 0 if the answer is committal. A noncommittal answer is one that is evasive, vague, or ambiguous. For example, "I don\'t know" or "I\'m not sure" are noncommittal answers.\nOutput in only valid JSON format.\n\nanswer: "Albert Einstein was born in Germany."\ncontext: "Albert Einstein was a German-born theoretical physicist who is widely held to be one of the greatest and most influential scientists of all time"\noutput: {"question": "Where was Albert Einstein born?", "noncommittal": 0}\n\nanswer: "It can change its skin color based on the temperature of its environment."\ncontext: "A recent scientific study has discovered a new species of frog in the Amazon rainforest that has the unique ability to change its skin color based on the temperature of its environment."\noutput: {"question": "What unique ability does the newly discovered species of frog have?", "noncommittal": 0}\n\nanswer: "Everest"\ncontext: "The tallest mountain on Earth, measured from sea level, is a renowned peak located in the Himalayas."\noutput: {"question": "What is the tallest mountain on Earth?", "noncommittal": 0}\n\nanswer: "I don\'t know about the  groundbreaking feature of the smartphone invented in 2023 as am unaware of information beyond 2022. "\ncontext: "In 2023, a groundbreaking invention was announced: a smartphone with a battery life of one month, revolutionizing the way people use mobile technology."\noutput: {"question": "What was the groundbreaking feature of the smartphone invented in 2023?", "noncommittal": 1}\n\nanswer: No. 3 Elementary Flying Training School RAAF operated at Essendon Airport, which is the closest to Melbourne\'s City Centre in Australia.\ncontext: Essendon Airport (IATA: MEB, ICAO: YMEN) is a 305 ha public airport serving scheduled commercial, corporate-jet, charter and general aviation flights. It is located next to the intersection of the Tullamarine and Calder Freeways, in the northern suburb of Essendon Fields of Melbourne, Victoria, Australia. The airport is the closest to Melbourne\'s City Centre, approximately a 13 km drive north-west from it and 8 km south-east from Melbourne Tullamarine Airport. In 1970, Tullamarine Airport replaced Essendon as Melbourne\'s main airport.\nEssendon Airport (IATA: MEB, ICAO: YMEN) is a 305 ha public airport serving scheduled commercial, corporate-jet, charter and general aviation flights. It is located next to the intersection of the Tullamarine and Calder Freeways, in the northern suburb of Essendon Fields of Melbourne, Victoria, Australia. The airport is the closest to Melbourne\'s City Centre, approximately a 13 km drive north-west from it and 8 km south-east from Melbourne Tullamarine Airport. In 1970, Tullamarine Airport replaced Essendon as Melbourne\'s main airport.\nEssendon Airport (IATA: MEB, ICAO: YMEN) is a 305 ha public airport serving scheduled commercial, corporate-jet, charter and general aviation flights. It is located next to the intersection of the Tullamarine and Calder Freeways, in the northern suburb of Essendon Fields of Melbourne, Victoria, Australia. The airport is the closest to Melbourne\'s City Centre, approximately a 13 km drive north-west from it and 8 km south-east from Melbourne Tullamarine Airport. In 1970, Tullamarine Airport replaced Essendon as Melbourne\'s main airport.\noutput: \n'}]

RAW RESPONSE:
{
  "question": "Which airport is the closest to Melbourne's City Centre in Australia and was once home to the No. 3 Elementary Flying Training School RAAF?",
   "noncommittal": 0
}
==================================================
=== SYNC GENERATE ===
PROMPT:
[{'role': 'user', 'content': 'Create one or more statements from each sentence in the given answer.\nOutput in only valid JSON format.\n\nquestion: "Who was  Albert Einstein and what is he best known for?"\nanswer: "He was a German-born theoretical physicist, widely acknowledged to be one of the greatest and most influential physicists of all time. He was best known for developing the theory of relativity, he also made important contributions to the development of the theory of quantum mechanics."\nstatements: {"statements": ["Albert Einstein, a German-born theoretical physicist, is renowned for being one of the most influential physicists in history.", "Albert Einstein was best known for his theory of relativity.", "Einstein\'s contributions significantly advanced the field of quantum mechanics", "Recognized globally, Einstein\'s work has profoundly impacted the scientific community", "Einstein\'s groundbreaking theories continue to shape our understanding of physics today."]}\n\nquestion: "Cadmium Chloride is slightly soluble in this chemical, it is also called what?"\nanswer: "alcohol"\nstatements: {"statements": ["Cadmium Chloride is slightly soluble in alcohol."]}\n\nquestion: "Were Hitler and Benito Mussolini of the same nationality?"\nanswer: "Sorry, I can\'t provide answer to that question."\nstatements: {"statements": []}\n\nquestion:  No. 3 Elementary Flying Training School RAAF operated at an Airport during World War 2 that is closest to Which city center in Australia?\nanswer: No. 3 Elementary Flying Training School RAAF operated at Essendon Airport, which is the closest to Melbourne\'s City Centre in Australia.\nstatements: \n'}]

RAW RESPONSE:
{
  "statements": [
       "No. 3 Elementary Flying Training School RAAF was based at Essendon Airport during World War 2.",
       "Essendon Airport is the closest airport to Melbourne's city center in Australia.",
       "The No. 3 Elementary Flying Training School RAAF operated near Melbourne during World War 2."
   ]
}
==================================================
=== SYNC GENERATE ===
PROMPT:
[{'role': 'user', 'content': 'Given question, answer and context verify if the context was useful in arriving at the given answer. Give verdict as "1" if useful and "0" if not with json output. \nOutput in only valid JSON format.\n\nquestion: "What can you tell me about albert Albert Einstein?"\ncontext: "Albert Einstein (14 March 1879 – 18 April 1955) was a German-born theoretical physicist, widely held to be one of the greatest and most influential scientists of all time. Best known for developing the theory of relativity, he also made important contributions to quantum mechanics, and was thus a central figure in the revolutionary reshaping of the scientific understanding of nature that modern physics accomplished in the first decades of the twentieth century. His mass–energy equivalence formula E = mc2, which arises from relativity theory, has been called \\"the world\'s most famous equation\\". He received the 1921 Nobel Prize in Physics \\"for his services to theoretical physics, and especially for his discovery of the law of the photoelectric effect\\", a pivotal step in the development of quantum theory. His work is also known for its influence on the philosophy of science. In a 1999 poll of 130 leading physicists worldwide by the British journal Physics World, Einstein was ranked the greatest physicist of all time. His intellectual achievements and originality have made Einstein synonymous with genius."\nanswer: "Albert Einstein born in 14 March 1879 was German-born theoretical physicist, widely held to be one of the greatest and most influential scientists of all time. He received the 1921 Nobel Prize in Physics for his services to theoretical physics. He published 4 papers in 1905. Einstein moved to Switzerland in 1895"\nverification: {"reason": "The provided context was indeed useful in arriving at the given answer. The context includes key information about Albert Einstein\'s life and contributions, which are reflected in the answer.", "verdict": "1"}\n\nquestion: "who won 2020 icc world cup?"\ncontext: "The 2022 ICC Men\'s T20 World Cup, held from October 16 to November 13, 2022, in Australia, was the eighth edition of the tournament. Originally scheduled for 2020, it was postponed due to the COVID-19 pandemic. England emerged victorious, defeating Pakistan by five wickets in the final to clinch their second ICC Men\'s T20 World Cup title."\nanswer: "England"\nverification: {"reason": "the context was useful in clarifying the situation regarding the 2020 ICC World Cup and indicating that England was the winner of the tournament that was intended to be held in 2020 but actually took place in 2022.", "verdict": "1"}\n\nquestion: "What is the tallest mountain in the world?"\ncontext: "The Andes is the longest continental mountain range in the world, located in South America. It stretches across seven countries and features many of the highest peaks in the Western Hemisphere. The range is known for its diverse ecosystems, including the high-altitude Andean Plateau and the Amazon rainforest."\nanswer: "Mount Everest."\nverification: {"reason": "the provided context discusses the Andes mountain range, which, while impressive, does not include Mount Everest or directly relate to the question about the world\'s tallest mountain.", "verdict": "0"}\n\nquestion:  No. 3 Elementary Flying Training School RAAF operated at an Airport during World War 2 that is closest to Which city center in Australia?\ncontext: Essendon Airport (IATA: MEB, ICAO: YMEN) is a 305 ha public airport serving scheduled commercial, corporate-jet, charter and general aviation flights. It is located next to the intersection of the Tullamarine and Calder Freeways, in the northern suburb of Essendon Fields of Melbourne, Victoria, Australia. The airport is the closest to Melbourne\'s City Centre, approximately a 13 km drive north-west from it and 8 km south-east from Melbourne Tullamarine Airport. In 1970, Tullamarine Airport replaced Essendon as Melbourne\'s main airport.\nanswer: No. 3 Elementary Flying Training School RAAF operated at Essendon Airport, which is the closest to Melbourne\'s City Centre in Australia.\nverification: \n'}]

RAW RESPONSE:
{
  "reason": "The provided context directly mentions that Essendon Airport is the closest to Melbourne's City Centre, which aligns with the information in the answer about No. 3 Elementary Flying Training School RAAF operating at an airport closest to Melbourne's city center.",
   "verdict": "1"
}
==================================================
=== SYNC GENERATE ===
PROMPT:
[{'role': 'user', 'content': 'Create one or more statements from each sentence in the given answer.\nOutput in only valid JSON format.\n\nquestion: "Who was  Albert Einstein and what is he best known for?"\nanswer: "He was a German-born theoretical physicist, widely acknowledged to be one of the greatest and most influential physicists of all time. He was best known for developing the theory of relativity, he also made important contributions to the development of the theory of quantum mechanics."\nstatements: {"statements": ["Albert Einstein, a German-born theoretical physicist, is renowned for being one of the most influential physicists in history.", "Albert Einstein was best known for his theory of relativity.", "Einstein\'s contributions significantly advanced the field of quantum mechanics", "Recognized globally, Einstein\'s work has profoundly impacted the scientific community", "Einstein\'s groundbreaking theories continue to shape our understanding of physics today."]}\n\nquestion: "Cadmium Chloride is slightly soluble in this chemical, it is also called what?"\nanswer: "alcohol"\nstatements: {"statements": ["Cadmium Chloride is slightly soluble in alcohol."]}\n\nquestion: "Were Hitler and Benito Mussolini of the same nationality?"\nanswer: "Sorry, I can\'t provide answer to that question."\nstatements: {"statements": []}\n\nquestion: Where are Catcha Lake and Hedley Mascot Mine located?\nanswer: Catcha Lake is located in the central part of Nova Scotia\'s Halifax Regional Municipality in Canada. The Hedley Mascot Mine is located in Hedley, British Columbia, Canada.\nstatements: \n'}]

RAW RESPONSE:
{
  "statements": [
       "Catcha Lake is located in the central part of Nova Scotia's Halifax Regional Municipality in Canada.",
       "The Hedley Mascot Mine is located in Hedley, British Columbia, Canada.",
       "Both Catcha Lake and Hedley Mascot Mine are located in Canada.",
       "Catcha Lake can be found in Nova Scotia, while the Hedley Mascot Mine is in British Columbia."
   ]
}
==================================================
=== SYNC GENERATE ===
PROMPT:
[{'role': 'user', 'content': 'Natural language inference. Use only \'Yes\' (1), \'No\' (0) and \'Null\' (-1) as verdict.\nOutput in only valid JSON format.\n\ncontext: "John is a student at XYZ University. He is pursuing a degree in Computer Science. He is enrolled in several courses this semester, including Data Structures, Algorithms, and Database Management. John is a diligent student and spends a significant amount of time studying and completing assignments. He often stays late in the library to work on his projects."\nstatements: "\\n            statement_1: John is majoring in Biology.\\n            statement_2: John is taking a course on Artificial Intelligence.\\n            statement_3: John is a dedicated student.\\n            statement_4: John has a part-time job.\\n            "\nanswer: [{"statement_1": "John is majoring in Biology.", "reason": "John\'s major is explicitly mentioned as Computer Science. There is no information suggesting he is majoring in Biology.", "verdict": "0"}, {"statement_2": "John is taking a course on Artificial Intelligence.", "reason": "The context mentions the courses John is currently enrolled in, and Artificial Intelligence is not mentioned. Therefore, it cannot be deduced that John is taking a course on AI.", "verdict": "0"}, {"statement_3": "John is a dedicated student.", "reason": "The context states that he spends a significant amount of time studying and completing assignments. Additionally, it mentions that he often stays late in the library to work on his projects, which implies dedication.", "verdict": "1"}, {"statement_4": "John has a part-time job.", "reason": "There is no information given in the context about John having a part-time job.", "verdict": "0"}]\n\ncontext: "Photosynthesis is a process used by plants, algae, and certain bacteria to convert light energy into chemical energy."\nstatements: "statement_1: Albert Einstein was a genius."\nanswer: {"statement_1": "Albert Einstein was a genius.", "reason": "The context and statement are unrelated", "verdict": "0"}\n\ncontext: "Albert Einstein was a German-born theoretical physicist who is widely held to be one of the greatest and most influential scientists of all time."\nstatements: "statement_1: Nil"\nanswer: {"statement_1": "Nil", "reason": "The statement is invalid", "verdict": "-1"}\n\ncontext: Catcha Lake is a Canadian lake located in the central part of Nova Scotia\'s Halifax Regional Municipality.\nCatcha Lake is a Canadian lake located in the central part of Nova Scotia\'s Halifax Regional Municipality.\nCatcha Lake is a Canadian lake located in the central part of Nova Scotia\'s Halifax Regional Municipality.\nstatements: statement_1: Catcha Lake is located in the central part of Nova Scotia\'s Halifax Regional Municipality in Canada.\nstatement_2: The Hedley Mascot Mine is located in Hedley, British Columbia, Canada.\nstatement_3: Both Catcha Lake and Hedley Mascot Mine are located in Canada.\nstatement_4: Catcha Lake can be found in Nova Scotia, while the Hedley Mascot Mine is in British Columbia.\nanswer: \n'}]

RAW RESPONSE:
[
{
  "statement_1": "Catcha Lake is located in the central part of Nova Scotia's Halifax Regional Municipality in Canada.",
   "reason": "The context explicitly states that Catcha Lake is located in the central part of Nova Scotia's Halifax Regional Municipality, which is in Canada.",
   "verdict": 1
},
{
   "statement_2": "The Hedley Mascot Mine is located in Hedley, British Columbia, Canada.",
   "reason": "There is no information in the context about the Hedley Mascot Mine.",
   "verdict": 0
},
{
   "statement_3": "Both Catcha Lake and Hedley Mascot Mine are located in Canada.",
   "reason": "While the context confirms Catcha Lake is in Canada, there is no information about the Hedley Mascot Mine's location in the context.",
   "verdict": 0
},
{
   "statement_4": "Catcha Lake can be found in Nova Scotia, while the Hedley Mascot Mine is in British Columbia.",
   "reason": "The context confirms Catcha Lake is in Nova Scotia, but there is no information about the Hedley Mascot Mine's location in the context.",
   "verdict": 0
}
]
==================================================
=== SYNC GENERATE ===
PROMPT:
[{'role': 'user', 'content': 'Generate a question for the given answer and Identify if answer is noncommittal. Give noncommittal as 1 if the answer is noncommittal and 0 if the answer is committal. A noncommittal answer is one that is evasive, vague, or ambiguous. For example, "I don\'t know" or "I\'m not sure" are noncommittal answers.\nOutput in only valid JSON format.\n\nanswer: "Albert Einstein was born in Germany."\ncontext: "Albert Einstein was a German-born theoretical physicist who is widely held to be one of the greatest and most influential scientists of all time"\noutput: {"question": "Where was Albert Einstein born?", "noncommittal": 0}\n\nanswer: "It can change its skin color based on the temperature of its environment."\ncontext: "A recent scientific study has discovered a new species of frog in the Amazon rainforest that has the unique ability to change its skin color based on the temperature of its environment."\noutput: {"question": "What unique ability does the newly discovered species of frog have?", "noncommittal": 0}\n\nanswer: "Everest"\ncontext: "The tallest mountain on Earth, measured from sea level, is a renowned peak located in the Himalayas."\noutput: {"question": "What is the tallest mountain on Earth?", "noncommittal": 0}\n\nanswer: "I don\'t know about the  groundbreaking feature of the smartphone invented in 2023 as am unaware of information beyond 2022. "\ncontext: "In 2023, a groundbreaking invention was announced: a smartphone with a battery life of one month, revolutionizing the way people use mobile technology."\noutput: {"question": "What was the groundbreaking feature of the smartphone invented in 2023?", "noncommittal": 1}\n\nanswer: Catcha Lake is located in the central part of Nova Scotia\'s Halifax Regional Municipality in Canada. The Hedley Mascot Mine is located in Hedley, British Columbia, Canada.\ncontext: Catcha Lake is a Canadian lake located in the central part of Nova Scotia\'s Halifax Regional Municipality.\nCatcha Lake is a Canadian lake located in the central part of Nova Scotia\'s Halifax Regional Municipality.\nCatcha Lake is a Canadian lake located in the central part of Nova Scotia\'s Halifax Regional Municipality.\noutput: \n'}]

RAW RESPONSE:
{
  "question": "Where is Catcha Lake located?",
   "noncommittal": 0
}
==================================================
=== SYNC GENERATE ===
PROMPT:
[{'role': 'user', 'content': 'Given question, answer and context verify if the context was useful in arriving at the given answer. Give verdict as "1" if useful and "0" if not with json output. \nOutput in only valid JSON format.\n\nquestion: "What can you tell me about albert Albert Einstein?"\ncontext: "Albert Einstein (14 March 1879 – 18 April 1955) was a German-born theoretical physicist, widely held to be one of the greatest and most influential scientists of all time. Best known for developing the theory of relativity, he also made important contributions to quantum mechanics, and was thus a central figure in the revolutionary reshaping of the scientific understanding of nature that modern physics accomplished in the first decades of the twentieth century. His mass–energy equivalence formula E = mc2, which arises from relativity theory, has been called \\"the world\'s most famous equation\\". He received the 1921 Nobel Prize in Physics \\"for his services to theoretical physics, and especially for his discovery of the law of the photoelectric effect\\", a pivotal step in the development of quantum theory. His work is also known for its influence on the philosophy of science. In a 1999 poll of 130 leading physicists worldwide by the British journal Physics World, Einstein was ranked the greatest physicist of all time. His intellectual achievements and originality have made Einstein synonymous with genius."\nanswer: "Albert Einstein born in 14 March 1879 was German-born theoretical physicist, widely held to be one of the greatest and most influential scientists of all time. He received the 1921 Nobel Prize in Physics for his services to theoretical physics. He published 4 papers in 1905. Einstein moved to Switzerland in 1895"\nverification: {"reason": "The provided context was indeed useful in arriving at the given answer. The context includes key information about Albert Einstein\'s life and contributions, which are reflected in the answer.", "verdict": "1"}\n\nquestion: "who won 2020 icc world cup?"\ncontext: "The 2022 ICC Men\'s T20 World Cup, held from October 16 to November 13, 2022, in Australia, was the eighth edition of the tournament. Originally scheduled for 2020, it was postponed due to the COVID-19 pandemic. England emerged victorious, defeating Pakistan by five wickets in the final to clinch their second ICC Men\'s T20 World Cup title."\nanswer: "England"\nverification: {"reason": "the context was useful in clarifying the situation regarding the 2020 ICC World Cup and indicating that England was the winner of the tournament that was intended to be held in 2020 but actually took place in 2022.", "verdict": "1"}\n\nquestion: "What is the tallest mountain in the world?"\ncontext: "The Andes is the longest continental mountain range in the world, located in South America. It stretches across seven countries and features many of the highest peaks in the Western Hemisphere. The range is known for its diverse ecosystems, including the high-altitude Andean Plateau and the Amazon rainforest."\nanswer: "Mount Everest."\nverification: {"reason": "the provided context discusses the Andes mountain range, which, while impressive, does not include Mount Everest or directly relate to the question about the world\'s tallest mountain.", "verdict": "0"}\n\nquestion: Where are Catcha Lake and Hedley Mascot Mine located?\ncontext: Catcha Lake is a Canadian lake located in the central part of Nova Scotia\'s Halifax Regional Municipality.\nanswer: Catcha Lake is located in the central part of Nova Scotia\'s Halifax Regional Municipality in Canada. The Hedley Mascot Mine is located in Hedley, British Columbia, Canada.\nverification: \n'}]

RAW RESPONSE:
{
  "reason": "The provided context was useful in determining the location of Catcha Lake, which is directly mentioned as being in Nova Scotia's Halifax Regional Municipality. However, it does not provide information about the Hedley Mascot Mine, suggesting that additional context or information not provided in the given context was used to determine its location.",
   "verdict": "1"
}
==================================================
=== SYNC GENERATE ===
PROMPT:
[{'role': 'user', 'content': 'Given question, answer and context verify if the context was useful in arriving at the given answer. Give verdict as "1" if useful and "0" if not with json output. \nOutput in only valid JSON format.\n\nquestion: "What can you tell me about albert Albert Einstein?"\ncontext: "Albert Einstein (14 March 1879 – 18 April 1955) was a German-born theoretical physicist, widely held to be one of the greatest and most influential scientists of all time. Best known for developing the theory of relativity, he also made important contributions to quantum mechanics, and was thus a central figure in the revolutionary reshaping of the scientific understanding of nature that modern physics accomplished in the first decades of the twentieth century. His mass–energy equivalence formula E = mc2, which arises from relativity theory, has been called \\"the world\'s most famous equation\\". He received the 1921 Nobel Prize in Physics \\"for his services to theoretical physics, and especially for his discovery of the law of the photoelectric effect\\", a pivotal step in the development of quantum theory. His work is also known for its influence on the philosophy of science. In a 1999 poll of 130 leading physicists worldwide by the British journal Physics World, Einstein was ranked the greatest physicist of all time. His intellectual achievements and originality have made Einstein synonymous with genius."\nanswer: "Albert Einstein born in 14 March 1879 was German-born theoretical physicist, widely held to be one of the greatest and most influential scientists of all time. He received the 1921 Nobel Prize in Physics for his services to theoretical physics. He published 4 papers in 1905. Einstein moved to Switzerland in 1895"\nverification: {"reason": "The provided context was indeed useful in arriving at the given answer. The context includes key information about Albert Einstein\'s life and contributions, which are reflected in the answer.", "verdict": "1"}\n\nquestion: "who won 2020 icc world cup?"\ncontext: "The 2022 ICC Men\'s T20 World Cup, held from October 16 to November 13, 2022, in Australia, was the eighth edition of the tournament. Originally scheduled for 2020, it was postponed due to the COVID-19 pandemic. England emerged victorious, defeating Pakistan by five wickets in the final to clinch their second ICC Men\'s T20 World Cup title."\nanswer: "England"\nverification: {"reason": "the context was useful in clarifying the situation regarding the 2020 ICC World Cup and indicating that England was the winner of the tournament that was intended to be held in 2020 but actually took place in 2022.", "verdict": "1"}\n\nquestion: "What is the tallest mountain in the world?"\ncontext: "The Andes is the longest continental mountain range in the world, located in South America. It stretches across seven countries and features many of the highest peaks in the Western Hemisphere. The range is known for its diverse ecosystems, including the high-altitude Andean Plateau and the Amazon rainforest."\nanswer: "Mount Everest."\nverification: {"reason": "the provided context discusses the Andes mountain range, which, while impressive, does not include Mount Everest or directly relate to the question about the world\'s tallest mountain.", "verdict": "0"}\n\nquestion: Who has lived longer in the USA, Ulli Lommel or Benjamin Stoloff?\ncontext: Benjamin "Ben" Stoloff (October 6, 1895 – September 8, 1960) was an American film director and producer. He began his career as a short film comedy director and gradually moved into feature film directing and production later in his career. Stoloff was born in Philadelphia, Pennsylvania. He died in Hollywood, California.\nanswer: Ulli Lommel has lived longer in the USA than Benjamin Stoloff. Benjamin Stoloff died in 1960, while Ulli Lommel has lived and worked in the USA since 1977.\nverification: \n'}]

RAW RESPONSE:
{
  "reason": "The context provides information about Benjamin Stoloff, including his birth and death dates, which allows for a comparison with Ulli Lommel's lifespan in the USA, thus supporting the answer.",
   "verdict": "1"
}
==================================================
=== SYNC GENERATE ===
PROMPT:
[{'role': 'user', 'content': 'Generate a question for the given answer and Identify if answer is noncommittal. Give noncommittal as 1 if the answer is noncommittal and 0 if the answer is committal. A noncommittal answer is one that is evasive, vague, or ambiguous. For example, "I don\'t know" or "I\'m not sure" are noncommittal answers.\nOutput in only valid JSON format.\n\nanswer: "Albert Einstein was born in Germany."\ncontext: "Albert Einstein was a German-born theoretical physicist who is widely held to be one of the greatest and most influential scientists of all time"\noutput: {"question": "Where was Albert Einstein born?", "noncommittal": 0}\n\nanswer: "It can change its skin color based on the temperature of its environment."\ncontext: "A recent scientific study has discovered a new species of frog in the Amazon rainforest that has the unique ability to change its skin color based on the temperature of its environment."\noutput: {"question": "What unique ability does the newly discovered species of frog have?", "noncommittal": 0}\n\nanswer: "Everest"\ncontext: "The tallest mountain on Earth, measured from sea level, is a renowned peak located in the Himalayas."\noutput: {"question": "What is the tallest mountain on Earth?", "noncommittal": 0}\n\nanswer: "I don\'t know about the  groundbreaking feature of the smartphone invented in 2023 as am unaware of information beyond 2022. "\ncontext: "In 2023, a groundbreaking invention was announced: a smartphone with a battery life of one month, revolutionizing the way people use mobile technology."\noutput: {"question": "What was the groundbreaking feature of the smartphone invented in 2023?", "noncommittal": 1}\n\nanswer: Ulli Lommel has lived longer in the USA than Benjamin Stoloff. Benjamin Stoloff died in 1960, while Ulli Lommel has lived and worked in the USA since 1977.\ncontext: Benjamin "Ben" Stoloff (October 6, 1895 – September 8, 1960) was an American film director and producer. He began his career as a short film comedy director and gradually moved into feature film directing and production later in his career. Stoloff was born in Philadelphia, Pennsylvania. He died in Hollywood, California.\nBenjamin "Ben" Stoloff (October 6, 1895 – September 8, 1960) was an American film director and producer. He began his career as a short film comedy director and gradually moved into feature film directing and production later in his career. Stoloff was born in Philadelphia, Pennsylvania. He died in Hollywood, California.\nBenjamin "Ben" Stoloff (October 6, 1895 – September 8, 1960) was an American film director and producer. He began his career as a short film comedy director and gradually moved into feature film directing and production later in his career. Stoloff was born in Philadelphia, Pennsylvania. He died in Hollywood, California.\noutput: \n'}]

RAW RESPONSE:
{
  "question": "Who has lived longer in the USA, Ulli Lommel or Benjamin Stoloff?",
   "noncommittal": 0
}
==================================================
=== SYNC GENERATE ===
PROMPT:
[{'role': 'user', 'content': 'Create one or more statements from each sentence in the given answer.\nOutput in only valid JSON format.\n\nquestion: "Who was  Albert Einstein and what is he best known for?"\nanswer: "He was a German-born theoretical physicist, widely acknowledged to be one of the greatest and most influential physicists of all time. He was best known for developing the theory of relativity, he also made important contributions to the development of the theory of quantum mechanics."\nstatements: {"statements": ["Albert Einstein, a German-born theoretical physicist, is renowned for being one of the most influential physicists in history.", "Albert Einstein was best known for his theory of relativity.", "Einstein\'s contributions significantly advanced the field of quantum mechanics", "Recognized globally, Einstein\'s work has profoundly impacted the scientific community", "Einstein\'s groundbreaking theories continue to shape our understanding of physics today."]}\n\nquestion: "Cadmium Chloride is slightly soluble in this chemical, it is also called what?"\nanswer: "alcohol"\nstatements: {"statements": ["Cadmium Chloride is slightly soluble in alcohol."]}\n\nquestion: "Were Hitler and Benito Mussolini of the same nationality?"\nanswer: "Sorry, I can\'t provide answer to that question."\nstatements: {"statements": []}\n\nquestion: Who has lived longer in the USA, Ulli Lommel or Benjamin Stoloff?\nanswer: Ulli Lommel has lived longer in the USA than Benjamin Stoloff. Benjamin Stoloff died in 1960, while Ulli Lommel has lived and worked in the USA since 1977.\nstatements: \n'}]

RAW RESPONSE:
{
  "statements": [
       "Ulli Lommel has lived longer in the USA than Benjamin Stoloff.",
       "Benjamin Stoloff passed away in 1960.",
       "Ulli Lommel has been living and working in the USA since 1977."
   ]
}
==================================================
=== SYNC GENERATE ===
PROMPT:
[{'role': 'user', 'content': 'Natural language inference. Use only \'Yes\' (1), \'No\' (0) and \'Null\' (-1) as verdict.\nOutput in only valid JSON format.\n\ncontext: "John is a student at XYZ University. He is pursuing a degree in Computer Science. He is enrolled in several courses this semester, including Data Structures, Algorithms, and Database Management. John is a diligent student and spends a significant amount of time studying and completing assignments. He often stays late in the library to work on his projects."\nstatements: "\\n            statement_1: John is majoring in Biology.\\n            statement_2: John is taking a course on Artificial Intelligence.\\n            statement_3: John is a dedicated student.\\n            statement_4: John has a part-time job.\\n            "\nanswer: [{"statement_1": "John is majoring in Biology.", "reason": "John\'s major is explicitly mentioned as Computer Science. There is no information suggesting he is majoring in Biology.", "verdict": "0"}, {"statement_2": "John is taking a course on Artificial Intelligence.", "reason": "The context mentions the courses John is currently enrolled in, and Artificial Intelligence is not mentioned. Therefore, it cannot be deduced that John is taking a course on AI.", "verdict": "0"}, {"statement_3": "John is a dedicated student.", "reason": "The context states that he spends a significant amount of time studying and completing assignments. Additionally, it mentions that he often stays late in the library to work on his projects, which implies dedication.", "verdict": "1"}, {"statement_4": "John has a part-time job.", "reason": "There is no information given in the context about John having a part-time job.", "verdict": "0"}]\n\ncontext: "Photosynthesis is a process used by plants, algae, and certain bacteria to convert light energy into chemical energy."\nstatements: "statement_1: Albert Einstein was a genius."\nanswer: {"statement_1": "Albert Einstein was a genius.", "reason": "The context and statement are unrelated", "verdict": "0"}\n\ncontext: "Albert Einstein was a German-born theoretical physicist who is widely held to be one of the greatest and most influential scientists of all time."\nstatements: "statement_1: Nil"\nanswer: {"statement_1": "Nil", "reason": "The statement is invalid", "verdict": "-1"}\n\ncontext: Benjamin "Ben" Stoloff (October 6, 1895 – September 8, 1960) was an American film director and producer. He began his career as a short film comedy director and gradually moved into feature film directing and production later in his career. Stoloff was born in Philadelphia, Pennsylvania. He died in Hollywood, California.\nBenjamin "Ben" Stoloff (October 6, 1895 – September 8, 1960) was an American film director and producer. He began his career as a short film comedy director and gradually moved into feature film directing and production later in his career. Stoloff was born in Philadelphia, Pennsylvania. He died in Hollywood, California.\nBenjamin "Ben" Stoloff (October 6, 1895 – September 8, 1960) was an American film director and producer. He began his career as a short film comedy director and gradually moved into feature film directing and production later in his career. Stoloff was born in Philadelphia, Pennsylvania. He died in Hollywood, California.\nstatements: statement_1: Ulli Lommel has lived longer in the USA than Benjamin Stoloff.\nstatement_2: Benjamin Stoloff passed away in 1960.\nstatement_3: Ulli Lommel has been living and working in the USA since 1977.\nanswer: \n'}]

RAW RESPONSE:
[
{
  "statement_1": "Ulli Lommel has lived longer in the USA than Benjamin Stoloff.",
   "reason": "There is no information provided about Ulli Lommel's lifespan or duration of stay in the USA in relation to Benjamin Stoloff's lifespan.",
   "verdict": "0"
},
{
   "statement_2": "Benjamin Stoloff passed away in 1960.",
   "reason": "The context explicitly states that Benjamin Stoloff died in 1960.",
   "verdict": "1"
},
{
   "statement_3": "Ulli Lommel has been living and working in the USA since 1977.",
   "reason": "The context does not provide any information about Ulli Lommel.",
   "verdict": "0"
}
]
==================================================
=== SYNC GENERATE ===
PROMPT:
[{'role': 'user', 'content': 'Create one or more statements from each sentence in the given answer.\nOutput in only valid JSON format.\n\nquestion: "Who was  Albert Einstein and what is he best known for?"\nanswer: "He was a German-born theoretical physicist, widely acknowledged to be one of the greatest and most influential physicists of all time. He was best known for developing the theory of relativity, he also made important contributions to the development of the theory of quantum mechanics."\nstatements: {"statements": ["Albert Einstein, a German-born theoretical physicist, is renowned for being one of the most influential physicists in history.", "Albert Einstein was best known for his theory of relativity.", "Einstein\'s contributions significantly advanced the field of quantum mechanics", "Recognized globally, Einstein\'s work has profoundly impacted the scientific community", "Einstein\'s groundbreaking theories continue to shape our understanding of physics today."]}\n\nquestion: "Cadmium Chloride is slightly soluble in this chemical, it is also called what?"\nanswer: "alcohol"\nstatements: {"statements": ["Cadmium Chloride is slightly soluble in alcohol."]}\n\nquestion: "Were Hitler and Benito Mussolini of the same nationality?"\nanswer: "Sorry, I can\'t provide answer to that question."\nstatements: {"statements": []}\n\nquestion: In what school district is Governor John R. Rogers High School, named after John Rankin Rogers, located?\nanswer: Governor John R. Rogers High School, named after John Rankin Rogers, is located in the Puyallup School District of Washington, United States.\nstatements: \n'}]

RAW RESPONSE:
{
  "statements": [
       "Governor John R. Rogers High School is located in the Puyallup School District.",
       "The Puyallup School District is in the state of Washington, United States.",
       "Governor John R. Rogers High School is named after John Rankin Rogers."
   ]
}
==================================================
=== SYNC GENERATE ===
PROMPT:
[{'role': 'user', 'content': 'Generate a question for the given answer and Identify if answer is noncommittal. Give noncommittal as 1 if the answer is noncommittal and 0 if the answer is committal. A noncommittal answer is one that is evasive, vague, or ambiguous. For example, "I don\'t know" or "I\'m not sure" are noncommittal answers.\nOutput in only valid JSON format.\n\nanswer: "Albert Einstein was born in Germany."\ncontext: "Albert Einstein was a German-born theoretical physicist who is widely held to be one of the greatest and most influential scientists of all time"\noutput: {"question": "Where was Albert Einstein born?", "noncommittal": 0}\n\nanswer: "It can change its skin color based on the temperature of its environment."\ncontext: "A recent scientific study has discovered a new species of frog in the Amazon rainforest that has the unique ability to change its skin color based on the temperature of its environment."\noutput: {"question": "What unique ability does the newly discovered species of frog have?", "noncommittal": 0}\n\nanswer: "Everest"\ncontext: "The tallest mountain on Earth, measured from sea level, is a renowned peak located in the Himalayas."\noutput: {"question": "What is the tallest mountain on Earth?", "noncommittal": 0}\n\nanswer: "I don\'t know about the  groundbreaking feature of the smartphone invented in 2023 as am unaware of information beyond 2022. "\ncontext: "In 2023, a groundbreaking invention was announced: a smartphone with a battery life of one month, revolutionizing the way people use mobile technology."\noutput: {"question": "What was the groundbreaking feature of the smartphone invented in 2023?", "noncommittal": 1}\n\nanswer: Governor John R. Rogers High School, named after John Rankin Rogers, is located in the Puyallup School District of Washington, United States.\ncontext: Governor John R. Rogers High School is a high school in the Puyallup School District of Washington, United States. Commonly referred to as "Rogers" or "RHS," the high school is named after former Washington State governor John Rankin Rogers. It was first opened in 1968.\nGovernor John R. Rogers High School is a high school in the Puyallup School District of Washington, United States. Commonly referred to as "Rogers" or "RHS," the high school is named after former Washington State governor John Rankin Rogers. It was first opened in 1968.\nGovernor John R. Rogers High School is a high school in the Puyallup School District of Washington, United States. Commonly referred to as "Rogers" or "RHS," the high school is named after former Washington State governor John Rankin Rogers. It was first opened in 1968.\noutput: \n'}]

RAW RESPONSE:
{
  "question": "What is the name and location of the high school named after John Rankin Rogers?",
   "noncommittal": 0
}
==================================================
=== SYNC GENERATE ===
PROMPT:
[{'role': 'user', 'content': 'Given question, answer and context verify if the context was useful in arriving at the given answer. Give verdict as "1" if useful and "0" if not with json output. \nOutput in only valid JSON format.\n\nquestion: "What can you tell me about albert Albert Einstein?"\ncontext: "Albert Einstein (14 March 1879 – 18 April 1955) was a German-born theoretical physicist, widely held to be one of the greatest and most influential scientists of all time. Best known for developing the theory of relativity, he also made important contributions to quantum mechanics, and was thus a central figure in the revolutionary reshaping of the scientific understanding of nature that modern physics accomplished in the first decades of the twentieth century. His mass–energy equivalence formula E = mc2, which arises from relativity theory, has been called \\"the world\'s most famous equation\\". He received the 1921 Nobel Prize in Physics \\"for his services to theoretical physics, and especially for his discovery of the law of the photoelectric effect\\", a pivotal step in the development of quantum theory. His work is also known for its influence on the philosophy of science. In a 1999 poll of 130 leading physicists worldwide by the British journal Physics World, Einstein was ranked the greatest physicist of all time. His intellectual achievements and originality have made Einstein synonymous with genius."\nanswer: "Albert Einstein born in 14 March 1879 was German-born theoretical physicist, widely held to be one of the greatest and most influential scientists of all time. He received the 1921 Nobel Prize in Physics for his services to theoretical physics. He published 4 papers in 1905. Einstein moved to Switzerland in 1895"\nverification: {"reason": "The provided context was indeed useful in arriving at the given answer. The context includes key information about Albert Einstein\'s life and contributions, which are reflected in the answer.", "verdict": "1"}\n\nquestion: "who won 2020 icc world cup?"\ncontext: "The 2022 ICC Men\'s T20 World Cup, held from October 16 to November 13, 2022, in Australia, was the eighth edition of the tournament. Originally scheduled for 2020, it was postponed due to the COVID-19 pandemic. England emerged victorious, defeating Pakistan by five wickets in the final to clinch their second ICC Men\'s T20 World Cup title."\nanswer: "England"\nverification: {"reason": "the context was useful in clarifying the situation regarding the 2020 ICC World Cup and indicating that England was the winner of the tournament that was intended to be held in 2020 but actually took place in 2022.", "verdict": "1"}\n\nquestion: "What is the tallest mountain in the world?"\ncontext: "The Andes is the longest continental mountain range in the world, located in South America. It stretches across seven countries and features many of the highest peaks in the Western Hemisphere. The range is known for its diverse ecosystems, including the high-altitude Andean Plateau and the Amazon rainforest."\nanswer: "Mount Everest."\nverification: {"reason": "the provided context discusses the Andes mountain range, which, while impressive, does not include Mount Everest or directly relate to the question about the world\'s tallest mountain.", "verdict": "0"}\n\nquestion: In what school district is Governor John R. Rogers High School, named after John Rankin Rogers, located?\ncontext: Governor John R. Rogers High School is a high school in the Puyallup School District of Washington, United States. Commonly referred to as "Rogers" or "RHS," the high school is named after former Washington State governor John Rankin Rogers. It was first opened in 1968.\nanswer: Governor John R. Rogers High School, named after John Rankin Rogers, is located in the Puyallup School District of Washington, United States.\nverification: \n'}]

RAW RESPONSE:
{
  "reason": "The provided context directly answers the question by stating that Governor John R. Rogers High School is located in the Puyallup School District of Washington, United States.",
   "verdict": "1"
}
==================================================
=== SYNC GENERATE ===
PROMPT:
[{'role': 'user', 'content': 'Natural language inference. Use only \'Yes\' (1), \'No\' (0) and \'Null\' (-1) as verdict.\nOutput in only valid JSON format.\n\ncontext: "John is a student at XYZ University. He is pursuing a degree in Computer Science. He is enrolled in several courses this semester, including Data Structures, Algorithms, and Database Management. John is a diligent student and spends a significant amount of time studying and completing assignments. He often stays late in the library to work on his projects."\nstatements: "\\n            statement_1: John is majoring in Biology.\\n            statement_2: John is taking a course on Artificial Intelligence.\\n            statement_3: John is a dedicated student.\\n            statement_4: John has a part-time job.\\n            "\nanswer: [{"statement_1": "John is majoring in Biology.", "reason": "John\'s major is explicitly mentioned as Computer Science. There is no information suggesting he is majoring in Biology.", "verdict": "0"}, {"statement_2": "John is taking a course on Artificial Intelligence.", "reason": "The context mentions the courses John is currently enrolled in, and Artificial Intelligence is not mentioned. Therefore, it cannot be deduced that John is taking a course on AI.", "verdict": "0"}, {"statement_3": "John is a dedicated student.", "reason": "The context states that he spends a significant amount of time studying and completing assignments. Additionally, it mentions that he often stays late in the library to work on his projects, which implies dedication.", "verdict": "1"}, {"statement_4": "John has a part-time job.", "reason": "There is no information given in the context about John having a part-time job.", "verdict": "0"}]\n\ncontext: "Photosynthesis is a process used by plants, algae, and certain bacteria to convert light energy into chemical energy."\nstatements: "statement_1: Albert Einstein was a genius."\nanswer: {"statement_1": "Albert Einstein was a genius.", "reason": "The context and statement are unrelated", "verdict": "0"}\n\ncontext: "Albert Einstein was a German-born theoretical physicist who is widely held to be one of the greatest and most influential scientists of all time."\nstatements: "statement_1: Nil"\nanswer: {"statement_1": "Nil", "reason": "The statement is invalid", "verdict": "-1"}\n\ncontext: Governor John R. Rogers High School is a high school in the Puyallup School District of Washington, United States. Commonly referred to as "Rogers" or "RHS," the high school is named after former Washington State governor John Rankin Rogers. It was first opened in 1968.\nGovernor John R. Rogers High School is a high school in the Puyallup School District of Washington, United States. Commonly referred to as "Rogers" or "RHS," the high school is named after former Washington State governor John Rankin Rogers. It was first opened in 1968.\nGovernor John R. Rogers High School is a high school in the Puyallup School District of Washington, United States. Commonly referred to as "Rogers" or "RHS," the high school is named after former Washington State governor John Rankin Rogers. It was first opened in 1968.\nstatements: statement_1: Governor John R. Rogers High School is located in the Puyallup School District.\nstatement_2: The Puyallup School District is in the state of Washington, United States.\nstatement_3: Governor John R. Rogers High School is named after John Rankin Rogers.\nanswer: \n'}]

RAW RESPONSE:
[
{
  "statement_1": "Governor John R. Rogers High School is located in the Puyallup School District.",
   "reason": "The context explicitly states that Governor John R. Rogers High School is in the Puyallup School District of Washington, United States.",
   "verdict": 1
},
{
   "statement_2": "The Puyallup School District is in the state of Washington, United States.",
   "reason": "The context mentions that Governor John R. Rogers High School is in the Puyallup School District of Washington, United States, which implies the district is also in Washington, United States.",
   "verdict": 1
},
{
   "statement_3": "Governor John R. Rogers High School is named after John Rankin Rogers.",
   "reason": "The context states that the high school is named after former Washington State governor John Rankin Rogers.",
   "verdict": 1
}
]
==================================================
=== SYNC GENERATE ===
PROMPT:
[{'role': 'user', 'content': 'Given question, answer and context verify if the context was useful in arriving at the given answer. Give verdict as "1" if useful and "0" if not with json output. \nOutput in only valid JSON format.\n\nquestion: "What can you tell me about albert Albert Einstein?"\ncontext: "Albert Einstein (14 March 1879 – 18 April 1955) was a German-born theoretical physicist, widely held to be one of the greatest and most influential scientists of all time. Best known for developing the theory of relativity, he also made important contributions to quantum mechanics, and was thus a central figure in the revolutionary reshaping of the scientific understanding of nature that modern physics accomplished in the first decades of the twentieth century. His mass–energy equivalence formula E = mc2, which arises from relativity theory, has been called \\"the world\'s most famous equation\\". He received the 1921 Nobel Prize in Physics \\"for his services to theoretical physics, and especially for his discovery of the law of the photoelectric effect\\", a pivotal step in the development of quantum theory. His work is also known for its influence on the philosophy of science. In a 1999 poll of 130 leading physicists worldwide by the British journal Physics World, Einstein was ranked the greatest physicist of all time. His intellectual achievements and originality have made Einstein synonymous with genius."\nanswer: "Albert Einstein born in 14 March 1879 was German-born theoretical physicist, widely held to be one of the greatest and most influential scientists of all time. He received the 1921 Nobel Prize in Physics for his services to theoretical physics. He published 4 papers in 1905. Einstein moved to Switzerland in 1895"\nverification: {"reason": "The provided context was indeed useful in arriving at the given answer. The context includes key information about Albert Einstein\'s life and contributions, which are reflected in the answer.", "verdict": "1"}\n\nquestion: "who won 2020 icc world cup?"\ncontext: "The 2022 ICC Men\'s T20 World Cup, held from October 16 to November 13, 2022, in Australia, was the eighth edition of the tournament. Originally scheduled for 2020, it was postponed due to the COVID-19 pandemic. England emerged victorious, defeating Pakistan by five wickets in the final to clinch their second ICC Men\'s T20 World Cup title."\nanswer: "England"\nverification: {"reason": "the context was useful in clarifying the situation regarding the 2020 ICC World Cup and indicating that England was the winner of the tournament that was intended to be held in 2020 but actually took place in 2022.", "verdict": "1"}\n\nquestion: "What is the tallest mountain in the world?"\ncontext: "The Andes is the longest continental mountain range in the world, located in South America. It stretches across seven countries and features many of the highest peaks in the Western Hemisphere. The range is known for its diverse ecosystems, including the high-altitude Andean Plateau and the Amazon rainforest."\nanswer: "Mount Everest."\nverification: {"reason": "the provided context discusses the Andes mountain range, which, while impressive, does not include Mount Everest or directly relate to the question about the world\'s tallest mountain.", "verdict": "0"}\n\nquestion: whiich Australian racing driver won the 44-lap race for the Red Bull Racing team?\ncontext: The 2014 Belgian Grand Prix (formally the 2014 Formula 1 Shell Belgian Grand Prix) was a Formula One motor race held on 24 August 2014 at the Circuit de Spa-Francorchamps in Spa, Belgium. It was the twelfth round of the 2014 Formula One season, and the 70th Belgian Grand Prix. The 44-lap race was won by Daniel Ricciardo for the Red Bull Racing team, after starting from fifth position. Nico Rosberg finished second in a Mercedes, with Valtteri Bottas third for the Williams team.\nanswer: Daniel Ricciardo won the 44-lap race for the Red Bull Racing team.\nverification: \n'}]

RAW RESPONSE:
{
  "reason": "The provided context directly answers the question by stating that Daniel Ricciardo won the 44-lap race for the Red Bull Racing team, thus making the context extremely useful in arriving at the given answer.",
   "verdict": "1"
}
==================================================
=== SYNC GENERATE ===
PROMPT:
[{'role': 'user', 'content': 'Generate a question for the given answer and Identify if answer is noncommittal. Give noncommittal as 1 if the answer is noncommittal and 0 if the answer is committal. A noncommittal answer is one that is evasive, vague, or ambiguous. For example, "I don\'t know" or "I\'m not sure" are noncommittal answers.\nOutput in only valid JSON format.\n\nanswer: "Albert Einstein was born in Germany."\ncontext: "Albert Einstein was a German-born theoretical physicist who is widely held to be one of the greatest and most influential scientists of all time"\noutput: {"question": "Where was Albert Einstein born?", "noncommittal": 0}\n\nanswer: "It can change its skin color based on the temperature of its environment."\ncontext: "A recent scientific study has discovered a new species of frog in the Amazon rainforest that has the unique ability to change its skin color based on the temperature of its environment."\noutput: {"question": "What unique ability does the newly discovered species of frog have?", "noncommittal": 0}\n\nanswer: "Everest"\ncontext: "The tallest mountain on Earth, measured from sea level, is a renowned peak located in the Himalayas."\noutput: {"question": "What is the tallest mountain on Earth?", "noncommittal": 0}\n\nanswer: "I don\'t know about the  groundbreaking feature of the smartphone invented in 2023 as am unaware of information beyond 2022. "\ncontext: "In 2023, a groundbreaking invention was announced: a smartphone with a battery life of one month, revolutionizing the way people use mobile technology."\noutput: {"question": "What was the groundbreaking feature of the smartphone invented in 2023?", "noncommittal": 1}\n\nanswer: Daniel Ricciardo won the 44-lap race for the Red Bull Racing team.\ncontext: The 2014 Belgian Grand Prix (formally the 2014 Formula 1 Shell Belgian Grand Prix) was a Formula One motor race held on 24 August 2014 at the Circuit de Spa-Francorchamps in Spa, Belgium. It was the twelfth round of the 2014 Formula One season, and the 70th Belgian Grand Prix. The 44-lap race was won by Daniel Ricciardo for the Red Bull Racing team, after starting from fifth position. Nico Rosberg finished second in a Mercedes, with Valtteri Bottas third for the Williams team.\nThe 2014 Belgian Grand Prix (formally the 2014 Formula 1 Shell Belgian Grand Prix) was a Formula One motor race held on 24 August 2014 at the Circuit de Spa-Francorchamps in Spa, Belgium. It was the twelfth round of the 2014 Formula One season, and the 70th Belgian Grand Prix. The 44-lap race was won by Daniel Ricciardo for the Red Bull Racing team, after starting from fifth position. Nico Rosberg finished second in a Mercedes, with Valtteri Bottas third for the Williams team.\nThe 2014 Belgian Grand Prix (formally the 2014 Formula 1 Shell Belgian Grand Prix) was a Formula One motor race held on 24 August 2014 at the Circuit de Spa-Francorchamps in Spa, Belgium. It was the twelfth round of the 2014 Formula One season, and the 70th Belgian Grand Prix. The 44-lap race was won by Daniel Ricciardo for the Red Bull Racing team, after starting from fifth position. Nico Rosberg finished second in a Mercedes, with Valtteri Bottas third for the Williams team.\noutput: \n'}]

RAW RESPONSE:
{
  "question": "Who won the 44-lap race for the Red Bull Racing team?",
   "noncommittal": 0
}
==================================================
=== SYNC GENERATE ===
PROMPT:
[{'role': 'user', 'content': 'Create one or more statements from each sentence in the given answer.\nOutput in only valid JSON format.\n\nquestion: "Who was  Albert Einstein and what is he best known for?"\nanswer: "He was a German-born theoretical physicist, widely acknowledged to be one of the greatest and most influential physicists of all time. He was best known for developing the theory of relativity, he also made important contributions to the development of the theory of quantum mechanics."\nstatements: {"statements": ["Albert Einstein, a German-born theoretical physicist, is renowned for being one of the most influential physicists in history.", "Albert Einstein was best known for his theory of relativity.", "Einstein\'s contributions significantly advanced the field of quantum mechanics", "Recognized globally, Einstein\'s work has profoundly impacted the scientific community", "Einstein\'s groundbreaking theories continue to shape our understanding of physics today."]}\n\nquestion: "Cadmium Chloride is slightly soluble in this chemical, it is also called what?"\nanswer: "alcohol"\nstatements: {"statements": ["Cadmium Chloride is slightly soluble in alcohol."]}\n\nquestion: "Were Hitler and Benito Mussolini of the same nationality?"\nanswer: "Sorry, I can\'t provide answer to that question."\nstatements: {"statements": []}\n\nquestion: whiich Australian racing driver won the 44-lap race for the Red Bull Racing team?\nanswer: Daniel Ricciardo won the 44-lap race for the Red Bull Racing team.\nstatements: \n'}]

RAW RESPONSE:
{
  "statements": [
       "Daniel Ricciardo, an Australian racing driver, won the 44-lap race.",
       "The Red Bull Racing team was victorious in the 44-lap race with Daniel Ricciardo as the driver."
   ]
}
==================================================
=== SYNC GENERATE ===
PROMPT:
[{'role': 'user', 'content': 'Natural language inference. Use only \'Yes\' (1), \'No\' (0) and \'Null\' (-1) as verdict.\nOutput in only valid JSON format.\n\ncontext: "John is a student at XYZ University. He is pursuing a degree in Computer Science. He is enrolled in several courses this semester, including Data Structures, Algorithms, and Database Management. John is a diligent student and spends a significant amount of time studying and completing assignments. He often stays late in the library to work on his projects."\nstatements: "\\n            statement_1: John is majoring in Biology.\\n            statement_2: John is taking a course on Artificial Intelligence.\\n            statement_3: John is a dedicated student.\\n            statement_4: John has a part-time job.\\n            "\nanswer: [{"statement_1": "John is majoring in Biology.", "reason": "John\'s major is explicitly mentioned as Computer Science. There is no information suggesting he is majoring in Biology.", "verdict": "0"}, {"statement_2": "John is taking a course on Artificial Intelligence.", "reason": "The context mentions the courses John is currently enrolled in, and Artificial Intelligence is not mentioned. Therefore, it cannot be deduced that John is taking a course on AI.", "verdict": "0"}, {"statement_3": "John is a dedicated student.", "reason": "The context states that he spends a significant amount of time studying and completing assignments. Additionally, it mentions that he often stays late in the library to work on his projects, which implies dedication.", "verdict": "1"}, {"statement_4": "John has a part-time job.", "reason": "There is no information given in the context about John having a part-time job.", "verdict": "0"}]\n\ncontext: "Photosynthesis is a process used by plants, algae, and certain bacteria to convert light energy into chemical energy."\nstatements: "statement_1: Albert Einstein was a genius."\nanswer: {"statement_1": "Albert Einstein was a genius.", "reason": "The context and statement are unrelated", "verdict": "0"}\n\ncontext: "Albert Einstein was a German-born theoretical physicist who is widely held to be one of the greatest and most influential scientists of all time."\nstatements: "statement_1: Nil"\nanswer: {"statement_1": "Nil", "reason": "The statement is invalid", "verdict": "-1"}\n\ncontext: The 2014 Belgian Grand Prix (formally the 2014 Formula 1 Shell Belgian Grand Prix) was a Formula One motor race held on 24 August 2014 at the Circuit de Spa-Francorchamps in Spa, Belgium. It was the twelfth round of the 2014 Formula One season, and the 70th Belgian Grand Prix. The 44-lap race was won by Daniel Ricciardo for the Red Bull Racing team, after starting from fifth position. Nico Rosberg finished second in a Mercedes, with Valtteri Bottas third for the Williams team.\nThe 2014 Belgian Grand Prix (formally the 2014 Formula 1 Shell Belgian Grand Prix) was a Formula One motor race held on 24 August 2014 at the Circuit de Spa-Francorchamps in Spa, Belgium. It was the twelfth round of the 2014 Formula One season, and the 70th Belgian Grand Prix. The 44-lap race was won by Daniel Ricciardo for the Red Bull Racing team, after starting from fifth position. Nico Rosberg finished second in a Mercedes, with Valtteri Bottas third for the Williams team.\nThe 2014 Belgian Grand Prix (formally the 2014 Formula 1 Shell Belgian Grand Prix) was a Formula One motor race held on 24 August 2014 at the Circuit de Spa-Francorchamps in Spa, Belgium. It was the twelfth round of the 2014 Formula One season, and the 70th Belgian Grand Prix. The 44-lap race was won by Daniel Ricciardo for the Red Bull Racing team, after starting from fifth position. Nico Rosberg finished second in a Mercedes, with Valtteri Bottas third for the Williams team.\nstatements: statement_1: Daniel Ricciardo, an Australian racing driver, won the 44-lap race.\nstatement_2: The Red Bull Racing team was victorious in the 44-lap race with Daniel Ricciardo as the driver.\nanswer: \n'}]

RAW RESPONSE:
[
{
  "statement_1": "Daniel Ricciardo, an Australian racing driver, won the 44-lap race.",
   "reason": "The context confirms that Daniel Ricciardo won the 44-lap race, and it is also known that he is an Australian racing driver.",
   "verdict": "1"
},
{
   "statement_2": "The Red Bull Racing team was victorious in the 44-lap race with Daniel Ricciardo as the driver.",
   "reason": "The context explicitly states that Daniel Ricciardo won the 44-lap race for the Red Bull Racing team.",
   "verdict": "1"
}
]
==================================================
=== SYNC GENERATE ===
PROMPT:
[{'role': 'user', 'content': 'Create one or more statements from each sentence in the given answer.\nOutput in only valid JSON format.\n\nquestion: "Who was  Albert Einstein and what is he best known for?"\nanswer: "He was a German-born theoretical physicist, widely acknowledged to be one of the greatest and most influential physicists of all time. He was best known for developing the theory of relativity, he also made important contributions to the development of the theory of quantum mechanics."\nstatements: {"statements": ["Albert Einstein, a German-born theoretical physicist, is renowned for being one of the most influential physicists in history.", "Albert Einstein was best known for his theory of relativity.", "Einstein\'s contributions significantly advanced the field of quantum mechanics", "Recognized globally, Einstein\'s work has profoundly impacted the scientific community", "Einstein\'s groundbreaking theories continue to shape our understanding of physics today."]}\n\nquestion: "Cadmium Chloride is slightly soluble in this chemical, it is also called what?"\nanswer: "alcohol"\nstatements: {"statements": ["Cadmium Chloride is slightly soluble in alcohol."]}\n\nquestion: "Were Hitler and Benito Mussolini of the same nationality?"\nanswer: "Sorry, I can\'t provide answer to that question."\nstatements: {"statements": []}\n\nquestion: What star of Parks and Recreation appeared in November?\nanswer: Nick Offerman, who played the role of Ron Swanson in "Parks and Recreation", appeared in the film November.\nstatements: \n'}]

RAW RESPONSE:
{
  "statements": [
       "Nick Offerman, who played Ron Swanson, appeared in the film November.",
       "Ron Swanson, a character from Parks and Recreation, was portrayed by Nick Offerman in the movie November."
   ]
}
==================================================
=== SYNC GENERATE ===
PROMPT:
[{'role': 'user', 'content': 'Generate a question for the given answer and Identify if answer is noncommittal. Give noncommittal as 1 if the answer is noncommittal and 0 if the answer is committal. A noncommittal answer is one that is evasive, vague, or ambiguous. For example, "I don\'t know" or "I\'m not sure" are noncommittal answers.\nOutput in only valid JSON format.\n\nanswer: "Albert Einstein was born in Germany."\ncontext: "Albert Einstein was a German-born theoretical physicist who is widely held to be one of the greatest and most influential scientists of all time"\noutput: {"question": "Where was Albert Einstein born?", "noncommittal": 0}\n\nanswer: "It can change its skin color based on the temperature of its environment."\ncontext: "A recent scientific study has discovered a new species of frog in the Amazon rainforest that has the unique ability to change its skin color based on the temperature of its environment."\noutput: {"question": "What unique ability does the newly discovered species of frog have?", "noncommittal": 0}\n\nanswer: "Everest"\ncontext: "The tallest mountain on Earth, measured from sea level, is a renowned peak located in the Himalayas."\noutput: {"question": "What is the tallest mountain on Earth?", "noncommittal": 0}\n\nanswer: "I don\'t know about the  groundbreaking feature of the smartphone invented in 2023 as am unaware of information beyond 2022. "\ncontext: "In 2023, a groundbreaking invention was announced: a smartphone with a battery life of one month, revolutionizing the way people use mobile technology."\noutput: {"question": "What was the groundbreaking feature of the smartphone invented in 2023?", "noncommittal": 1}\n\nanswer: Nick Offerman, who played the role of Ron Swanson in "Parks and Recreation", appeared in the film November.\ncontext: Nicholas "Nick" Offerman (born June 26, 1970) is an American actor, voice actor, producer, writer, comedian and carpenter widely known for his breakout role as Ron Swanson in the acclaimed NBC sitcom "Parks and Recreation", for which he received the Television Critics Association Award for Individual Achievement in Comedy. His first major television role since the end of "Parks and Recreation" was his role as Karl Weathers in the FX series "Fargo", for which he received a Critics\' Choice Television Award nomination for Best Supporting Actor in a Movie/Miniseries and Gavin in the Ice Age franchise.\nNicholas "Nick" Offerman (born June 26, 1970) is an American actor, voice actor, producer, writer, comedian and carpenter widely known for his breakout role as Ron Swanson in the acclaimed NBC sitcom "Parks and Recreation", for which he received the Television Critics Association Award for Individual Achievement in Comedy. His first major television role since the end of "Parks and Recreation" was his role as Karl Weathers in the FX series "Fargo", for which he received a Critics\' Choice Television Award nomination for Best Supporting Actor in a Movie/Miniseries and Gavin in the Ice Age franchise.\nNicholas "Nick" Offerman (born June 26, 1970) is an American actor, voice actor, producer, writer, comedian and carpenter widely known for his breakout role as Ron Swanson in the acclaimed NBC sitcom "Parks and Recreation", for which he received the Television Critics Association Award for Individual Achievement in Comedy. His first major television role since the end of "Parks and Recreation" was his role as Karl Weathers in the FX series "Fargo", for which he received a Critics\' Choice Television Award nomination for Best Supporting Actor in a Movie/Miniseries and Gavin in the Ice Age franchise.\noutput: \n'}]

RAW RESPONSE:
{
  "question": "Who appeared in the film November?",
   "noncommittal": 0
}
==================================================
=== SYNC GENERATE ===
PROMPT:
[{'role': 'user', 'content': 'Natural language inference. Use only \'Yes\' (1), \'No\' (0) and \'Null\' (-1) as verdict.\nOutput in only valid JSON format.\n\ncontext: "John is a student at XYZ University. He is pursuing a degree in Computer Science. He is enrolled in several courses this semester, including Data Structures, Algorithms, and Database Management. John is a diligent student and spends a significant amount of time studying and completing assignments. He often stays late in the library to work on his projects."\nstatements: "\\n            statement_1: John is majoring in Biology.\\n            statement_2: John is taking a course on Artificial Intelligence.\\n            statement_3: John is a dedicated student.\\n            statement_4: John has a part-time job.\\n            "\nanswer: [{"statement_1": "John is majoring in Biology.", "reason": "John\'s major is explicitly mentioned as Computer Science. There is no information suggesting he is majoring in Biology.", "verdict": "0"}, {"statement_2": "John is taking a course on Artificial Intelligence.", "reason": "The context mentions the courses John is currently enrolled in, and Artificial Intelligence is not mentioned. Therefore, it cannot be deduced that John is taking a course on AI.", "verdict": "0"}, {"statement_3": "John is a dedicated student.", "reason": "The context states that he spends a significant amount of time studying and completing assignments. Additionally, it mentions that he often stays late in the library to work on his projects, which implies dedication.", "verdict": "1"}, {"statement_4": "John has a part-time job.", "reason": "There is no information given in the context about John having a part-time job.", "verdict": "0"}]\n\ncontext: "Photosynthesis is a process used by plants, algae, and certain bacteria to convert light energy into chemical energy."\nstatements: "statement_1: Albert Einstein was a genius."\nanswer: {"statement_1": "Albert Einstein was a genius.", "reason": "The context and statement are unrelated", "verdict": "0"}\n\ncontext: "Albert Einstein was a German-born theoretical physicist who is widely held to be one of the greatest and most influential scientists of all time."\nstatements: "statement_1: Nil"\nanswer: {"statement_1": "Nil", "reason": "The statement is invalid", "verdict": "-1"}\n\ncontext: Nicholas "Nick" Offerman (born June 26, 1970) is an American actor, voice actor, producer, writer, comedian and carpenter widely known for his breakout role as Ron Swanson in the acclaimed NBC sitcom "Parks and Recreation", for which he received the Television Critics Association Award for Individual Achievement in Comedy. His first major television role since the end of "Parks and Recreation" was his role as Karl Weathers in the FX series "Fargo", for which he received a Critics\' Choice Television Award nomination for Best Supporting Actor in a Movie/Miniseries and Gavin in the Ice Age franchise.\nNicholas "Nick" Offerman (born June 26, 1970) is an American actor, voice actor, producer, writer, comedian and carpenter widely known for his breakout role as Ron Swanson in the acclaimed NBC sitcom "Parks and Recreation", for which he received the Television Critics Association Award for Individual Achievement in Comedy. His first major television role since the end of "Parks and Recreation" was his role as Karl Weathers in the FX series "Fargo", for which he received a Critics\' Choice Television Award nomination for Best Supporting Actor in a Movie/Miniseries and Gavin in the Ice Age franchise.\nNicholas "Nick" Offerman (born June 26, 1970) is an American actor, voice actor, producer, writer, comedian and carpenter widely known for his breakout role as Ron Swanson in the acclaimed NBC sitcom "Parks and Recreation", for which he received the Television Critics Association Award for Individual Achievement in Comedy. His first major television role since the end of "Parks and Recreation" was his role as Karl Weathers in the FX series "Fargo", for which he received a Critics\' Choice Television Award nomination for Best Supporting Actor in a Movie/Miniseries and Gavin in the Ice Age franchise.\nstatements: statement_1: Nick Offerman, who played Ron Swanson, appeared in the film November.\nstatement_2: Ron Swanson, a character from Parks and Recreation, was portrayed by Nick Offerman in the movie November.\nanswer: \n'}]

RAW RESPONSE:
{
  "statement_1": "Nick Offerman, who played Ron Swanson, appeared in the film November.",
   "reason": "There is no information in the context about Nick Offerman appearing in the film November.",
   "verdict": "0"
}
==================================================
=== SYNC GENERATE ===
PROMPT:
[{'role': 'user', 'content': 'Given question, answer and context verify if the context was useful in arriving at the given answer. Give verdict as "1" if useful and "0" if not with json output. \nOutput in only valid JSON format.\n\nquestion: "What can you tell me about albert Albert Einstein?"\ncontext: "Albert Einstein (14 March 1879 – 18 April 1955) was a German-born theoretical physicist, widely held to be one of the greatest and most influential scientists of all time. Best known for developing the theory of relativity, he also made important contributions to quantum mechanics, and was thus a central figure in the revolutionary reshaping of the scientific understanding of nature that modern physics accomplished in the first decades of the twentieth century. His mass–energy equivalence formula E = mc2, which arises from relativity theory, has been called \\"the world\'s most famous equation\\". He received the 1921 Nobel Prize in Physics \\"for his services to theoretical physics, and especially for his discovery of the law of the photoelectric effect\\", a pivotal step in the development of quantum theory. His work is also known for its influence on the philosophy of science. In a 1999 poll of 130 leading physicists worldwide by the British journal Physics World, Einstein was ranked the greatest physicist of all time. His intellectual achievements and originality have made Einstein synonymous with genius."\nanswer: "Albert Einstein born in 14 March 1879 was German-born theoretical physicist, widely held to be one of the greatest and most influential scientists of all time. He received the 1921 Nobel Prize in Physics for his services to theoretical physics. He published 4 papers in 1905. Einstein moved to Switzerland in 1895"\nverification: {"reason": "The provided context was indeed useful in arriving at the given answer. The context includes key information about Albert Einstein\'s life and contributions, which are reflected in the answer.", "verdict": "1"}\n\nquestion: "who won 2020 icc world cup?"\ncontext: "The 2022 ICC Men\'s T20 World Cup, held from October 16 to November 13, 2022, in Australia, was the eighth edition of the tournament. Originally scheduled for 2020, it was postponed due to the COVID-19 pandemic. England emerged victorious, defeating Pakistan by five wickets in the final to clinch their second ICC Men\'s T20 World Cup title."\nanswer: "England"\nverification: {"reason": "the context was useful in clarifying the situation regarding the 2020 ICC World Cup and indicating that England was the winner of the tournament that was intended to be held in 2020 but actually took place in 2022.", "verdict": "1"}\n\nquestion: "What is the tallest mountain in the world?"\ncontext: "The Andes is the longest continental mountain range in the world, located in South America. It stretches across seven countries and features many of the highest peaks in the Western Hemisphere. The range is known for its diverse ecosystems, including the high-altitude Andean Plateau and the Amazon rainforest."\nanswer: "Mount Everest."\nverification: {"reason": "the provided context discusses the Andes mountain range, which, while impressive, does not include Mount Everest or directly relate to the question about the world\'s tallest mountain.", "verdict": "0"}\n\nquestion: What star of Parks and Recreation appeared in November?\ncontext: Nicholas "Nick" Offerman (born June 26, 1970) is an American actor, voice actor, producer, writer, comedian and carpenter widely known for his breakout role as Ron Swanson in the acclaimed NBC sitcom "Parks and Recreation", for which he received the Television Critics Association Award for Individual Achievement in Comedy. His first major television role since the end of "Parks and Recreation" was his role as Karl Weathers in the FX series "Fargo", for which he received a Critics\' Choice Television Award nomination for Best Supporting Actor in a Movie/Miniseries and Gavin in the Ice Age franchise.\nanswer: Nick Offerman, who played the role of Ron Swanson in "Parks and Recreation", appeared in the film November.\nverification: \n'}]

RAW RESPONSE:
{
  "reason": "The provided context was indeed useful in arriving at the given answer. The context includes key information about Nick Offerman, the star of Parks and Recreation, which is reflected in the answer.",
   "verdict": "1"
}
==================================================
=== SYNC GENERATE ===
PROMPT:
[{'role': 'user', 'content': 'Given question, answer and context verify if the context was useful in arriving at the given answer. Give verdict as "1" if useful and "0" if not with json output. \nOutput in only valid JSON format.\n\nquestion: "What can you tell me about albert Albert Einstein?"\ncontext: "Albert Einstein (14 March 1879 – 18 April 1955) was a German-born theoretical physicist, widely held to be one of the greatest and most influential scientists of all time. Best known for developing the theory of relativity, he also made important contributions to quantum mechanics, and was thus a central figure in the revolutionary reshaping of the scientific understanding of nature that modern physics accomplished in the first decades of the twentieth century. His mass–energy equivalence formula E = mc2, which arises from relativity theory, has been called \\"the world\'s most famous equation\\". He received the 1921 Nobel Prize in Physics \\"for his services to theoretical physics, and especially for his discovery of the law of the photoelectric effect\\", a pivotal step in the development of quantum theory. His work is also known for its influence on the philosophy of science. In a 1999 poll of 130 leading physicists worldwide by the British journal Physics World, Einstein was ranked the greatest physicist of all time. His intellectual achievements and originality have made Einstein synonymous with genius."\nanswer: "Albert Einstein born in 14 March 1879 was German-born theoretical physicist, widely held to be one of the greatest and most influential scientists of all time. He received the 1921 Nobel Prize in Physics for his services to theoretical physics. He published 4 papers in 1905. Einstein moved to Switzerland in 1895"\nverification: {"reason": "The provided context was indeed useful in arriving at the given answer. The context includes key information about Albert Einstein\'s life and contributions, which are reflected in the answer.", "verdict": "1"}\n\nquestion: "who won 2020 icc world cup?"\ncontext: "The 2022 ICC Men\'s T20 World Cup, held from October 16 to November 13, 2022, in Australia, was the eighth edition of the tournament. Originally scheduled for 2020, it was postponed due to the COVID-19 pandemic. England emerged victorious, defeating Pakistan by five wickets in the final to clinch their second ICC Men\'s T20 World Cup title."\nanswer: "England"\nverification: {"reason": "the context was useful in clarifying the situation regarding the 2020 ICC World Cup and indicating that England was the winner of the tournament that was intended to be held in 2020 but actually took place in 2022.", "verdict": "1"}\n\nquestion: "What is the tallest mountain in the world?"\ncontext: "The Andes is the longest continental mountain range in the world, located in South America. It stretches across seven countries and features many of the highest peaks in the Western Hemisphere. The range is known for its diverse ecosystems, including the high-altitude Andean Plateau and the Amazon rainforest."\nanswer: "Mount Everest."\nverification: {"reason": "the provided context discusses the Andes mountain range, which, while impressive, does not include Mount Everest or directly relate to the question about the world\'s tallest mountain.", "verdict": "0"}\n\nquestion: Which genus of flowering plant is found in an environment further south, Crocosmia or Cimicifuga?\ncontext: Cimicifuga (bugbane or cohosh) was a genus of between 12-18 species of flowering plants belonging to the family Ranunculaceae, native to temperate regions of the Northern Hemisphere.\nanswer: Crocosmia is found in an environment further south.\nverification: \n'}]

RAW RESPONSE:
{
  "reason": "The provided context does not directly compare the geographical distribution of Crocosmia and Cimicifuga, but it does mention that Cimicifuga is native to temperate regions of the Northern Hemisphere, implying that Crocosmia might be found further south if it is not native to the same regions.",
   "verdict": "1"
}
==================================================
=== SYNC GENERATE ===
PROMPT:
[{'role': 'user', 'content': 'Create one or more statements from each sentence in the given answer.\nOutput in only valid JSON format.\n\nquestion: "Who was  Albert Einstein and what is he best known for?"\nanswer: "He was a German-born theoretical physicist, widely acknowledged to be one of the greatest and most influential physicists of all time. He was best known for developing the theory of relativity, he also made important contributions to the development of the theory of quantum mechanics."\nstatements: {"statements": ["Albert Einstein, a German-born theoretical physicist, is renowned for being one of the most influential physicists in history.", "Albert Einstein was best known for his theory of relativity.", "Einstein\'s contributions significantly advanced the field of quantum mechanics", "Recognized globally, Einstein\'s work has profoundly impacted the scientific community", "Einstein\'s groundbreaking theories continue to shape our understanding of physics today."]}\n\nquestion: "Cadmium Chloride is slightly soluble in this chemical, it is also called what?"\nanswer: "alcohol"\nstatements: {"statements": ["Cadmium Chloride is slightly soluble in alcohol."]}\n\nquestion: "Were Hitler and Benito Mussolini of the same nationality?"\nanswer: "Sorry, I can\'t provide answer to that question."\nstatements: {"statements": []}\n\nquestion: Which genus of flowering plant is found in an environment further south, Crocosmia or Cimicifuga?\nanswer: Crocosmia is found in an environment further south.\nstatements: \n'}]

RAW RESPONSE:
{
  "statements": [
       "Crocosmia is a genus of flowering plant found in environments further south.",
       "In comparison to Cimicifuga, Crocosmia is located in more southern environments."
   ]
}
==================================================
=== SYNC GENERATE ===
PROMPT:
[{'role': 'user', 'content': 'Generate a question for the given answer and Identify if answer is noncommittal. Give noncommittal as 1 if the answer is noncommittal and 0 if the answer is committal. A noncommittal answer is one that is evasive, vague, or ambiguous. For example, "I don\'t know" or "I\'m not sure" are noncommittal answers.\nOutput in only valid JSON format.\n\nanswer: "Albert Einstein was born in Germany."\ncontext: "Albert Einstein was a German-born theoretical physicist who is widely held to be one of the greatest and most influential scientists of all time"\noutput: {"question": "Where was Albert Einstein born?", "noncommittal": 0}\n\nanswer: "It can change its skin color based on the temperature of its environment."\ncontext: "A recent scientific study has discovered a new species of frog in the Amazon rainforest that has the unique ability to change its skin color based on the temperature of its environment."\noutput: {"question": "What unique ability does the newly discovered species of frog have?", "noncommittal": 0}\n\nanswer: "Everest"\ncontext: "The tallest mountain on Earth, measured from sea level, is a renowned peak located in the Himalayas."\noutput: {"question": "What is the tallest mountain on Earth?", "noncommittal": 0}\n\nanswer: "I don\'t know about the  groundbreaking feature of the smartphone invented in 2023 as am unaware of information beyond 2022. "\ncontext: "In 2023, a groundbreaking invention was announced: a smartphone with a battery life of one month, revolutionizing the way people use mobile technology."\noutput: {"question": "What was the groundbreaking feature of the smartphone invented in 2023?", "noncommittal": 1}\n\nanswer: Crocosmia is found in an environment further south.\ncontext: Cimicifuga (bugbane or cohosh) was a genus of between 12-18 species of flowering plants belonging to the family Ranunculaceae, native to temperate regions of the Northern Hemisphere.\nCimicifuga (bugbane or cohosh) was a genus of between 12-18 species of flowering plants belonging to the family Ranunculaceae, native to temperate regions of the Northern Hemisphere.\nCimicifuga (bugbane or cohosh) was a genus of between 12-18 species of flowering plants belonging to the family Ranunculaceae, native to temperate regions of the Northern Hemisphere.\noutput: \n'}]

RAW RESPONSE:
{
  "question": "Where is Crocosmia typically found?",
   "noncommittal": 0
}
==================================================
=== SYNC GENERATE ===
PROMPT:
[{'role': 'user', 'content': 'Create one or more statements from each sentence in the given answer.\nOutput in only valid JSON format.\n\nquestion: "Who was  Albert Einstein and what is he best known for?"\nanswer: "He was a German-born theoretical physicist, widely acknowledged to be one of the greatest and most influential physicists of all time. He was best known for developing the theory of relativity, he also made important contributions to the development of the theory of quantum mechanics."\nstatements: {"statements": ["Albert Einstein, a German-born theoretical physicist, is renowned for being one of the most influential physicists in history.", "Albert Einstein was best known for his theory of relativity.", "Einstein\'s contributions significantly advanced the field of quantum mechanics", "Recognized globally, Einstein\'s work has profoundly impacted the scientific community", "Einstein\'s groundbreaking theories continue to shape our understanding of physics today."]}\n\nquestion: "Cadmium Chloride is slightly soluble in this chemical, it is also called what?"\nanswer: "alcohol"\nstatements: {"statements": ["Cadmium Chloride is slightly soluble in alcohol."]}\n\nquestion: "Were Hitler and Benito Mussolini of the same nationality?"\nanswer: "Sorry, I can\'t provide answer to that question."\nstatements: {"statements": []}\n\nquestion: In what year did the man who shot the Chris Stockley, of The Dingoes, die?\nanswer: Dennis Bruce Allen, the man who shot Chris Stockley of The Dingoes, died in 1987.\nstatements: \n'}]

RAW RESPONSE:
{
  "statements": [
       "Dennis Bruce Allen shot Chris Stockley of The Dingoes.",
       "Dennis Bruce Allen, the man who shot Chris Stockley, died in 1987."
   ]
}
==================================================
=== SYNC GENERATE ===
PROMPT:
[{'role': 'user', 'content': 'Create one or more statements from each sentence in the given answer.\nOutput in only valid JSON format.\n\nquestion: "Who was  Albert Einstein and what is he best known for?"\nanswer: "He was a German-born theoretical physicist, widely acknowledged to be one of the greatest and most influential physicists of all time. He was best known for developing the theory of relativity, he also made important contributions to the development of the theory of quantum mechanics."\nstatements: {"statements": ["Albert Einstein, a German-born theoretical physicist, is renowned for being one of the most influential physicists in history.", "Albert Einstein was best known for his theory of relativity.", "Einstein\'s contributions significantly advanced the field of quantum mechanics", "Recognized globally, Einstein\'s work has profoundly impacted the scientific community", "Einstein\'s groundbreaking theories continue to shape our understanding of physics today."]}\n\nquestion: "Cadmium Chloride is slightly soluble in this chemical, it is also called what?"\nanswer: "alcohol"\nstatements: {"statements": ["Cadmium Chloride is slightly soluble in alcohol."]}\n\nquestion: "Were Hitler and Benito Mussolini of the same nationality?"\nanswer: "Sorry, I can\'t provide answer to that question."\nstatements: {"statements": []}\n\nquestion: Are both American bands The Four Seasons and Local H popular around the Beatles were around?\nanswer: Yes, both American bands The Four Seasons and Local H were popular at the same time as the Beatles. The Four Seasons were noted as the most popular rock band before the Beatles, and Local H was formed in the late 1980s, so their popularity would have overlapped with the Beatles\' era.\nstatements: \n'}]

RAW RESPONSE:
{
  "statements": [
       "The Four Seasons was a popular American band during the same era as the Beatles.",
       "Local H, an American band, was formed in the late 1980s and overlapped with the Beatles' era in terms of popularity.",
       "The Four Seasons is noted as the most popular rock band before the rise of the Beatles.",
       "Both The Four Seasons and Local H achieved popularity around the same time as the Beatles."
   ]
}
==================================================
=== SYNC GENERATE ===
PROMPT:
[{'role': 'user', 'content': 'Create one or more statements from each sentence in the given answer.\nOutput in only valid JSON format.\n\nquestion: "Who was  Albert Einstein and what is he best known for?"\nanswer: "He was a German-born theoretical physicist, widely acknowledged to be one of the greatest and most influential physicists of all time. He was best known for developing the theory of relativity, he also made important contributions to the development of the theory of quantum mechanics."\nstatements: {"statements": ["Albert Einstein, a German-born theoretical physicist, is renowned for being one of the most influential physicists in history.", "Albert Einstein was best known for his theory of relativity.", "Einstein\'s contributions significantly advanced the field of quantum mechanics", "Recognized globally, Einstein\'s work has profoundly impacted the scientific community", "Einstein\'s groundbreaking theories continue to shape our understanding of physics today."]}\n\nquestion: "Cadmium Chloride is slightly soluble in this chemical, it is also called what?"\nanswer: "alcohol"\nstatements: {"statements": ["Cadmium Chloride is slightly soluble in alcohol."]}\n\nquestion: "Were Hitler and Benito Mussolini of the same nationality?"\nanswer: "Sorry, I can\'t provide answer to that question."\nstatements: {"statements": []}\n\nquestion: The king deposed in the Glorious Revolution of 1688 was supported by the grandson of what Viscount Barnewall?\nanswer: The king deposed in the Glorious Revolution of 1688 was supported by the grandson of the third Viscount Barnewall.\nstatements: \n'}]

RAW RESPONSE:
{
  "statements": [
       "The king deposed in the Glorious Revolution of 1688 was supported by the grandson of the third Viscount Barnewall.",
       "The third Viscount Barnewall's grandson played a role in supporting the deposed king of the Glorious Revolution."
   ]
}
==================================================
=== SYNC GENERATE ===
PROMPT:
[{'role': 'user', 'content': 'Generate a question for the given answer and Identify if answer is noncommittal. Give noncommittal as 1 if the answer is noncommittal and 0 if the answer is committal. A noncommittal answer is one that is evasive, vague, or ambiguous. For example, "I don\'t know" or "I\'m not sure" are noncommittal answers.\nOutput in only valid JSON format.\n\nanswer: "Albert Einstein was born in Germany."\ncontext: "Albert Einstein was a German-born theoretical physicist who is widely held to be one of the greatest and most influential scientists of all time"\noutput: {"question": "Where was Albert Einstein born?", "noncommittal": 0}\n\nanswer: "It can change its skin color based on the temperature of its environment."\ncontext: "A recent scientific study has discovered a new species of frog in the Amazon rainforest that has the unique ability to change its skin color based on the temperature of its environment."\noutput: {"question": "What unique ability does the newly discovered species of frog have?", "noncommittal": 0}\n\nanswer: "Everest"\ncontext: "The tallest mountain on Earth, measured from sea level, is a renowned peak located in the Himalayas."\noutput: {"question": "What is the tallest mountain on Earth?", "noncommittal": 0}\n\nanswer: "I don\'t know about the  groundbreaking feature of the smartphone invented in 2023 as am unaware of information beyond 2022. "\ncontext: "In 2023, a groundbreaking invention was announced: a smartphone with a battery life of one month, revolutionizing the way people use mobile technology."\noutput: {"question": "What was the groundbreaking feature of the smartphone invented in 2023?", "noncommittal": 1}\n\nanswer: The king deposed in the Glorious Revolution of 1688 was supported by the grandson of the third Viscount Barnewall.\ncontext: James II and VII (14 October 1633 – 16 September 1701) was King of England and Ireland as James II and King of Scotland as James VII, from 6 February 1685 until he was deposed in the Glorious Revolution of 1688. He was the last Roman Catholic monarch of England, Scotland and Ireland.\nJames II and VII (14 October 1633 – 16 September 1701) was King of England and Ireland as James II and King of Scotland as James VII, from 6 February 1685 until he was deposed in the Glorious Revolution of 1688. He was the last Roman Catholic monarch of England, Scotland and Ireland.\nJames II and VII (14 October 1633 – 16 September 1701) was King of England and Ireland as James II and King of Scotland as James VII, from 6 February 1685 until he was deposed in the Glorious Revolution of 1688. He was the last Roman Catholic monarch of England, Scotland and Ireland.\noutput: \n'}]

RAW RESPONSE:
{
  "question": "Which king was deposed in the Glorious Revolution of 1688 and who supported him?",
   "noncommittal": 0
}
==================================================
=== SYNC GENERATE ===
PROMPT:
[{'role': 'user', 'content': 'Create one or more statements from each sentence in the given answer.\nOutput in only valid JSON format.\n\nquestion: "Who was  Albert Einstein and what is he best known for?"\nanswer: "He was a German-born theoretical physicist, widely acknowledged to be one of the greatest and most influential physicists of all time. He was best known for developing the theory of relativity, he also made important contributions to the development of the theory of quantum mechanics."\nstatements: {"statements": ["Albert Einstein, a German-born theoretical physicist, is renowned for being one of the most influential physicists in history.", "Albert Einstein was best known for his theory of relativity.", "Einstein\'s contributions significantly advanced the field of quantum mechanics", "Recognized globally, Einstein\'s work has profoundly impacted the scientific community", "Einstein\'s groundbreaking theories continue to shape our understanding of physics today."]}\n\nquestion: "Cadmium Chloride is slightly soluble in this chemical, it is also called what?"\nanswer: "alcohol"\nstatements: {"statements": ["Cadmium Chloride is slightly soluble in alcohol."]}\n\nquestion: "Were Hitler and Benito Mussolini of the same nationality?"\nanswer: "Sorry, I can\'t provide answer to that question."\nstatements: {"statements": []}\n\nquestion:  No. 3 Elementary Flying Training School RAAF operated at an Airport during World War 2 that is closest to Which city center in Australia?\nanswer: No. 3 Elementary Flying Training School RAAF operated at Essendon Airport, which is the closest to Melbourne\'s City Centre in Australia.\nstatements: \n'}]

RAW RESPONSE:
{
  "statements": [
       "No. 3 Elementary Flying Training School RAAF was based at Essendon Airport during World War 2.",
       "Essendon Airport is the closest airport to Melbourne's city center in Australia.",
       "The No. 3 Elementary Flying Training School RAAF operated near Melbourne during World War 2."
   ]
}
==================================================
=== SYNC GENERATE ===
PROMPT:
[{'role': 'user', 'content': 'Create one or more statements from each sentence in the given answer.\nOutput in only valid JSON format.\n\nquestion: "Who was  Albert Einstein and what is he best known for?"\nanswer: "He was a German-born theoretical physicist, widely acknowledged to be one of the greatest and most influential physicists of all time. He was best known for developing the theory of relativity, he also made important contributions to the development of the theory of quantum mechanics."\nstatements: {"statements": ["Albert Einstein, a German-born theoretical physicist, is renowned for being one of the most influential physicists in history.", "Albert Einstein was best known for his theory of relativity.", "Einstein\'s contributions significantly advanced the field of quantum mechanics", "Recognized globally, Einstein\'s work has profoundly impacted the scientific community", "Einstein\'s groundbreaking theories continue to shape our understanding of physics today."]}\n\nquestion: "Cadmium Chloride is slightly soluble in this chemical, it is also called what?"\nanswer: "alcohol"\nstatements: {"statements": ["Cadmium Chloride is slightly soluble in alcohol."]}\n\nquestion: "Were Hitler and Benito Mussolini of the same nationality?"\nanswer: "Sorry, I can\'t provide answer to that question."\nstatements: {"statements": []}\n\nquestion: Where are Catcha Lake and Hedley Mascot Mine located?\nanswer: Catcha Lake is located in the central part of Nova Scotia\'s Halifax Regional Municipality in Canada. The Hedley Mascot Mine is located in Hedley, British Columbia, Canada.\nstatements: \n'}]

RAW RESPONSE:
{
  "statements": [
       "Catcha Lake is located in the central part of Nova Scotia's Halifax Regional Municipality in Canada.",
       "The Hedley Mascot Mine is located in Hedley, British Columbia, Canada.",
       "Both Catcha Lake and Hedley Mascot Mine are located in Canada.",
       "Catcha Lake can be found in Nova Scotia, while the Hedley Mascot Mine is in British Columbia."
   ]
}
==================================================
=== SYNC GENERATE ===
PROMPT:
[{'role': 'user', 'content': 'Create one or more statements from each sentence in the given answer.\nOutput in only valid JSON format.\n\nquestion: "Who was  Albert Einstein and what is he best known for?"\nanswer: "He was a German-born theoretical physicist, widely acknowledged to be one of the greatest and most influential physicists of all time. He was best known for developing the theory of relativity, he also made important contributions to the development of the theory of quantum mechanics."\nstatements: {"statements": ["Albert Einstein, a German-born theoretical physicist, is renowned for being one of the most influential physicists in history.", "Albert Einstein was best known for his theory of relativity.", "Einstein\'s contributions significantly advanced the field of quantum mechanics", "Recognized globally, Einstein\'s work has profoundly impacted the scientific community", "Einstein\'s groundbreaking theories continue to shape our understanding of physics today."]}\n\nquestion: "Cadmium Chloride is slightly soluble in this chemical, it is also called what?"\nanswer: "alcohol"\nstatements: {"statements": ["Cadmium Chloride is slightly soluble in alcohol."]}\n\nquestion: "Were Hitler and Benito Mussolini of the same nationality?"\nanswer: "Sorry, I can\'t provide answer to that question."\nstatements: {"statements": []}\n\nquestion: Who has lived longer in the USA, Ulli Lommel or Benjamin Stoloff?\nanswer: Ulli Lommel has lived longer in the USA than Benjamin Stoloff. Benjamin Stoloff died in 1960, while Ulli Lommel has lived and worked in the USA since 1977.\nstatements: \n'}]

RAW RESPONSE:
{
  "statements": [
       "Ulli Lommel has lived longer in the USA than Benjamin Stoloff.",
       "Benjamin Stoloff passed away in 1960.",
       "Ulli Lommel has been living and working in the USA since 1977."
   ]
}
==================================================
=== SYNC GENERATE ===
PROMPT:
[{'role': 'user', 'content': 'Given question, answer and context verify if the context was useful in arriving at the given answer. Give verdict as "1" if useful and "0" if not with json output. \nOutput in only valid JSON format.\n\nquestion: "What can you tell me about albert Albert Einstein?"\ncontext: "Albert Einstein (14 March 1879 – 18 April 1955) was a German-born theoretical physicist, widely held to be one of the greatest and most influential scientists of all time. Best known for developing the theory of relativity, he also made important contributions to quantum mechanics, and was thus a central figure in the revolutionary reshaping of the scientific understanding of nature that modern physics accomplished in the first decades of the twentieth century. His mass–energy equivalence formula E = mc2, which arises from relativity theory, has been called \\"the world\'s most famous equation\\". He received the 1921 Nobel Prize in Physics \\"for his services to theoretical physics, and especially for his discovery of the law of the photoelectric effect\\", a pivotal step in the development of quantum theory. His work is also known for its influence on the philosophy of science. In a 1999 poll of 130 leading physicists worldwide by the British journal Physics World, Einstein was ranked the greatest physicist of all time. His intellectual achievements and originality have made Einstein synonymous with genius."\nanswer: "Albert Einstein born in 14 March 1879 was German-born theoretical physicist, widely held to be one of the greatest and most influential scientists of all time. He received the 1921 Nobel Prize in Physics for his services to theoretical physics. He published 4 papers in 1905. Einstein moved to Switzerland in 1895"\nverification: {"reason": "The provided context was indeed useful in arriving at the given answer. The context includes key information about Albert Einstein\'s life and contributions, which are reflected in the answer.", "verdict": "1"}\n\nquestion: "who won 2020 icc world cup?"\ncontext: "The 2022 ICC Men\'s T20 World Cup, held from October 16 to November 13, 2022, in Australia, was the eighth edition of the tournament. Originally scheduled for 2020, it was postponed due to the COVID-19 pandemic. England emerged victorious, defeating Pakistan by five wickets in the final to clinch their second ICC Men\'s T20 World Cup title."\nanswer: "England"\nverification: {"reason": "the context was useful in clarifying the situation regarding the 2020 ICC World Cup and indicating that England was the winner of the tournament that was intended to be held in 2020 but actually took place in 2022.", "verdict": "1"}\n\nquestion: "What is the tallest mountain in the world?"\ncontext: "The Andes is the longest continental mountain range in the world, located in South America. It stretches across seven countries and features many of the highest peaks in the Western Hemisphere. The range is known for its diverse ecosystems, including the high-altitude Andean Plateau and the Amazon rainforest."\nanswer: "Mount Everest."\nverification: {"reason": "the provided context discusses the Andes mountain range, which, while impressive, does not include Mount Everest or directly relate to the question about the world\'s tallest mountain.", "verdict": "0"}\n\nquestion: In what school district is Governor John R. Rogers High School, named after John Rankin Rogers, located?\ncontext: Governor John R. Rogers High School is a high school in the Puyallup School District of Washington, United States. Commonly referred to as "Rogers" or "RHS," the high school is named after former Washington State governor John Rankin Rogers. It was first opened in 1968.\nanswer: Governor John R. Rogers High School, named after John Rankin Rogers, is located in the Puyallup School District of Washington, United States.\nverification: \n'}]

RAW RESPONSE:
{
  "reason": "The provided context directly answers the question by stating that Governor John R. Rogers High School is located in the Puyallup School District of Washington, United States.",
   "verdict": "1"
}
==================================================
=== SYNC GENERATE ===
PROMPT:
[{'role': 'user', 'content': 'Create one or more statements from each sentence in the given answer.\nOutput in only valid JSON format.\n\nquestion: "Who was  Albert Einstein and what is he best known for?"\nanswer: "He was a German-born theoretical physicist, widely acknowledged to be one of the greatest and most influential physicists of all time. He was best known for developing the theory of relativity, he also made important contributions to the development of the theory of quantum mechanics."\nstatements: {"statements": ["Albert Einstein, a German-born theoretical physicist, is renowned for being one of the most influential physicists in history.", "Albert Einstein was best known for his theory of relativity.", "Einstein\'s contributions significantly advanced the field of quantum mechanics", "Recognized globally, Einstein\'s work has profoundly impacted the scientific community", "Einstein\'s groundbreaking theories continue to shape our understanding of physics today."]}\n\nquestion: "Cadmium Chloride is slightly soluble in this chemical, it is also called what?"\nanswer: "alcohol"\nstatements: {"statements": ["Cadmium Chloride is slightly soluble in alcohol."]}\n\nquestion: "Were Hitler and Benito Mussolini of the same nationality?"\nanswer: "Sorry, I can\'t provide answer to that question."\nstatements: {"statements": []}\n\nquestion: In what school district is Governor John R. Rogers High School, named after John Rankin Rogers, located?\nanswer: Governor John R. Rogers High School, named after John Rankin Rogers, is located in the Puyallup School District of Washington, United States.\nstatements: \n'}]

RAW RESPONSE:
{
  "statements": [
       "Governor John R. Rogers High School is located in the Puyallup School District.",
       "The Puyallup School District is in the state of Washington, United States.",
       "Governor John R. Rogers High School was named after John Rankin Rogers."
   ]
}
==================================================
=== SYNC GENERATE ===
PROMPT:
[{'role': 'user', 'content': 'Generate a question for the given answer and Identify if answer is noncommittal. Give noncommittal as 1 if the answer is noncommittal and 0 if the answer is committal. A noncommittal answer is one that is evasive, vague, or ambiguous. For example, "I don\'t know" or "I\'m not sure" are noncommittal answers.\nOutput in only valid JSON format.\n\nanswer: "Albert Einstein was born in Germany."\ncontext: "Albert Einstein was a German-born theoretical physicist who is widely held to be one of the greatest and most influential scientists of all time"\noutput: {"question": "Where was Albert Einstein born?", "noncommittal": 0}\n\nanswer: "It can change its skin color based on the temperature of its environment."\ncontext: "A recent scientific study has discovered a new species of frog in the Amazon rainforest that has the unique ability to change its skin color based on the temperature of its environment."\noutput: {"question": "What unique ability does the newly discovered species of frog have?", "noncommittal": 0}\n\nanswer: "Everest"\ncontext: "The tallest mountain on Earth, measured from sea level, is a renowned peak located in the Himalayas."\noutput: {"question": "What is the tallest mountain on Earth?", "noncommittal": 0}\n\nanswer: "I don\'t know about the  groundbreaking feature of the smartphone invented in 2023 as am unaware of information beyond 2022. "\ncontext: "In 2023, a groundbreaking invention was announced: a smartphone with a battery life of one month, revolutionizing the way people use mobile technology."\noutput: {"question": "What was the groundbreaking feature of the smartphone invented in 2023?", "noncommittal": 1}\n\nanswer: Governor John R. Rogers High School, named after John Rankin Rogers, is located in the Puyallup School District of Washington, United States.\ncontext: Governor John R. Rogers High School is a high school in the Puyallup School District of Washington, United States. Commonly referred to as "Rogers" or "RHS," the high school is named after former Washington State governor John Rankin Rogers. It was first opened in 1968.\nGovernor John R. Rogers High School is a high school in the Puyallup School District of Washington, United States. Commonly referred to as "Rogers" or "RHS," the high school is named after former Washington State governor John Rankin Rogers. It was first opened in 1968.\nGovernor John R. Rogers High School is a high school in the Puyallup School District of Washington, United States. Commonly referred to as "Rogers" or "RHS," the high school is named after former Washington State governor John Rankin Rogers. It was first opened in 1968.\noutput: \n'}]

RAW RESPONSE:
{
  "question": "What is the name and location of the high school named after John Rankin Rogers?",
   "noncommittal": 0
}
==================================================
=== SYNC GENERATE ===
PROMPT:
[{'role': 'user', 'content': 'Natural language inference. Use only \'Yes\' (1), \'No\' (0) and \'Null\' (-1) as verdict.\nOutput in only valid JSON format.\n\ncontext: "John is a student at XYZ University. He is pursuing a degree in Computer Science. He is enrolled in several courses this semester, including Data Structures, Algorithms, and Database Management. John is a diligent student and spends a significant amount of time studying and completing assignments. He often stays late in the library to work on his projects."\nstatements: "\\n            statement_1: John is majoring in Biology.\\n            statement_2: John is taking a course on Artificial Intelligence.\\n            statement_3: John is a dedicated student.\\n            statement_4: John has a part-time job.\\n            "\nanswer: [{"statement_1": "John is majoring in Biology.", "reason": "John\'s major is explicitly mentioned as Computer Science. There is no information suggesting he is majoring in Biology.", "verdict": "0"}, {"statement_2": "John is taking a course on Artificial Intelligence.", "reason": "The context mentions the courses John is currently enrolled in, and Artificial Intelligence is not mentioned. Therefore, it cannot be deduced that John is taking a course on AI.", "verdict": "0"}, {"statement_3": "John is a dedicated student.", "reason": "The context states that he spends a significant amount of time studying and completing assignments. Additionally, it mentions that he often stays late in the library to work on his projects, which implies dedication.", "verdict": "1"}, {"statement_4": "John has a part-time job.", "reason": "There is no information given in the context about John having a part-time job.", "verdict": "0"}]\n\ncontext: "Photosynthesis is a process used by plants, algae, and certain bacteria to convert light energy into chemical energy."\nstatements: "statement_1: Albert Einstein was a genius."\nanswer: {"statement_1": "Albert Einstein was a genius.", "reason": "The context and statement are unrelated", "verdict": "0"}\n\ncontext: "Albert Einstein was a German-born theoretical physicist who is widely held to be one of the greatest and most influential scientists of all time."\nstatements: "statement_1: Nil"\nanswer: {"statement_1": "Nil", "reason": "The statement is invalid", "verdict": "-1"}\n\ncontext: Governor John R. Rogers High School is a high school in the Puyallup School District of Washington, United States. Commonly referred to as "Rogers" or "RHS," the high school is named after former Washington State governor John Rankin Rogers. It was first opened in 1968.\nGovernor John R. Rogers High School is a high school in the Puyallup School District of Washington, United States. Commonly referred to as "Rogers" or "RHS," the high school is named after former Washington State governor John Rankin Rogers. It was first opened in 1968.\nGovernor John R. Rogers High School is a high school in the Puyallup School District of Washington, United States. Commonly referred to as "Rogers" or "RHS," the high school is named after former Washington State governor John Rankin Rogers. It was first opened in 1968.\nstatements: statement_1: Governor John R. Rogers High School is located in the Puyallup School District.\nstatement_2: The Puyallup School District is in the state of Washington, United States.\nstatement_3: Governor John R. Rogers High School was named after John Rankin Rogers.\nanswer: \n'}]

RAW RESPONSE:
[
{
  "statement_1": "Governor John R. Rogers High School is located in the Puyallup School District.",
   "reason": "The context explicitly states that Governor John R. Rogers High School is in the Puyallup School District of Washington, United States.",
   "verdict": "1"
},
{
   "statement_2": "The Puyallup School District is in the state of Washington, United States.",
   "reason": "The context mentions that Governor John R. Rogers High School is in the Puyallup School District of Washington, United States, which implies the district is also in Washington.",
   "verdict": "1"
},
{
   "statement_3": "Governor John R. Rogers High School was named after John Rankin Rogers.",
   "reason": "The context states that the high school is named after former Washington State governor John Rankin Rogers.",
   "verdict": "1"
}
]
==================================================
=== SYNC GENERATE ===
PROMPT:
[{'role': 'user', 'content': 'Create one or more statements from each sentence in the given answer.\nOutput in only valid JSON format.\n\nquestion: "Who was  Albert Einstein and what is he best known for?"\nanswer: "He was a German-born theoretical physicist, widely acknowledged to be one of the greatest and most influential physicists of all time. He was best known for developing the theory of relativity, he also made important contributions to the development of the theory of quantum mechanics."\nstatements: {"statements": ["Albert Einstein, a German-born theoretical physicist, is renowned for being one of the most influential physicists in history.", "Albert Einstein was best known for his theory of relativity.", "Einstein\'s contributions significantly advanced the field of quantum mechanics", "Recognized globally, Einstein\'s work has profoundly impacted the scientific community", "Einstein\'s groundbreaking theories continue to shape our understanding of physics today."]}\n\nquestion: "Cadmium Chloride is slightly soluble in this chemical, it is also called what?"\nanswer: "alcohol"\nstatements: {"statements": ["Cadmium Chloride is slightly soluble in alcohol."]}\n\nquestion: "Were Hitler and Benito Mussolini of the same nationality?"\nanswer: "Sorry, I can\'t provide answer to that question."\nstatements: {"statements": []}\n\nquestion: whiich Australian racing driver won the 44-lap race for the Red Bull Racing team?\nanswer: Daniel Ricciardo won the 44-lap race for the Red Bull Racing team.\nstatements: \n'}]

RAW RESPONSE:
{
  "statements": [
       "Daniel Ricciardo, an Australian racing driver, won the 44-lap race.",
       "The Red Bull Racing team was victorious in the 44-lap race with Daniel Ricciardo as the driver."
   ]
}
==================================================
=== SYNC GENERATE ===
PROMPT:
[{'role': 'user', 'content': 'Given question, answer and context verify if the context was useful in arriving at the given answer. Give verdict as "1" if useful and "0" if not with json output. \nOutput in only valid JSON format.\n\nquestion: "What can you tell me about albert Albert Einstein?"\ncontext: "Albert Einstein (14 March 1879 – 18 April 1955) was a German-born theoretical physicist, widely held to be one of the greatest and most influential scientists of all time. Best known for developing the theory of relativity, he also made important contributions to quantum mechanics, and was thus a central figure in the revolutionary reshaping of the scientific understanding of nature that modern physics accomplished in the first decades of the twentieth century. His mass–energy equivalence formula E = mc2, which arises from relativity theory, has been called \\"the world\'s most famous equation\\". He received the 1921 Nobel Prize in Physics \\"for his services to theoretical physics, and especially for his discovery of the law of the photoelectric effect\\", a pivotal step in the development of quantum theory. His work is also known for its influence on the philosophy of science. In a 1999 poll of 130 leading physicists worldwide by the British journal Physics World, Einstein was ranked the greatest physicist of all time. His intellectual achievements and originality have made Einstein synonymous with genius."\nanswer: "Albert Einstein born in 14 March 1879 was German-born theoretical physicist, widely held to be one of the greatest and most influential scientists of all time. He received the 1921 Nobel Prize in Physics for his services to theoretical physics. He published 4 papers in 1905. Einstein moved to Switzerland in 1895"\nverification: {"reason": "The provided context was indeed useful in arriving at the given answer. The context includes key information about Albert Einstein\'s life and contributions, which are reflected in the answer.", "verdict": "1"}\n\nquestion: "who won 2020 icc world cup?"\ncontext: "The 2022 ICC Men\'s T20 World Cup, held from October 16 to November 13, 2022, in Australia, was the eighth edition of the tournament. Originally scheduled for 2020, it was postponed due to the COVID-19 pandemic. England emerged victorious, defeating Pakistan by five wickets in the final to clinch their second ICC Men\'s T20 World Cup title."\nanswer: "England"\nverification: {"reason": "the context was useful in clarifying the situation regarding the 2020 ICC World Cup and indicating that England was the winner of the tournament that was intended to be held in 2020 but actually took place in 2022.", "verdict": "1"}\n\nquestion: "What is the tallest mountain in the world?"\ncontext: "The Andes is the longest continental mountain range in the world, located in South America. It stretches across seven countries and features many of the highest peaks in the Western Hemisphere. The range is known for its diverse ecosystems, including the high-altitude Andean Plateau and the Amazon rainforest."\nanswer: "Mount Everest."\nverification: {"reason": "the provided context discusses the Andes mountain range, which, while impressive, does not include Mount Everest or directly relate to the question about the world\'s tallest mountain.", "verdict": "0"}\n\nquestion: whiich Australian racing driver won the 44-lap race for the Red Bull Racing team?\ncontext: The 2014 Belgian Grand Prix (formally the 2014 Formula 1 Shell Belgian Grand Prix) was a Formula One motor race held on 24 August 2014 at the Circuit de Spa-Francorchamps in Spa, Belgium. It was the twelfth round of the 2014 Formula One season, and the 70th Belgian Grand Prix. The 44-lap race was won by Daniel Ricciardo for the Red Bull Racing team, after starting from fifth position. Nico Rosberg finished second in a Mercedes, with Valtteri Bottas third for the Williams team.\nanswer: Daniel Ricciardo won the 44-lap race for the Red Bull Racing team.\nverification: \n'}]

RAW RESPONSE:
{
  "reason": "The provided context directly answers the question by stating that Daniel Ricciardo won the 44-lap race for the Red Bull Racing team.",
   "verdict": "1"
}
==================================================
=== SYNC GENERATE ===
PROMPT:
[{'role': 'user', 'content': 'Generate a question for the given answer and Identify if answer is noncommittal. Give noncommittal as 1 if the answer is noncommittal and 0 if the answer is committal. A noncommittal answer is one that is evasive, vague, or ambiguous. For example, "I don\'t know" or "I\'m not sure" are noncommittal answers.\nOutput in only valid JSON format.\n\nanswer: "Albert Einstein was born in Germany."\ncontext: "Albert Einstein was a German-born theoretical physicist who is widely held to be one of the greatest and most influential scientists of all time"\noutput: {"question": "Where was Albert Einstein born?", "noncommittal": 0}\n\nanswer: "It can change its skin color based on the temperature of its environment."\ncontext: "A recent scientific study has discovered a new species of frog in the Amazon rainforest that has the unique ability to change its skin color based on the temperature of its environment."\noutput: {"question": "What unique ability does the newly discovered species of frog have?", "noncommittal": 0}\n\nanswer: "Everest"\ncontext: "The tallest mountain on Earth, measured from sea level, is a renowned peak located in the Himalayas."\noutput: {"question": "What is the tallest mountain on Earth?", "noncommittal": 0}\n\nanswer: "I don\'t know about the  groundbreaking feature of the smartphone invented in 2023 as am unaware of information beyond 2022. "\ncontext: "In 2023, a groundbreaking invention was announced: a smartphone with a battery life of one month, revolutionizing the way people use mobile technology."\noutput: {"question": "What was the groundbreaking feature of the smartphone invented in 2023?", "noncommittal": 1}\n\nanswer: Daniel Ricciardo won the 44-lap race for the Red Bull Racing team.\ncontext: The 2014 Belgian Grand Prix (formally the 2014 Formula 1 Shell Belgian Grand Prix) was a Formula One motor race held on 24 August 2014 at the Circuit de Spa-Francorchamps in Spa, Belgium. It was the twelfth round of the 2014 Formula One season, and the 70th Belgian Grand Prix. The 44-lap race was won by Daniel Ricciardo for the Red Bull Racing team, after starting from fifth position. Nico Rosberg finished second in a Mercedes, with Valtteri Bottas third for the Williams team.\nThe 2014 Belgian Grand Prix (formally the 2014 Formula 1 Shell Belgian Grand Prix) was a Formula One motor race held on 24 August 2014 at the Circuit de Spa-Francorchamps in Spa, Belgium. It was the twelfth round of the 2014 Formula One season, and the 70th Belgian Grand Prix. The 44-lap race was won by Daniel Ricciardo for the Red Bull Racing team, after starting from fifth position. Nico Rosberg finished second in a Mercedes, with Valtteri Bottas third for the Williams team.\nThe 2014 Belgian Grand Prix (formally the 2014 Formula 1 Shell Belgian Grand Prix) was a Formula One motor race held on 24 August 2014 at the Circuit de Spa-Francorchamps in Spa, Belgium. It was the twelfth round of the 2014 Formula One season, and the 70th Belgian Grand Prix. The 44-lap race was won by Daniel Ricciardo for the Red Bull Racing team, after starting from fifth position. Nico Rosberg finished second in a Mercedes, with Valtteri Bottas third for the Williams team.\noutput: \n'}]

RAW RESPONSE:
{
  "question": "Who won the 44-lap race for the Red Bull Racing team?",
   "noncommittal": 0
}
==================================================
=== SYNC GENERATE ===
PROMPT:
[{'role': 'user', 'content': 'Natural language inference. Use only \'Yes\' (1), \'No\' (0) and \'Null\' (-1) as verdict.\nOutput in only valid JSON format.\n\ncontext: "John is a student at XYZ University. He is pursuing a degree in Computer Science. He is enrolled in several courses this semester, including Data Structures, Algorithms, and Database Management. John is a diligent student and spends a significant amount of time studying and completing assignments. He often stays late in the library to work on his projects."\nstatements: "\\n            statement_1: John is majoring in Biology.\\n            statement_2: John is taking a course on Artificial Intelligence.\\n            statement_3: John is a dedicated student.\\n            statement_4: John has a part-time job.\\n            "\nanswer: [{"statement_1": "John is majoring in Biology.", "reason": "John\'s major is explicitly mentioned as Computer Science. There is no information suggesting he is majoring in Biology.", "verdict": "0"}, {"statement_2": "John is taking a course on Artificial Intelligence.", "reason": "The context mentions the courses John is currently enrolled in, and Artificial Intelligence is not mentioned. Therefore, it cannot be deduced that John is taking a course on AI.", "verdict": "0"}, {"statement_3": "John is a dedicated student.", "reason": "The context states that he spends a significant amount of time studying and completing assignments. Additionally, it mentions that he often stays late in the library to work on his projects, which implies dedication.", "verdict": "1"}, {"statement_4": "John has a part-time job.", "reason": "There is no information given in the context about John having a part-time job.", "verdict": "0"}]\n\ncontext: "Photosynthesis is a process used by plants, algae, and certain bacteria to convert light energy into chemical energy."\nstatements: "statement_1: Albert Einstein was a genius."\nanswer: {"statement_1": "Albert Einstein was a genius.", "reason": "The context and statement are unrelated", "verdict": "0"}\n\ncontext: "Albert Einstein was a German-born theoretical physicist who is widely held to be one of the greatest and most influential scientists of all time."\nstatements: "statement_1: Nil"\nanswer: {"statement_1": "Nil", "reason": "The statement is invalid", "verdict": "-1"}\n\ncontext: The 2014 Belgian Grand Prix (formally the 2014 Formula 1 Shell Belgian Grand Prix) was a Formula One motor race held on 24 August 2014 at the Circuit de Spa-Francorchamps in Spa, Belgium. It was the twelfth round of the 2014 Formula One season, and the 70th Belgian Grand Prix. The 44-lap race was won by Daniel Ricciardo for the Red Bull Racing team, after starting from fifth position. Nico Rosberg finished second in a Mercedes, with Valtteri Bottas third for the Williams team.\nThe 2014 Belgian Grand Prix (formally the 2014 Formula 1 Shell Belgian Grand Prix) was a Formula One motor race held on 24 August 2014 at the Circuit de Spa-Francorchamps in Spa, Belgium. It was the twelfth round of the 2014 Formula One season, and the 70th Belgian Grand Prix. The 44-lap race was won by Daniel Ricciardo for the Red Bull Racing team, after starting from fifth position. Nico Rosberg finished second in a Mercedes, with Valtteri Bottas third for the Williams team.\nThe 2014 Belgian Grand Prix (formally the 2014 Formula 1 Shell Belgian Grand Prix) was a Formula One motor race held on 24 August 2014 at the Circuit de Spa-Francorchamps in Spa, Belgium. It was the twelfth round of the 2014 Formula One season, and the 70th Belgian Grand Prix. The 44-lap race was won by Daniel Ricciardo for the Red Bull Racing team, after starting from fifth position. Nico Rosberg finished second in a Mercedes, with Valtteri Bottas third for the Williams team.\nstatements: statement_1: Daniel Ricciardo, an Australian racing driver, won the 44-lap race.\nstatement_2: The Red Bull Racing team was victorious in the 44-lap race with Daniel Ricciardo as the driver.\nanswer: \n'}]

RAW RESPONSE:
{
  "statement_1": "Daniel Ricciardo, an Australian racing driver, won the 44-lap race.",
   "reason": "The context confirms that Daniel Ricciardo won the 44-lap race, and it is also known that he is an Australian racing driver.",
   "verdict": "1"
}
==================================================
=== SYNC GENERATE ===
PROMPT:
[{'role': 'user', 'content': 'Create one or more statements from each sentence in the given answer.\nOutput in only valid JSON format.\n\nquestion: "Who was  Albert Einstein and what is he best known for?"\nanswer: "He was a German-born theoretical physicist, widely acknowledged to be one of the greatest and most influential physicists of all time. He was best known for developing the theory of relativity, he also made important contributions to the development of the theory of quantum mechanics."\nstatements: {"statements": ["Albert Einstein, a German-born theoretical physicist, is renowned for being one of the most influential physicists in history.", "Albert Einstein was best known for his theory of relativity.", "Einstein\'s contributions significantly advanced the field of quantum mechanics", "Recognized globally, Einstein\'s work has profoundly impacted the scientific community", "Einstein\'s groundbreaking theories continue to shape our understanding of physics today."]}\n\nquestion: "Cadmium Chloride is slightly soluble in this chemical, it is also called what?"\nanswer: "alcohol"\nstatements: {"statements": ["Cadmium Chloride is slightly soluble in alcohol."]}\n\nquestion: "Were Hitler and Benito Mussolini of the same nationality?"\nanswer: "Sorry, I can\'t provide answer to that question."\nstatements: {"statements": []}\n\nquestion: What star of Parks and Recreation appeared in November?\nanswer: Nick Offerman, who played the role of Ron Swanson in "Parks and Recreation", appeared in the film November.\nstatements: \n'}]

RAW RESPONSE:
{
  "statements": [
       "Nick Offerman, who played Ron Swanson, appeared in the film November.",
       "Ron Swanson, a character from Parks and Recreation, was portrayed by Nick Offerman in the movie November."
   ]
}
==================================================
=== SYNC GENERATE ===
PROMPT:
[{'role': 'user', 'content': 'Generate a question for the given answer and Identify if answer is noncommittal. Give noncommittal as 1 if the answer is noncommittal and 0 if the answer is committal. A noncommittal answer is one that is evasive, vague, or ambiguous. For example, "I don\'t know" or "I\'m not sure" are noncommittal answers.\nOutput in only valid JSON format.\n\nanswer: "Albert Einstein was born in Germany."\ncontext: "Albert Einstein was a German-born theoretical physicist who is widely held to be one of the greatest and most influential scientists of all time"\noutput: {"question": "Where was Albert Einstein born?", "noncommittal": 0}\n\nanswer: "It can change its skin color based on the temperature of its environment."\ncontext: "A recent scientific study has discovered a new species of frog in the Amazon rainforest that has the unique ability to change its skin color based on the temperature of its environment."\noutput: {"question": "What unique ability does the newly discovered species of frog have?", "noncommittal": 0}\n\nanswer: "Everest"\ncontext: "The tallest mountain on Earth, measured from sea level, is a renowned peak located in the Himalayas."\noutput: {"question": "What is the tallest mountain on Earth?", "noncommittal": 0}\n\nanswer: "I don\'t know about the  groundbreaking feature of the smartphone invented in 2023 as am unaware of information beyond 2022. "\ncontext: "In 2023, a groundbreaking invention was announced: a smartphone with a battery life of one month, revolutionizing the way people use mobile technology."\noutput: {"question": "What was the groundbreaking feature of the smartphone invented in 2023?", "noncommittal": 1}\n\nanswer: Nick Offerman, who played the role of Ron Swanson in "Parks and Recreation", appeared in the film November.\ncontext: Nicholas "Nick" Offerman (born June 26, 1970) is an American actor, voice actor, producer, writer, comedian and carpenter widely known for his breakout role as Ron Swanson in the acclaimed NBC sitcom "Parks and Recreation", for which he received the Television Critics Association Award for Individual Achievement in Comedy. His first major television role since the end of "Parks and Recreation" was his role as Karl Weathers in the FX series "Fargo", for which he received a Critics\' Choice Television Award nomination for Best Supporting Actor in a Movie/Miniseries and Gavin in the Ice Age franchise.\nNicholas "Nick" Offerman (born June 26, 1970) is an American actor, voice actor, producer, writer, comedian and carpenter widely known for his breakout role as Ron Swanson in the acclaimed NBC sitcom "Parks and Recreation", for which he received the Television Critics Association Award for Individual Achievement in Comedy. His first major television role since the end of "Parks and Recreation" was his role as Karl Weathers in the FX series "Fargo", for which he received a Critics\' Choice Television Award nomination for Best Supporting Actor in a Movie/Miniseries and Gavin in the Ice Age franchise.\nNicholas "Nick" Offerman (born June 26, 1970) is an American actor, voice actor, producer, writer, comedian and carpenter widely known for his breakout role as Ron Swanson in the acclaimed NBC sitcom "Parks and Recreation", for which he received the Television Critics Association Award for Individual Achievement in Comedy. His first major television role since the end of "Parks and Recreation" was his role as Karl Weathers in the FX series "Fargo", for which he received a Critics\' Choice Television Award nomination for Best Supporting Actor in a Movie/Miniseries and Gavin in the Ice Age franchise.\noutput: \n'}]

RAW RESPONSE:
{
  "question": "Who appeared in the film November?",
   "noncommittal": 0
}
==================================================
=== SYNC GENERATE ===
PROMPT:
[{'role': 'user', 'content': 'Given question, answer and context verify if the context was useful in arriving at the given answer. Give verdict as "1" if useful and "0" if not with json output. \nOutput in only valid JSON format.\n\nquestion: "What can you tell me about albert Albert Einstein?"\ncontext: "Albert Einstein (14 March 1879 – 18 April 1955) was a German-born theoretical physicist, widely held to be one of the greatest and most influential scientists of all time. Best known for developing the theory of relativity, he also made important contributions to quantum mechanics, and was thus a central figure in the revolutionary reshaping of the scientific understanding of nature that modern physics accomplished in the first decades of the twentieth century. His mass–energy equivalence formula E = mc2, which arises from relativity theory, has been called \\"the world\'s most famous equation\\". He received the 1921 Nobel Prize in Physics \\"for his services to theoretical physics, and especially for his discovery of the law of the photoelectric effect\\", a pivotal step in the development of quantum theory. His work is also known for its influence on the philosophy of science. In a 1999 poll of 130 leading physicists worldwide by the British journal Physics World, Einstein was ranked the greatest physicist of all time. His intellectual achievements and originality have made Einstein synonymous with genius."\nanswer: "Albert Einstein born in 14 March 1879 was German-born theoretical physicist, widely held to be one of the greatest and most influential scientists of all time. He received the 1921 Nobel Prize in Physics for his services to theoretical physics. He published 4 papers in 1905. Einstein moved to Switzerland in 1895"\nverification: {"reason": "The provided context was indeed useful in arriving at the given answer. The context includes key information about Albert Einstein\'s life and contributions, which are reflected in the answer.", "verdict": "1"}\n\nquestion: "who won 2020 icc world cup?"\ncontext: "The 2022 ICC Men\'s T20 World Cup, held from October 16 to November 13, 2022, in Australia, was the eighth edition of the tournament. Originally scheduled for 2020, it was postponed due to the COVID-19 pandemic. England emerged victorious, defeating Pakistan by five wickets in the final to clinch their second ICC Men\'s T20 World Cup title."\nanswer: "England"\nverification: {"reason": "the context was useful in clarifying the situation regarding the 2020 ICC World Cup and indicating that England was the winner of the tournament that was intended to be held in 2020 but actually took place in 2022.", "verdict": "1"}\n\nquestion: "What is the tallest mountain in the world?"\ncontext: "The Andes is the longest continental mountain range in the world, located in South America. It stretches across seven countries and features many of the highest peaks in the Western Hemisphere. The range is known for its diverse ecosystems, including the high-altitude Andean Plateau and the Amazon rainforest."\nanswer: "Mount Everest."\nverification: {"reason": "the provided context discusses the Andes mountain range, which, while impressive, does not include Mount Everest or directly relate to the question about the world\'s tallest mountain.", "verdict": "0"}\n\nquestion: What star of Parks and Recreation appeared in November?\ncontext: Nicholas "Nick" Offerman (born June 26, 1970) is an American actor, voice actor, producer, writer, comedian and carpenter widely known for his breakout role as Ron Swanson in the acclaimed NBC sitcom "Parks and Recreation", for which he received the Television Critics Association Award for Individual Achievement in Comedy. His first major television role since the end of "Parks and Recreation" was his role as Karl Weathers in the FX series "Fargo", for which he received a Critics\' Choice Television Award nomination for Best Supporting Actor in a Movie/Miniseries and Gavin in the Ice Age franchise.\nanswer: Nick Offerman, who played the role of Ron Swanson in "Parks and Recreation", appeared in the film November.\nverification: \n'}]

RAW RESPONSE:
{
  "reason": "The provided context gives information about Nick Offerman, including his role in 'Parks and Recreation', which directly relates to the question about a star of the show appearing in November.",
   "verdict": "1"
}
==================================================
=== SYNC GENERATE ===
PROMPT:
[{'role': 'user', 'content': 'Natural language inference. Use only \'Yes\' (1), \'No\' (0) and \'Null\' (-1) as verdict.\nOutput in only valid JSON format.\n\ncontext: "John is a student at XYZ University. He is pursuing a degree in Computer Science. He is enrolled in several courses this semester, including Data Structures, Algorithms, and Database Management. John is a diligent student and spends a significant amount of time studying and completing assignments. He often stays late in the library to work on his projects."\nstatements: "\\n            statement_1: John is majoring in Biology.\\n            statement_2: John is taking a course on Artificial Intelligence.\\n            statement_3: John is a dedicated student.\\n            statement_4: John has a part-time job.\\n            "\nanswer: [{"statement_1": "John is majoring in Biology.", "reason": "John\'s major is explicitly mentioned as Computer Science. There is no information suggesting he is majoring in Biology.", "verdict": "0"}, {"statement_2": "John is taking a course on Artificial Intelligence.", "reason": "The context mentions the courses John is currently enrolled in, and Artificial Intelligence is not mentioned. Therefore, it cannot be deduced that John is taking a course on AI.", "verdict": "0"}, {"statement_3": "John is a dedicated student.", "reason": "The context states that he spends a significant amount of time studying and completing assignments. Additionally, it mentions that he often stays late in the library to work on his projects, which implies dedication.", "verdict": "1"}, {"statement_4": "John has a part-time job.", "reason": "There is no information given in the context about John having a part-time job.", "verdict": "0"}]\n\ncontext: "Photosynthesis is a process used by plants, algae, and certain bacteria to convert light energy into chemical energy."\nstatements: "statement_1: Albert Einstein was a genius."\nanswer: {"statement_1": "Albert Einstein was a genius.", "reason": "The context and statement are unrelated", "verdict": "0"}\n\ncontext: "Albert Einstein was a German-born theoretical physicist who is widely held to be one of the greatest and most influential scientists of all time."\nstatements: "statement_1: Nil"\nanswer: {"statement_1": "Nil", "reason": "The statement is invalid", "verdict": "-1"}\n\ncontext: Nicholas "Nick" Offerman (born June 26, 1970) is an American actor, voice actor, producer, writer, comedian and carpenter widely known for his breakout role as Ron Swanson in the acclaimed NBC sitcom "Parks and Recreation", for which he received the Television Critics Association Award for Individual Achievement in Comedy. His first major television role since the end of "Parks and Recreation" was his role as Karl Weathers in the FX series "Fargo", for which he received a Critics\' Choice Television Award nomination for Best Supporting Actor in a Movie/Miniseries and Gavin in the Ice Age franchise.\nNicholas "Nick" Offerman (born June 26, 1970) is an American actor, voice actor, producer, writer, comedian and carpenter widely known for his breakout role as Ron Swanson in the acclaimed NBC sitcom "Parks and Recreation", for which he received the Television Critics Association Award for Individual Achievement in Comedy. His first major television role since the end of "Parks and Recreation" was his role as Karl Weathers in the FX series "Fargo", for which he received a Critics\' Choice Television Award nomination for Best Supporting Actor in a Movie/Miniseries and Gavin in the Ice Age franchise.\nNicholas "Nick" Offerman (born June 26, 1970) is an American actor, voice actor, producer, writer, comedian and carpenter widely known for his breakout role as Ron Swanson in the acclaimed NBC sitcom "Parks and Recreation", for which he received the Television Critics Association Award for Individual Achievement in Comedy. His first major television role since the end of "Parks and Recreation" was his role as Karl Weathers in the FX series "Fargo", for which he received a Critics\' Choice Television Award nomination for Best Supporting Actor in a Movie/Miniseries and Gavin in the Ice Age franchise.\nstatements: statement_1: Nick Offerman, who played Ron Swanson, appeared in the film November.\nstatement_2: Ron Swanson, a character from Parks and Recreation, was portrayed by Nick Offerman in the movie November.\nanswer: \n'}]

RAW RESPONSE:
[
{
  "statement_1": "Nick Offerman, who played Ron Swanson, appeared in the film November.",
   "reason": "There is no information in the context about Nick Offerman appearing in the film November.",
   "verdict": "0"
},
{
   "statement_2": "Ron Swanson, a character from Parks and Recreation, was portrayed by Nick Offerman in the movie November.",
   "reason": "The context does not mention Nick Offerman portraying Ron Swanson in a movie called November. It only discusses his role in Parks and Recreation and other projects.",
   "verdict": "0"
}
]
==================================================
=== SYNC GENERATE ===
PROMPT:
[{'role': 'user', 'content': 'Given question, answer and context verify if the context was useful in arriving at the given answer. Give verdict as "1" if useful and "0" if not with json output. \nOutput in only valid JSON format.\n\nquestion: "What can you tell me about albert Albert Einstein?"\ncontext: "Albert Einstein (14 March 1879 – 18 April 1955) was a German-born theoretical physicist, widely held to be one of the greatest and most influential scientists of all time. Best known for developing the theory of relativity, he also made important contributions to quantum mechanics, and was thus a central figure in the revolutionary reshaping of the scientific understanding of nature that modern physics accomplished in the first decades of the twentieth century. His mass–energy equivalence formula E = mc2, which arises from relativity theory, has been called \\"the world\'s most famous equation\\". He received the 1921 Nobel Prize in Physics \\"for his services to theoretical physics, and especially for his discovery of the law of the photoelectric effect\\", a pivotal step in the development of quantum theory. His work is also known for its influence on the philosophy of science. In a 1999 poll of 130 leading physicists worldwide by the British journal Physics World, Einstein was ranked the greatest physicist of all time. His intellectual achievements and originality have made Einstein synonymous with genius."\nanswer: "Albert Einstein born in 14 March 1879 was German-born theoretical physicist, widely held to be one of the greatest and most influential scientists of all time. He received the 1921 Nobel Prize in Physics for his services to theoretical physics. He published 4 papers in 1905. Einstein moved to Switzerland in 1895"\nverification: {"reason": "The provided context was indeed useful in arriving at the given answer. The context includes key information about Albert Einstein\'s life and contributions, which are reflected in the answer.", "verdict": "1"}\n\nquestion: "who won 2020 icc world cup?"\ncontext: "The 2022 ICC Men\'s T20 World Cup, held from October 16 to November 13, 2022, in Australia, was the eighth edition of the tournament. Originally scheduled for 2020, it was postponed due to the COVID-19 pandemic. England emerged victorious, defeating Pakistan by five wickets in the final to clinch their second ICC Men\'s T20 World Cup title."\nanswer: "England"\nverification: {"reason": "the context was useful in clarifying the situation regarding the 2020 ICC World Cup and indicating that England was the winner of the tournament that was intended to be held in 2020 but actually took place in 2022.", "verdict": "1"}\n\nquestion: "What is the tallest mountain in the world?"\ncontext: "The Andes is the longest continental mountain range in the world, located in South America. It stretches across seven countries and features many of the highest peaks in the Western Hemisphere. The range is known for its diverse ecosystems, including the high-altitude Andean Plateau and the Amazon rainforest."\nanswer: "Mount Everest."\nverification: {"reason": "the provided context discusses the Andes mountain range, which, while impressive, does not include Mount Everest or directly relate to the question about the world\'s tallest mountain.", "verdict": "0"}\n\nquestion: In what school district is Governor John R. Rogers High School, named after John Rankin Rogers, located?\ncontext: Governor John R. Rogers High School is a high school in the Puyallup School District of Washington, United States. Commonly referred to as "Rogers" or "RHS," the high school is named after former Washington State governor John Rankin Rogers. It was first opened in 1968.\nanswer: Governor John R. Rogers High School, named after John Rankin Rogers, is located in the Puyallup School District of Washington, United States.\nverification: \n'}]

RAW RESPONSE:
{
  "reason": "The provided context directly answers the question by stating that Governor John R. Rogers High School is located in the Puyallup School District of Washington, United States.",
   "verdict": "1"
}
==================================================
=== SYNC GENERATE ===
PROMPT:
[{'role': 'user', 'content': 'Generate a question for the given answer and Identify if answer is noncommittal. Give noncommittal as 1 if the answer is noncommittal and 0 if the answer is committal. A noncommittal answer is one that is evasive, vague, or ambiguous. For example, "I don\'t know" or "I\'m not sure" are noncommittal answers.\nOutput in only valid JSON format.\n\nanswer: "Albert Einstein was born in Germany."\ncontext: "Albert Einstein was a German-born theoretical physicist who is widely held to be one of the greatest and most influential scientists of all time"\noutput: {"question": "Where was Albert Einstein born?", "noncommittal": 0}\n\nanswer: "It can change its skin color based on the temperature of its environment."\ncontext: "A recent scientific study has discovered a new species of frog in the Amazon rainforest that has the unique ability to change its skin color based on the temperature of its environment."\noutput: {"question": "What unique ability does the newly discovered species of frog have?", "noncommittal": 0}\n\nanswer: "Everest"\ncontext: "The tallest mountain on Earth, measured from sea level, is a renowned peak located in the Himalayas."\noutput: {"question": "What is the tallest mountain on Earth?", "noncommittal": 0}\n\nanswer: "I don\'t know about the  groundbreaking feature of the smartphone invented in 2023 as am unaware of information beyond 2022. "\ncontext: "In 2023, a groundbreaking invention was announced: a smartphone with a battery life of one month, revolutionizing the way people use mobile technology."\noutput: {"question": "What was the groundbreaking feature of the smartphone invented in 2023?", "noncommittal": 1}\n\nanswer: Governor John R. Rogers High School, named after John Rankin Rogers, is located in the Puyallup School District of Washington, United States.\ncontext: Governor John R. Rogers High School is a high school in the Puyallup School District of Washington, United States. Commonly referred to as "Rogers" or "RHS," the high school is named after former Washington State governor John Rankin Rogers. It was first opened in 1968.\nGovernor John R. Rogers High School is a high school in the Puyallup School District of Washington, United States. Commonly referred to as "Rogers" or "RHS," the high school is named after former Washington State governor John Rankin Rogers. It was first opened in 1968.\nGovernor John R. Rogers High School is a high school in the Puyallup School District of Washington, United States. Commonly referred to as "Rogers" or "RHS," the high school is named after former Washington State governor John Rankin Rogers. It was first opened in 1968.\noutput: \n'}]

RAW RESPONSE:
{
  "question": "What is the name and location of the high school named after John Rankin Rogers?",
   "noncommittal": 0
}
==================================================
=== SYNC GENERATE ===
PROMPT:
[{'role': 'user', 'content': 'Create one or more statements from each sentence in the given answer.\nOutput in only valid JSON format.\n\nquestion: "Who was  Albert Einstein and what is he best known for?"\nanswer: "He was a German-born theoretical physicist, widely acknowledged to be one of the greatest and most influential physicists of all time. He was best known for developing the theory of relativity, he also made important contributions to the development of the theory of quantum mechanics."\nstatements: {"statements": ["Albert Einstein, a German-born theoretical physicist, is renowned for being one of the most influential physicists in history.", "Albert Einstein was best known for his theory of relativity.", "Einstein\'s contributions significantly advanced the field of quantum mechanics", "Recognized globally, Einstein\'s work has profoundly impacted the scientific community", "Einstein\'s groundbreaking theories continue to shape our understanding of physics today."]}\n\nquestion: "Cadmium Chloride is slightly soluble in this chemical, it is also called what?"\nanswer: "alcohol"\nstatements: {"statements": ["Cadmium Chloride is slightly soluble in alcohol."]}\n\nquestion: "Were Hitler and Benito Mussolini of the same nationality?"\nanswer: "Sorry, I can\'t provide answer to that question."\nstatements: {"statements": []}\n\nquestion: In what school district is Governor John R. Rogers High School, named after John Rankin Rogers, located?\nanswer: Governor John R. Rogers High School, named after John Rankin Rogers, is located in the Puyallup School District of Washington, United States.\nstatements: \n'}]

RAW RESPONSE:
{
  "statements": [
       "Governor John R. Rogers High School is located in the Puyallup School District.",
       "The Puyallup School District is in the state of Washington, United States.",
       "Governor John R. Rogers High School is named after John Rankin Rogers."
   ]
}
==================================================
=== SYNC GENERATE ===
PROMPT:
[{'role': 'user', 'content': 'Natural language inference. Use only \'Yes\' (1), \'No\' (0) and \'Null\' (-1) as verdict.\nOutput in only valid JSON format.\n\ncontext: "John is a student at XYZ University. He is pursuing a degree in Computer Science. He is enrolled in several courses this semester, including Data Structures, Algorithms, and Database Management. John is a diligent student and spends a significant amount of time studying and completing assignments. He often stays late in the library to work on his projects."\nstatements: "\\n            statement_1: John is majoring in Biology.\\n            statement_2: John is taking a course on Artificial Intelligence.\\n            statement_3: John is a dedicated student.\\n            statement_4: John has a part-time job.\\n            "\nanswer: [{"statement_1": "John is majoring in Biology.", "reason": "John\'s major is explicitly mentioned as Computer Science. There is no information suggesting he is majoring in Biology.", "verdict": "0"}, {"statement_2": "John is taking a course on Artificial Intelligence.", "reason": "The context mentions the courses John is currently enrolled in, and Artificial Intelligence is not mentioned. Therefore, it cannot be deduced that John is taking a course on AI.", "verdict": "0"}, {"statement_3": "John is a dedicated student.", "reason": "The context states that he spends a significant amount of time studying and completing assignments. Additionally, it mentions that he often stays late in the library to work on his projects, which implies dedication.", "verdict": "1"}, {"statement_4": "John has a part-time job.", "reason": "There is no information given in the context about John having a part-time job.", "verdict": "0"}]\n\ncontext: "Photosynthesis is a process used by plants, algae, and certain bacteria to convert light energy into chemical energy."\nstatements: "statement_1: Albert Einstein was a genius."\nanswer: {"statement_1": "Albert Einstein was a genius.", "reason": "The context and statement are unrelated", "verdict": "0"}\n\ncontext: "Albert Einstein was a German-born theoretical physicist who is widely held to be one of the greatest and most influential scientists of all time."\nstatements: "statement_1: Nil"\nanswer: {"statement_1": "Nil", "reason": "The statement is invalid", "verdict": "-1"}\n\ncontext: Governor John R. Rogers High School is a high school in the Puyallup School District of Washington, United States. Commonly referred to as "Rogers" or "RHS," the high school is named after former Washington State governor John Rankin Rogers. It was first opened in 1968.\nGovernor John R. Rogers High School is a high school in the Puyallup School District of Washington, United States. Commonly referred to as "Rogers" or "RHS," the high school is named after former Washington State governor John Rankin Rogers. It was first opened in 1968.\nGovernor John R. Rogers High School is a high school in the Puyallup School District of Washington, United States. Commonly referred to as "Rogers" or "RHS," the high school is named after former Washington State governor John Rankin Rogers. It was first opened in 1968.\nstatements: statement_1: Governor John R. Rogers High School is located in the Puyallup School District.\nstatement_2: The Puyallup School District is in the state of Washington, United States.\nstatement_3: Governor John R. Rogers High School is named after John Rankin Rogers.\nanswer: \n'}]

RAW RESPONSE:
[
{
  "statement_1": "Governor John R. Rogers High School is located in the Puyallup School District.",
   "reason": "The context explicitly states that Governor John R. Rogers High School is in the Puyallup School District of Washington, United States.",
   "verdict": 1
},
{
   "statement_2": "The Puyallup School District is in the state of Washington, United States.",
   "reason": "The context mentions that Governor John R. Rogers High School is in the Puyallup School District of Washington, United States, which implies the district is also in Washington, United States.",
   "verdict": 1
},
{
   "statement_3": "Governor John R. Rogers High School is named after John Rankin Rogers.",
   "reason": "The context states that the high school is named after former Washington State governor John Rankin Rogers.",
   "verdict": 1
}
]
==================================================
=== SYNC GENERATE ===
PROMPT:
[{'role': 'user', 'content': 'Create one or more statements from each sentence in the given answer.\nOutput in only valid JSON format.\n\nquestion: "Who was  Albert Einstein and what is he best known for?"\nanswer: "He was a German-born theoretical physicist, widely acknowledged to be one of the greatest and most influential physicists of all time. He was best known for developing the theory of relativity, he also made important contributions to the development of the theory of quantum mechanics."\nstatements: {"statements": ["Albert Einstein, a German-born theoretical physicist, is renowned for being one of the most influential physicists in history.", "Albert Einstein was best known for his theory of relativity.", "Einstein\'s contributions significantly advanced the field of quantum mechanics", "Recognized globally, Einstein\'s work has profoundly impacted the scientific community", "Einstein\'s groundbreaking theories continue to shape our understanding of physics today."]}\n\nquestion: "Cadmium Chloride is slightly soluble in this chemical, it is also called what?"\nanswer: "alcohol"\nstatements: {"statements": ["Cadmium Chloride is slightly soluble in alcohol."]}\n\nquestion: "Were Hitler and Benito Mussolini of the same nationality?"\nanswer: "Sorry, I can\'t provide answer to that question."\nstatements: {"statements": []}\n\nquestion: whiich Australian racing driver won the 44-lap race for the Red Bull Racing team?\nanswer: Daniel Ricciardo won the 44-lap race for the Red Bull Racing team.\nstatements: \n'}]

RAW RESPONSE:
{
  "statements": [
       "Daniel Ricciardo, an Australian racing driver, won the 44-lap race.",
       "The Red Bull Racing team was victorious in the 44-lap race with Daniel Ricciardo as the driver."
   ]
}
==================================================
=== SYNC GENERATE ===
PROMPT:
[{'role': 'user', 'content': 'Given question, answer and context verify if the context was useful in arriving at the given answer. Give verdict as "1" if useful and "0" if not with json output. \nOutput in only valid JSON format.\n\nquestion: "What can you tell me about albert Albert Einstein?"\ncontext: "Albert Einstein (14 March 1879 – 18 April 1955) was a German-born theoretical physicist, widely held to be one of the greatest and most influential scientists of all time. Best known for developing the theory of relativity, he also made important contributions to quantum mechanics, and was thus a central figure in the revolutionary reshaping of the scientific understanding of nature that modern physics accomplished in the first decades of the twentieth century. His mass–energy equivalence formula E = mc2, which arises from relativity theory, has been called \\"the world\'s most famous equation\\". He received the 1921 Nobel Prize in Physics \\"for his services to theoretical physics, and especially for his discovery of the law of the photoelectric effect\\", a pivotal step in the development of quantum theory. His work is also known for its influence on the philosophy of science. In a 1999 poll of 130 leading physicists worldwide by the British journal Physics World, Einstein was ranked the greatest physicist of all time. His intellectual achievements and originality have made Einstein synonymous with genius."\nanswer: "Albert Einstein born in 14 March 1879 was German-born theoretical physicist, widely held to be one of the greatest and most influential scientists of all time. He received the 1921 Nobel Prize in Physics for his services to theoretical physics. He published 4 papers in 1905. Einstein moved to Switzerland in 1895"\nverification: {"reason": "The provided context was indeed useful in arriving at the given answer. The context includes key information about Albert Einstein\'s life and contributions, which are reflected in the answer.", "verdict": "1"}\n\nquestion: "who won 2020 icc world cup?"\ncontext: "The 2022 ICC Men\'s T20 World Cup, held from October 16 to November 13, 2022, in Australia, was the eighth edition of the tournament. Originally scheduled for 2020, it was postponed due to the COVID-19 pandemic. England emerged victorious, defeating Pakistan by five wickets in the final to clinch their second ICC Men\'s T20 World Cup title."\nanswer: "England"\nverification: {"reason": "the context was useful in clarifying the situation regarding the 2020 ICC World Cup and indicating that England was the winner of the tournament that was intended to be held in 2020 but actually took place in 2022.", "verdict": "1"}\n\nquestion: "What is the tallest mountain in the world?"\ncontext: "The Andes is the longest continental mountain range in the world, located in South America. It stretches across seven countries and features many of the highest peaks in the Western Hemisphere. The range is known for its diverse ecosystems, including the high-altitude Andean Plateau and the Amazon rainforest."\nanswer: "Mount Everest."\nverification: {"reason": "the provided context discusses the Andes mountain range, which, while impressive, does not include Mount Everest or directly relate to the question about the world\'s tallest mountain.", "verdict": "0"}\n\nquestion: whiich Australian racing driver won the 44-lap race for the Red Bull Racing team?\ncontext: The 2014 Belgian Grand Prix (formally the 2014 Formula 1 Shell Belgian Grand Prix) was a Formula One motor race held on 24 August 2014 at the Circuit de Spa-Francorchamps in Spa, Belgium. It was the twelfth round of the 2014 Formula One season, and the 70th Belgian Grand Prix. The 44-lap race was won by Daniel Ricciardo for the Red Bull Racing team, after starting from fifth position. Nico Rosberg finished second in a Mercedes, with Valtteri Bottas third for the Williams team.\nanswer: Daniel Ricciardo won the 44-lap race for the Red Bull Racing team.\nverification: \n'}]

RAW RESPONSE:
{
  "reason": "The provided context directly answers the question by stating that Daniel Ricciardo won the 44-lap race for the Red Bull Racing team.",
   "verdict": "1"
}
==================================================
=== SYNC GENERATE ===
PROMPT:
[{'role': 'user', 'content': 'Generate a question for the given answer and Identify if answer is noncommittal. Give noncommittal as 1 if the answer is noncommittal and 0 if the answer is committal. A noncommittal answer is one that is evasive, vague, or ambiguous. For example, "I don\'t know" or "I\'m not sure" are noncommittal answers.\nOutput in only valid JSON format.\n\nanswer: "Albert Einstein was born in Germany."\ncontext: "Albert Einstein was a German-born theoretical physicist who is widely held to be one of the greatest and most influential scientists of all time"\noutput: {"question": "Where was Albert Einstein born?", "noncommittal": 0}\n\nanswer: "It can change its skin color based on the temperature of its environment."\ncontext: "A recent scientific study has discovered a new species of frog in the Amazon rainforest that has the unique ability to change its skin color based on the temperature of its environment."\noutput: {"question": "What unique ability does the newly discovered species of frog have?", "noncommittal": 0}\n\nanswer: "Everest"\ncontext: "The tallest mountain on Earth, measured from sea level, is a renowned peak located in the Himalayas."\noutput: {"question": "What is the tallest mountain on Earth?", "noncommittal": 0}\n\nanswer: "I don\'t know about the  groundbreaking feature of the smartphone invented in 2023 as am unaware of information beyond 2022. "\ncontext: "In 2023, a groundbreaking invention was announced: a smartphone with a battery life of one month, revolutionizing the way people use mobile technology."\noutput: {"question": "What was the groundbreaking feature of the smartphone invented in 2023?", "noncommittal": 1}\n\nanswer: Daniel Ricciardo won the 44-lap race for the Red Bull Racing team.\ncontext: The 2014 Belgian Grand Prix (formally the 2014 Formula 1 Shell Belgian Grand Prix) was a Formula One motor race held on 24 August 2014 at the Circuit de Spa-Francorchamps in Spa, Belgium. It was the twelfth round of the 2014 Formula One season, and the 70th Belgian Grand Prix. The 44-lap race was won by Daniel Ricciardo for the Red Bull Racing team, after starting from fifth position. Nico Rosberg finished second in a Mercedes, with Valtteri Bottas third for the Williams team.\nThe 2014 Belgian Grand Prix (formally the 2014 Formula 1 Shell Belgian Grand Prix) was a Formula One motor race held on 24 August 2014 at the Circuit de Spa-Francorchamps in Spa, Belgium. It was the twelfth round of the 2014 Formula One season, and the 70th Belgian Grand Prix. The 44-lap race was won by Daniel Ricciardo for the Red Bull Racing team, after starting from fifth position. Nico Rosberg finished second in a Mercedes, with Valtteri Bottas third for the Williams team.\nThe 2014 Belgian Grand Prix (formally the 2014 Formula 1 Shell Belgian Grand Prix) was a Formula One motor race held on 24 August 2014 at the Circuit de Spa-Francorchamps in Spa, Belgium. It was the twelfth round of the 2014 Formula One season, and the 70th Belgian Grand Prix. The 44-lap race was won by Daniel Ricciardo for the Red Bull Racing team, after starting from fifth position. Nico Rosberg finished second in a Mercedes, with Valtteri Bottas third for the Williams team.\noutput: \n'}]

RAW RESPONSE:
{
  "question": "Who won the 44-lap race for the Red Bull Racing team?",
   "noncommittal": 0
}
==================================================
=== SYNC GENERATE ===
PROMPT:
[{'role': 'user', 'content': 'Natural language inference. Use only \'Yes\' (1), \'No\' (0) and \'Null\' (-1) as verdict.\nOutput in only valid JSON format.\n\ncontext: "John is a student at XYZ University. He is pursuing a degree in Computer Science. He is enrolled in several courses this semester, including Data Structures, Algorithms, and Database Management. John is a diligent student and spends a significant amount of time studying and completing assignments. He often stays late in the library to work on his projects."\nstatements: "\\n            statement_1: John is majoring in Biology.\\n            statement_2: John is taking a course on Artificial Intelligence.\\n            statement_3: John is a dedicated student.\\n            statement_4: John has a part-time job.\\n            "\nanswer: [{"statement_1": "John is majoring in Biology.", "reason": "John\'s major is explicitly mentioned as Computer Science. There is no information suggesting he is majoring in Biology.", "verdict": "0"}, {"statement_2": "John is taking a course on Artificial Intelligence.", "reason": "The context mentions the courses John is currently enrolled in, and Artificial Intelligence is not mentioned. Therefore, it cannot be deduced that John is taking a course on AI.", "verdict": "0"}, {"statement_3": "John is a dedicated student.", "reason": "The context states that he spends a significant amount of time studying and completing assignments. Additionally, it mentions that he often stays late in the library to work on his projects, which implies dedication.", "verdict": "1"}, {"statement_4": "John has a part-time job.", "reason": "There is no information given in the context about John having a part-time job.", "verdict": "0"}]\n\ncontext: "Photosynthesis is a process used by plants, algae, and certain bacteria to convert light energy into chemical energy."\nstatements: "statement_1: Albert Einstein was a genius."\nanswer: {"statement_1": "Albert Einstein was a genius.", "reason": "The context and statement are unrelated", "verdict": "0"}\n\ncontext: "Albert Einstein was a German-born theoretical physicist who is widely held to be one of the greatest and most influential scientists of all time."\nstatements: "statement_1: Nil"\nanswer: {"statement_1": "Nil", "reason": "The statement is invalid", "verdict": "-1"}\n\ncontext: The 2014 Belgian Grand Prix (formally the 2014 Formula 1 Shell Belgian Grand Prix) was a Formula One motor race held on 24 August 2014 at the Circuit de Spa-Francorchamps in Spa, Belgium. It was the twelfth round of the 2014 Formula One season, and the 70th Belgian Grand Prix. The 44-lap race was won by Daniel Ricciardo for the Red Bull Racing team, after starting from fifth position. Nico Rosberg finished second in a Mercedes, with Valtteri Bottas third for the Williams team.\nThe 2014 Belgian Grand Prix (formally the 2014 Formula 1 Shell Belgian Grand Prix) was a Formula One motor race held on 24 August 2014 at the Circuit de Spa-Francorchamps in Spa, Belgium. It was the twelfth round of the 2014 Formula One season, and the 70th Belgian Grand Prix. The 44-lap race was won by Daniel Ricciardo for the Red Bull Racing team, after starting from fifth position. Nico Rosberg finished second in a Mercedes, with Valtteri Bottas third for the Williams team.\nThe 2014 Belgian Grand Prix (formally the 2014 Formula 1 Shell Belgian Grand Prix) was a Formula One motor race held on 24 August 2014 at the Circuit de Spa-Francorchamps in Spa, Belgium. It was the twelfth round of the 2014 Formula One season, and the 70th Belgian Grand Prix. The 44-lap race was won by Daniel Ricciardo for the Red Bull Racing team, after starting from fifth position. Nico Rosberg finished second in a Mercedes, with Valtteri Bottas third for the Williams team.\nstatements: statement_1: Daniel Ricciardo, an Australian racing driver, won the 44-lap race.\nstatement_2: The Red Bull Racing team was victorious in the 44-lap race with Daniel Ricciardo as the driver.\nanswer: \n'}]

RAW RESPONSE:
[
{
  "statement_1": "Daniel Ricciardo, an Australian racing driver, won the 44-lap race.",
   "reason": "The context confirms that Daniel Ricciardo won the 44-lap race, but it does not mention his nationality. However, the statement about winning the race is true.",
   "verdict": "1"
},
{
   "statement_2": "The Red Bull Racing team was victorious in the 44-lap race with Daniel Ricciardo as the driver.",
   "reason": "The context explicitly states that Daniel Ricciardo won the 44-lap race for the Red Bull Racing team.",
   "verdict": "1"
}
]
==================================================
=== SYNC GENERATE ===
PROMPT:
[{'role': 'user', 'content': 'Create one or more statements from each sentence in the given answer.\nOutput in only valid JSON format.\n\nquestion: "Who was  Albert Einstein and what is he best known for?"\nanswer: "He was a German-born theoretical physicist, widely acknowledged to be one of the greatest and most influential physicists of all time. He was best known for developing the theory of relativity, he also made important contributions to the development of the theory of quantum mechanics."\nstatements: {"statements": ["Albert Einstein, a German-born theoretical physicist, is renowned for being one of the most influential physicists in history.", "Albert Einstein was best known for his theory of relativity.", "Einstein\'s contributions significantly advanced the field of quantum mechanics", "Recognized globally, Einstein\'s work has profoundly impacted the scientific community", "Einstein\'s groundbreaking theories continue to shape our understanding of physics today."]}\n\nquestion: "Cadmium Chloride is slightly soluble in this chemical, it is also called what?"\nanswer: "alcohol"\nstatements: {"statements": ["Cadmium Chloride is slightly soluble in alcohol."]}\n\nquestion: "Were Hitler and Benito Mussolini of the same nationality?"\nanswer: "Sorry, I can\'t provide answer to that question."\nstatements: {"statements": []}\n\nquestion: What star of Parks and Recreation appeared in November?\nanswer: Nick Offerman, who played the role of Ron Swanson in "Parks and Recreation", appeared in the film November.\nstatements: \n'}]

RAW RESPONSE:
{
  "statements": [
       "Nick Offerman, who played Ron Swanson, appeared in the film November.",
       "Ron Swanson, a character from Parks and Recreation, was portrayed by Nick Offerman, who appeared in the film November."
   ]
}
==================================================
=== SYNC GENERATE ===
PROMPT:
[{'role': 'user', 'content': 'Generate a question for the given answer and Identify if answer is noncommittal. Give noncommittal as 1 if the answer is noncommittal and 0 if the answer is committal. A noncommittal answer is one that is evasive, vague, or ambiguous. For example, "I don\'t know" or "I\'m not sure" are noncommittal answers.\nOutput in only valid JSON format.\n\nanswer: "Albert Einstein was born in Germany."\ncontext: "Albert Einstein was a German-born theoretical physicist who is widely held to be one of the greatest and most influential scientists of all time"\noutput: {"question": "Where was Albert Einstein born?", "noncommittal": 0}\n\nanswer: "It can change its skin color based on the temperature of its environment."\ncontext: "A recent scientific study has discovered a new species of frog in the Amazon rainforest that has the unique ability to change its skin color based on the temperature of its environment."\noutput: {"question": "What unique ability does the newly discovered species of frog have?", "noncommittal": 0}\n\nanswer: "Everest"\ncontext: "The tallest mountain on Earth, measured from sea level, is a renowned peak located in the Himalayas."\noutput: {"question": "What is the tallest mountain on Earth?", "noncommittal": 0}\n\nanswer: "I don\'t know about the  groundbreaking feature of the smartphone invented in 2023 as am unaware of information beyond 2022. "\ncontext: "In 2023, a groundbreaking invention was announced: a smartphone with a battery life of one month, revolutionizing the way people use mobile technology."\noutput: {"question": "What was the groundbreaking feature of the smartphone invented in 2023?", "noncommittal": 1}\n\nanswer: Nick Offerman, who played the role of Ron Swanson in "Parks and Recreation", appeared in the film November.\ncontext: Nicholas "Nick" Offerman (born June 26, 1970) is an American actor, voice actor, producer, writer, comedian and carpenter widely known for his breakout role as Ron Swanson in the acclaimed NBC sitcom "Parks and Recreation", for which he received the Television Critics Association Award for Individual Achievement in Comedy. His first major television role since the end of "Parks and Recreation" was his role as Karl Weathers in the FX series "Fargo", for which he received a Critics\' Choice Television Award nomination for Best Supporting Actor in a Movie/Miniseries and Gavin in the Ice Age franchise.\nNicholas "Nick" Offerman (born June 26, 1970) is an American actor, voice actor, producer, writer, comedian and carpenter widely known for his breakout role as Ron Swanson in the acclaimed NBC sitcom "Parks and Recreation", for which he received the Television Critics Association Award for Individual Achievement in Comedy. His first major television role since the end of "Parks and Recreation" was his role as Karl Weathers in the FX series "Fargo", for which he received a Critics\' Choice Television Award nomination for Best Supporting Actor in a Movie/Miniseries and Gavin in the Ice Age franchise.\nNicholas "Nick" Offerman (born June 26, 1970) is an American actor, voice actor, producer, writer, comedian and carpenter widely known for his breakout role as Ron Swanson in the acclaimed NBC sitcom "Parks and Recreation", for which he received the Television Critics Association Award for Individual Achievement in Comedy. His first major television role since the end of "Parks and Recreation" was his role as Karl Weathers in the FX series "Fargo", for which he received a Critics\' Choice Television Award nomination for Best Supporting Actor in a Movie/Miniseries and Gavin in the Ice Age franchise.\noutput: \n'}]

RAW RESPONSE:
{
  "question": "Who appeared in the film November?",
   "noncommittal": 0
}
==================================================
=== SYNC GENERATE ===
PROMPT:
[{'role': 'user', 'content': 'Natural language inference. Use only \'Yes\' (1), \'No\' (0) and \'Null\' (-1) as verdict.\nOutput in only valid JSON format.\n\ncontext: "John is a student at XYZ University. He is pursuing a degree in Computer Science. He is enrolled in several courses this semester, including Data Structures, Algorithms, and Database Management. John is a diligent student and spends a significant amount of time studying and completing assignments. He often stays late in the library to work on his projects."\nstatements: "\\n            statement_1: John is majoring in Biology.\\n            statement_2: John is taking a course on Artificial Intelligence.\\n            statement_3: John is a dedicated student.\\n            statement_4: John has a part-time job.\\n            "\nanswer: [{"statement_1": "John is majoring in Biology.", "reason": "John\'s major is explicitly mentioned as Computer Science. There is no information suggesting he is majoring in Biology.", "verdict": "0"}, {"statement_2": "John is taking a course on Artificial Intelligence.", "reason": "The context mentions the courses John is currently enrolled in, and Artificial Intelligence is not mentioned. Therefore, it cannot be deduced that John is taking a course on AI.", "verdict": "0"}, {"statement_3": "John is a dedicated student.", "reason": "The context states that he spends a significant amount of time studying and completing assignments. Additionally, it mentions that he often stays late in the library to work on his projects, which implies dedication.", "verdict": "1"}, {"statement_4": "John has a part-time job.", "reason": "There is no information given in the context about John having a part-time job.", "verdict": "0"}]\n\ncontext: "Photosynthesis is a process used by plants, algae, and certain bacteria to convert light energy into chemical energy."\nstatements: "statement_1: Albert Einstein was a genius."\nanswer: {"statement_1": "Albert Einstein was a genius.", "reason": "The context and statement are unrelated", "verdict": "0"}\n\ncontext: "Albert Einstein was a German-born theoretical physicist who is widely held to be one of the greatest and most influential scientists of all time."\nstatements: "statement_1: Nil"\nanswer: {"statement_1": "Nil", "reason": "The statement is invalid", "verdict": "-1"}\n\ncontext: Nicholas "Nick" Offerman (born June 26, 1970) is an American actor, voice actor, producer, writer, comedian and carpenter widely known for his breakout role as Ron Swanson in the acclaimed NBC sitcom "Parks and Recreation", for which he received the Television Critics Association Award for Individual Achievement in Comedy. His first major television role since the end of "Parks and Recreation" was his role as Karl Weathers in the FX series "Fargo", for which he received a Critics\' Choice Television Award nomination for Best Supporting Actor in a Movie/Miniseries and Gavin in the Ice Age franchise.\nNicholas "Nick" Offerman (born June 26, 1970) is an American actor, voice actor, producer, writer, comedian and carpenter widely known for his breakout role as Ron Swanson in the acclaimed NBC sitcom "Parks and Recreation", for which he received the Television Critics Association Award for Individual Achievement in Comedy. His first major television role since the end of "Parks and Recreation" was his role as Karl Weathers in the FX series "Fargo", for which he received a Critics\' Choice Television Award nomination for Best Supporting Actor in a Movie/Miniseries and Gavin in the Ice Age franchise.\nNicholas "Nick" Offerman (born June 26, 1970) is an American actor, voice actor, producer, writer, comedian and carpenter widely known for his breakout role as Ron Swanson in the acclaimed NBC sitcom "Parks and Recreation", for which he received the Television Critics Association Award for Individual Achievement in Comedy. His first major television role since the end of "Parks and Recreation" was his role as Karl Weathers in the FX series "Fargo", for which he received a Critics\' Choice Television Award nomination for Best Supporting Actor in a Movie/Miniseries and Gavin in the Ice Age franchise.\nstatements: statement_1: Nick Offerman, who played Ron Swanson, appeared in the film November.\nstatement_2: Ron Swanson, a character from Parks and Recreation, was portrayed by Nick Offerman, who appeared in the film November.\nanswer: \n'}]

RAW RESPONSE:
{
  "statement_1": "Nick Offerman, who played Ron Swanson, appeared in the film November.",
   "reason": "There is no information in the context about Nick Offerman appearing in the film November.",
   "verdict": "0"
}
==================================================
=== SYNC GENERATE ===
PROMPT:
[{'role': 'user', 'content': 'Given question, answer and context verify if the context was useful in arriving at the given answer. Give verdict as "1" if useful and "0" if not with json output. \nOutput in only valid JSON format.\n\nquestion: "What can you tell me about albert Albert Einstein?"\ncontext: "Albert Einstein (14 March 1879 – 18 April 1955) was a German-born theoretical physicist, widely held to be one of the greatest and most influential scientists of all time. Best known for developing the theory of relativity, he also made important contributions to quantum mechanics, and was thus a central figure in the revolutionary reshaping of the scientific understanding of nature that modern physics accomplished in the first decades of the twentieth century. His mass–energy equivalence formula E = mc2, which arises from relativity theory, has been called \\"the world\'s most famous equation\\". He received the 1921 Nobel Prize in Physics \\"for his services to theoretical physics, and especially for his discovery of the law of the photoelectric effect\\", a pivotal step in the development of quantum theory. His work is also known for its influence on the philosophy of science. In a 1999 poll of 130 leading physicists worldwide by the British journal Physics World, Einstein was ranked the greatest physicist of all time. His intellectual achievements and originality have made Einstein synonymous with genius."\nanswer: "Albert Einstein born in 14 March 1879 was German-born theoretical physicist, widely held to be one of the greatest and most influential scientists of all time. He received the 1921 Nobel Prize in Physics for his services to theoretical physics. He published 4 papers in 1905. Einstein moved to Switzerland in 1895"\nverification: {"reason": "The provided context was indeed useful in arriving at the given answer. The context includes key information about Albert Einstein\'s life and contributions, which are reflected in the answer.", "verdict": "1"}\n\nquestion: "who won 2020 icc world cup?"\ncontext: "The 2022 ICC Men\'s T20 World Cup, held from October 16 to November 13, 2022, in Australia, was the eighth edition of the tournament. Originally scheduled for 2020, it was postponed due to the COVID-19 pandemic. England emerged victorious, defeating Pakistan by five wickets in the final to clinch their second ICC Men\'s T20 World Cup title."\nanswer: "England"\nverification: {"reason": "the context was useful in clarifying the situation regarding the 2020 ICC World Cup and indicating that England was the winner of the tournament that was intended to be held in 2020 but actually took place in 2022.", "verdict": "1"}\n\nquestion: "What is the tallest mountain in the world?"\ncontext: "The Andes is the longest continental mountain range in the world, located in South America. It stretches across seven countries and features many of the highest peaks in the Western Hemisphere. The range is known for its diverse ecosystems, including the high-altitude Andean Plateau and the Amazon rainforest."\nanswer: "Mount Everest."\nverification: {"reason": "the provided context discusses the Andes mountain range, which, while impressive, does not include Mount Everest or directly relate to the question about the world\'s tallest mountain.", "verdict": "0"}\n\nquestion: What star of Parks and Recreation appeared in November?\ncontext: Nicholas "Nick" Offerman (born June 26, 1970) is an American actor, voice actor, producer, writer, comedian and carpenter widely known for his breakout role as Ron Swanson in the acclaimed NBC sitcom "Parks and Recreation", for which he received the Television Critics Association Award for Individual Achievement in Comedy. His first major television role since the end of "Parks and Recreation" was his role as Karl Weathers in the FX series "Fargo", for which he received a Critics\' Choice Television Award nomination for Best Supporting Actor in a Movie/Miniseries and Gavin in the Ice Age franchise.\nanswer: Nick Offerman, who played the role of Ron Swanson in "Parks and Recreation", appeared in the film November.\nverification: \n'}]

RAW RESPONSE:
{
  "reason": "The provided context includes key information about Nick Offerman, including his role as Ron Swanson in 'Parks and Recreation', which directly relates to the question and is reflected in the answer.",
   "verdict": "1"
}
==================================================
=== SYNC GENERATE ===
PROMPT:
[{'role': 'user', 'content': 'Generate a question for the given answer and Identify if answer is noncommittal. Give noncommittal as 1 if the answer is noncommittal and 0 if the answer is committal. A noncommittal answer is one that is evasive, vague, or ambiguous. For example, "I don\'t know" or "I\'m not sure" are noncommittal answers.\nOutput in only valid JSON format.\n\nanswer: "Albert Einstein was born in Germany."\ncontext: "Albert Einstein was a German-born theoretical physicist who is widely held to be one of the greatest and most influential scientists of all time"\noutput: {"question": "Where was Albert Einstein born?", "noncommittal": 0}\n\nanswer: "It can change its skin color based on the temperature of its environment."\ncontext: "A recent scientific study has discovered a new species of frog in the Amazon rainforest that has the unique ability to change its skin color based on the temperature of its environment."\noutput: {"question": "What unique ability does the newly discovered species of frog have?", "noncommittal": 0}\n\nanswer: "Everest"\ncontext: "The tallest mountain on Earth, measured from sea level, is a renowned peak located in the Himalayas."\noutput: {"question": "What is the tallest mountain on Earth?", "noncommittal": 0}\n\nanswer: "I don\'t know about the  groundbreaking feature of the smartphone invented in 2023 as am unaware of information beyond 2022. "\ncontext: "In 2023, a groundbreaking invention was announced: a smartphone with a battery life of one month, revolutionizing the way people use mobile technology."\noutput: {"question": "What was the groundbreaking feature of the smartphone invented in 2023?", "noncommittal": 1}\n\nanswer: Governor John R. Rogers High School, named after John Rankin Rogers, is located in the Puyallup School District of Washington, United States.\ncontext: Governor John R. Rogers High School is a high school in the Puyallup School District of Washington, United States. Commonly referred to as "Rogers" or "RHS," the high school is named after former Washington State governor John Rankin Rogers. It was first opened in 1968.\nGovernor John R. Rogers High School is a high school in the Puyallup School District of Washington, United States. Commonly referred to as "Rogers" or "RHS," the high school is named after former Washington State governor John Rankin Rogers. It was first opened in 1968.\nGovernor John R. Rogers High School is a high school in the Puyallup School District of Washington, United States. Commonly referred to as "Rogers" or "RHS," the high school is named after former Washington State governor John Rankin Rogers. It was first opened in 1968.\noutput: \n'}]

RAW RESPONSE:
{
  "question": "What is the name and location of the high school named after John Rankin Rogers?",
   "noncommittal": 0
}
==================================================
=== SYNC GENERATE ===
PROMPT:
[{'role': 'user', 'content': 'Given question, answer and context verify if the context was useful in arriving at the given answer. Give verdict as "1" if useful and "0" if not with json output. \nOutput in only valid JSON format.\n\nquestion: "What can you tell me about albert Albert Einstein?"\ncontext: "Albert Einstein (14 March 1879 – 18 April 1955) was a German-born theoretical physicist, widely held to be one of the greatest and most influential scientists of all time. Best known for developing the theory of relativity, he also made important contributions to quantum mechanics, and was thus a central figure in the revolutionary reshaping of the scientific understanding of nature that modern physics accomplished in the first decades of the twentieth century. His mass–energy equivalence formula E = mc2, which arises from relativity theory, has been called \\"the world\'s most famous equation\\". He received the 1921 Nobel Prize in Physics \\"for his services to theoretical physics, and especially for his discovery of the law of the photoelectric effect\\", a pivotal step in the development of quantum theory. His work is also known for its influence on the philosophy of science. In a 1999 poll of 130 leading physicists worldwide by the British journal Physics World, Einstein was ranked the greatest physicist of all time. His intellectual achievements and originality have made Einstein synonymous with genius."\nanswer: "Albert Einstein born in 14 March 1879 was German-born theoretical physicist, widely held to be one of the greatest and most influential scientists of all time. He received the 1921 Nobel Prize in Physics for his services to theoretical physics. He published 4 papers in 1905. Einstein moved to Switzerland in 1895"\nverification: {"reason": "The provided context was indeed useful in arriving at the given answer. The context includes key information about Albert Einstein\'s life and contributions, which are reflected in the answer.", "verdict": "1"}\n\nquestion: "who won 2020 icc world cup?"\ncontext: "The 2022 ICC Men\'s T20 World Cup, held from October 16 to November 13, 2022, in Australia, was the eighth edition of the tournament. Originally scheduled for 2020, it was postponed due to the COVID-19 pandemic. England emerged victorious, defeating Pakistan by five wickets in the final to clinch their second ICC Men\'s T20 World Cup title."\nanswer: "England"\nverification: {"reason": "the context was useful in clarifying the situation regarding the 2020 ICC World Cup and indicating that England was the winner of the tournament that was intended to be held in 2020 but actually took place in 2022.", "verdict": "1"}\n\nquestion: "What is the tallest mountain in the world?"\ncontext: "The Andes is the longest continental mountain range in the world, located in South America. It stretches across seven countries and features many of the highest peaks in the Western Hemisphere. The range is known for its diverse ecosystems, including the high-altitude Andean Plateau and the Amazon rainforest."\nanswer: "Mount Everest."\nverification: {"reason": "the provided context discusses the Andes mountain range, which, while impressive, does not include Mount Everest or directly relate to the question about the world\'s tallest mountain.", "verdict": "0"}\n\nquestion: In what school district is Governor John R. Rogers High School, named after John Rankin Rogers, located?\ncontext: Governor John R. Rogers High School is a high school in the Puyallup School District of Washington, United States. Commonly referred to as "Rogers" or "RHS," the high school is named after former Washington State governor John Rankin Rogers. It was first opened in 1968.\nanswer: Governor John R. Rogers High School, named after John Rankin Rogers, is located in the Puyallup School District of Washington, United States.\nverification: \n'}]

RAW RESPONSE:
{
  "reason": "The provided context directly answers the question by stating that Governor John R. Rogers High School is located in the Puyallup School District of Washington, United States.",
   "verdict": "1"
}
==================================================
=== SYNC GENERATE ===
PROMPT:
[{'role': 'user', 'content': 'Create one or more statements from each sentence in the given answer.\nOutput in only valid JSON format.\n\nquestion: "Who was  Albert Einstein and what is he best known for?"\nanswer: "He was a German-born theoretical physicist, widely acknowledged to be one of the greatest and most influential physicists of all time. He was best known for developing the theory of relativity, he also made important contributions to the development of the theory of quantum mechanics."\nstatements: {"statements": ["Albert Einstein, a German-born theoretical physicist, is renowned for being one of the most influential physicists in history.", "Albert Einstein was best known for his theory of relativity.", "Einstein\'s contributions significantly advanced the field of quantum mechanics", "Recognized globally, Einstein\'s work has profoundly impacted the scientific community", "Einstein\'s groundbreaking theories continue to shape our understanding of physics today."]}\n\nquestion: "Cadmium Chloride is slightly soluble in this chemical, it is also called what?"\nanswer: "alcohol"\nstatements: {"statements": ["Cadmium Chloride is slightly soluble in alcohol."]}\n\nquestion: "Were Hitler and Benito Mussolini of the same nationality?"\nanswer: "Sorry, I can\'t provide answer to that question."\nstatements: {"statements": []}\n\nquestion: In what school district is Governor John R. Rogers High School, named after John Rankin Rogers, located?\nanswer: Governor John R. Rogers High School, named after John Rankin Rogers, is located in the Puyallup School District of Washington, United States.\nstatements: \n'}]

RAW RESPONSE:
{
  "statements": [
       "Governor John R. Rogers High School is located in the Puyallup School District.",
       "The Puyallup School District is in the state of Washington, United States.",
       "Governor John R. Rogers High School is named after John Rankin Rogers."
   ]
}
==================================================
=== SYNC GENERATE ===
PROMPT:
[{'role': 'user', 'content': 'Natural language inference. Use only \'Yes\' (1), \'No\' (0) and \'Null\' (-1) as verdict.\nOutput in only valid JSON format.\n\ncontext: "John is a student at XYZ University. He is pursuing a degree in Computer Science. He is enrolled in several courses this semester, including Data Structures, Algorithms, and Database Management. John is a diligent student and spends a significant amount of time studying and completing assignments. He often stays late in the library to work on his projects."\nstatements: "\\n            statement_1: John is majoring in Biology.\\n            statement_2: John is taking a course on Artificial Intelligence.\\n            statement_3: John is a dedicated student.\\n            statement_4: John has a part-time job.\\n            "\nanswer: [{"statement_1": "John is majoring in Biology.", "reason": "John\'s major is explicitly mentioned as Computer Science. There is no information suggesting he is majoring in Biology.", "verdict": "0"}, {"statement_2": "John is taking a course on Artificial Intelligence.", "reason": "The context mentions the courses John is currently enrolled in, and Artificial Intelligence is not mentioned. Therefore, it cannot be deduced that John is taking a course on AI.", "verdict": "0"}, {"statement_3": "John is a dedicated student.", "reason": "The context states that he spends a significant amount of time studying and completing assignments. Additionally, it mentions that he often stays late in the library to work on his projects, which implies dedication.", "verdict": "1"}, {"statement_4": "John has a part-time job.", "reason": "There is no information given in the context about John having a part-time job.", "verdict": "0"}]\n\ncontext: "Photosynthesis is a process used by plants, algae, and certain bacteria to convert light energy into chemical energy."\nstatements: "statement_1: Albert Einstein was a genius."\nanswer: {"statement_1": "Albert Einstein was a genius.", "reason": "The context and statement are unrelated", "verdict": "0"}\n\ncontext: "Albert Einstein was a German-born theoretical physicist who is widely held to be one of the greatest and most influential scientists of all time."\nstatements: "statement_1: Nil"\nanswer: {"statement_1": "Nil", "reason": "The statement is invalid", "verdict": "-1"}\n\ncontext: Governor John R. Rogers High School is a high school in the Puyallup School District of Washington, United States. Commonly referred to as "Rogers" or "RHS," the high school is named after former Washington State governor John Rankin Rogers. It was first opened in 1968.\nGovernor John R. Rogers High School is a high school in the Puyallup School District of Washington, United States. Commonly referred to as "Rogers" or "RHS," the high school is named after former Washington State governor John Rankin Rogers. It was first opened in 1968.\nGovernor John R. Rogers High School is a high school in the Puyallup School District of Washington, United States. Commonly referred to as "Rogers" or "RHS," the high school is named after former Washington State governor John Rankin Rogers. It was first opened in 1968.\nstatements: statement_1: Governor John R. Rogers High School is located in the Puyallup School District.\nstatement_2: The Puyallup School District is in the state of Washington, United States.\nstatement_3: Governor John R. Rogers High School is named after John Rankin Rogers.\nanswer: \n'}]

RAW RESPONSE:
[
{
  "statement_1": "Governor John R. Rogers High School is located in the Puyallup School District.",
   "reason": "The context explicitly states that Governor John R. Rogers High School is in the Puyallup School District of Washington, United States.",
   "verdict": 1
},
{
   "statement_2": "The Puyallup School District is in the state of Washington, United States.",
   "reason": "The context mentions that Governor John R. Rogers High School is in the Puyallup School District of Washington, United States, which implies the district is also in Washington, United States.",
   "verdict": 1
},
{
   "statement_3": "Governor John R. Rogers High School is named after John Rankin Rogers.",
   "reason": "The context states that the high school is named after former Washington State governor John Rankin Rogers.",
   "verdict": 1
}
]
==================================================
=== SYNC GENERATE ===
PROMPT:
[{'role': 'user', 'content': 'Generate a question for the given answer and Identify if answer is noncommittal. Give noncommittal as 1 if the answer is noncommittal and 0 if the answer is committal. A noncommittal answer is one that is evasive, vague, or ambiguous. For example, "I don\'t know" or "I\'m not sure" are noncommittal answers.\nOutput in only valid JSON format.\n\nanswer: "Albert Einstein was born in Germany."\ncontext: "Albert Einstein was a German-born theoretical physicist who is widely held to be one of the greatest and most influential scientists of all time"\noutput: {"question": "Where was Albert Einstein born?", "noncommittal": 0}\n\nanswer: "It can change its skin color based on the temperature of its environment."\ncontext: "A recent scientific study has discovered a new species of frog in the Amazon rainforest that has the unique ability to change its skin color based on the temperature of its environment."\noutput: {"question": "What unique ability does the newly discovered species of frog have?", "noncommittal": 0}\n\nanswer: "Everest"\ncontext: "The tallest mountain on Earth, measured from sea level, is a renowned peak located in the Himalayas."\noutput: {"question": "What is the tallest mountain on Earth?", "noncommittal": 0}\n\nanswer: "I don\'t know about the  groundbreaking feature of the smartphone invented in 2023 as am unaware of information beyond 2022. "\ncontext: "In 2023, a groundbreaking invention was announced: a smartphone with a battery life of one month, revolutionizing the way people use mobile technology."\noutput: {"question": "What was the groundbreaking feature of the smartphone invented in 2023?", "noncommittal": 1}\n\nanswer: Daniel Ricciardo won the 44-lap race for the Red Bull Racing team.\ncontext: The 2014 Belgian Grand Prix (formally the 2014 Formula 1 Shell Belgian Grand Prix) was a Formula One motor race held on 24 August 2014 at the Circuit de Spa-Francorchamps in Spa, Belgium. It was the twelfth round of the 2014 Formula One season, and the 70th Belgian Grand Prix. The 44-lap race was won by Daniel Ricciardo for the Red Bull Racing team, after starting from fifth position. Nico Rosberg finished second in a Mercedes, with Valtteri Bottas third for the Williams team.\nThe 2014 Belgian Grand Prix (formally the 2014 Formula 1 Shell Belgian Grand Prix) was a Formula One motor race held on 24 August 2014 at the Circuit de Spa-Francorchamps in Spa, Belgium. It was the twelfth round of the 2014 Formula One season, and the 70th Belgian Grand Prix. The 44-lap race was won by Daniel Ricciardo for the Red Bull Racing team, after starting from fifth position. Nico Rosberg finished second in a Mercedes, with Valtteri Bottas third for the Williams team.\nThe 2014 Belgian Grand Prix (formally the 2014 Formula 1 Shell Belgian Grand Prix) was a Formula One motor race held on 24 August 2014 at the Circuit de Spa-Francorchamps in Spa, Belgium. It was the twelfth round of the 2014 Formula One season, and the 70th Belgian Grand Prix. The 44-lap race was won by Daniel Ricciardo for the Red Bull Racing team, after starting from fifth position. Nico Rosberg finished second in a Mercedes, with Valtteri Bottas third for the Williams team.\noutput: \n'}]

RAW RESPONSE:
{
  "question": "Who won the 44-lap race for the Red Bull Racing team?",
   "noncommittal": 0
}
==================================================
=== SYNC GENERATE ===
PROMPT:
[{'role': 'user', 'content': 'Create one or more statements from each sentence in the given answer.\nOutput in only valid JSON format.\n\nquestion: "Who was  Albert Einstein and what is he best known for?"\nanswer: "He was a German-born theoretical physicist, widely acknowledged to be one of the greatest and most influential physicists of all time. He was best known for developing the theory of relativity, he also made important contributions to the development of the theory of quantum mechanics."\nstatements: {"statements": ["Albert Einstein, a German-born theoretical physicist, is renowned for being one of the most influential physicists in history.", "Albert Einstein was best known for his theory of relativity.", "Einstein\'s contributions significantly advanced the field of quantum mechanics", "Recognized globally, Einstein\'s work has profoundly impacted the scientific community", "Einstein\'s groundbreaking theories continue to shape our understanding of physics today."]}\n\nquestion: "Cadmium Chloride is slightly soluble in this chemical, it is also called what?"\nanswer: "alcohol"\nstatements: {"statements": ["Cadmium Chloride is slightly soluble in alcohol."]}\n\nquestion: "Were Hitler and Benito Mussolini of the same nationality?"\nanswer: "Sorry, I can\'t provide answer to that question."\nstatements: {"statements": []}\n\nquestion: whiich Australian racing driver won the 44-lap race for the Red Bull Racing team?\nanswer: Daniel Ricciardo won the 44-lap race for the Red Bull Racing team.\nstatements: \n'}]

RAW RESPONSE:
{
  "statements": [
       "Daniel Ricciardo, an Australian racing driver, won the 44-lap race.",
       "The Red Bull Racing team was victorious in the 44-lap race with Daniel Ricciardo as the driver."
   ]
}
==================================================
=== SYNC GENERATE ===
PROMPT:
[{'role': 'user', 'content': 'Given question, answer and context verify if the context was useful in arriving at the given answer. Give verdict as "1" if useful and "0" if not with json output. \nOutput in only valid JSON format.\n\nquestion: "What can you tell me about albert Albert Einstein?"\ncontext: "Albert Einstein (14 March 1879 – 18 April 1955) was a German-born theoretical physicist, widely held to be one of the greatest and most influential scientists of all time. Best known for developing the theory of relativity, he also made important contributions to quantum mechanics, and was thus a central figure in the revolutionary reshaping of the scientific understanding of nature that modern physics accomplished in the first decades of the twentieth century. His mass–energy equivalence formula E = mc2, which arises from relativity theory, has been called \\"the world\'s most famous equation\\". He received the 1921 Nobel Prize in Physics \\"for his services to theoretical physics, and especially for his discovery of the law of the photoelectric effect\\", a pivotal step in the development of quantum theory. His work is also known for its influence on the philosophy of science. In a 1999 poll of 130 leading physicists worldwide by the British journal Physics World, Einstein was ranked the greatest physicist of all time. His intellectual achievements and originality have made Einstein synonymous with genius."\nanswer: "Albert Einstein born in 14 March 1879 was German-born theoretical physicist, widely held to be one of the greatest and most influential scientists of all time. He received the 1921 Nobel Prize in Physics for his services to theoretical physics. He published 4 papers in 1905. Einstein moved to Switzerland in 1895"\nverification: {"reason": "The provided context was indeed useful in arriving at the given answer. The context includes key information about Albert Einstein\'s life and contributions, which are reflected in the answer.", "verdict": "1"}\n\nquestion: "who won 2020 icc world cup?"\ncontext: "The 2022 ICC Men\'s T20 World Cup, held from October 16 to November 13, 2022, in Australia, was the eighth edition of the tournament. Originally scheduled for 2020, it was postponed due to the COVID-19 pandemic. England emerged victorious, defeating Pakistan by five wickets in the final to clinch their second ICC Men\'s T20 World Cup title."\nanswer: "England"\nverification: {"reason": "the context was useful in clarifying the situation regarding the 2020 ICC World Cup and indicating that England was the winner of the tournament that was intended to be held in 2020 but actually took place in 2022.", "verdict": "1"}\n\nquestion: "What is the tallest mountain in the world?"\ncontext: "The Andes is the longest continental mountain range in the world, located in South America. It stretches across seven countries and features many of the highest peaks in the Western Hemisphere. The range is known for its diverse ecosystems, including the high-altitude Andean Plateau and the Amazon rainforest."\nanswer: "Mount Everest."\nverification: {"reason": "the provided context discusses the Andes mountain range, which, while impressive, does not include Mount Everest or directly relate to the question about the world\'s tallest mountain.", "verdict": "0"}\n\nquestion: whiich Australian racing driver won the 44-lap race for the Red Bull Racing team?\ncontext: The 2014 Belgian Grand Prix (formally the 2014 Formula 1 Shell Belgian Grand Prix) was a Formula One motor race held on 24 August 2014 at the Circuit de Spa-Francorchamps in Spa, Belgium. It was the twelfth round of the 2014 Formula One season, and the 70th Belgian Grand Prix. The 44-lap race was won by Daniel Ricciardo for the Red Bull Racing team, after starting from fifth position. Nico Rosberg finished second in a Mercedes, with Valtteri Bottas third for the Williams team.\nanswer: Daniel Ricciardo won the 44-lap race for the Red Bull Racing team.\nverification: \n'}]

RAW RESPONSE:
{
  "reason": "The provided context directly answers the question by stating that Daniel Ricciardo won the 44-lap race for the Red Bull Racing team.",
   "verdict": "1"
}
==================================================
=== SYNC GENERATE ===
PROMPT:
[{'role': 'user', 'content': 'Natural language inference. Use only \'Yes\' (1), \'No\' (0) and \'Null\' (-1) as verdict.\nOutput in only valid JSON format.\n\ncontext: "John is a student at XYZ University. He is pursuing a degree in Computer Science. He is enrolled in several courses this semester, including Data Structures, Algorithms, and Database Management. John is a diligent student and spends a significant amount of time studying and completing assignments. He often stays late in the library to work on his projects."\nstatements: "\\n            statement_1: John is majoring in Biology.\\n            statement_2: John is taking a course on Artificial Intelligence.\\n            statement_3: John is a dedicated student.\\n            statement_4: John has a part-time job.\\n            "\nanswer: [{"statement_1": "John is majoring in Biology.", "reason": "John\'s major is explicitly mentioned as Computer Science. There is no information suggesting he is majoring in Biology.", "verdict": "0"}, {"statement_2": "John is taking a course on Artificial Intelligence.", "reason": "The context mentions the courses John is currently enrolled in, and Artificial Intelligence is not mentioned. Therefore, it cannot be deduced that John is taking a course on AI.", "verdict": "0"}, {"statement_3": "John is a dedicated student.", "reason": "The context states that he spends a significant amount of time studying and completing assignments. Additionally, it mentions that he often stays late in the library to work on his projects, which implies dedication.", "verdict": "1"}, {"statement_4": "John has a part-time job.", "reason": "There is no information given in the context about John having a part-time job.", "verdict": "0"}]\n\ncontext: "Photosynthesis is a process used by plants, algae, and certain bacteria to convert light energy into chemical energy."\nstatements: "statement_1: Albert Einstein was a genius."\nanswer: {"statement_1": "Albert Einstein was a genius.", "reason": "The context and statement are unrelated", "verdict": "0"}\n\ncontext: "Albert Einstein was a German-born theoretical physicist who is widely held to be one of the greatest and most influential scientists of all time."\nstatements: "statement_1: Nil"\nanswer: {"statement_1": "Nil", "reason": "The statement is invalid", "verdict": "-1"}\n\ncontext: The 2014 Belgian Grand Prix (formally the 2014 Formula 1 Shell Belgian Grand Prix) was a Formula One motor race held on 24 August 2014 at the Circuit de Spa-Francorchamps in Spa, Belgium. It was the twelfth round of the 2014 Formula One season, and the 70th Belgian Grand Prix. The 44-lap race was won by Daniel Ricciardo for the Red Bull Racing team, after starting from fifth position. Nico Rosberg finished second in a Mercedes, with Valtteri Bottas third for the Williams team.\nThe 2014 Belgian Grand Prix (formally the 2014 Formula 1 Shell Belgian Grand Prix) was a Formula One motor race held on 24 August 2014 at the Circuit de Spa-Francorchamps in Spa, Belgium. It was the twelfth round of the 2014 Formula One season, and the 70th Belgian Grand Prix. The 44-lap race was won by Daniel Ricciardo for the Red Bull Racing team, after starting from fifth position. Nico Rosberg finished second in a Mercedes, with Valtteri Bottas third for the Williams team.\nThe 2014 Belgian Grand Prix (formally the 2014 Formula 1 Shell Belgian Grand Prix) was a Formula One motor race held on 24 August 2014 at the Circuit de Spa-Francorchamps in Spa, Belgium. It was the twelfth round of the 2014 Formula One season, and the 70th Belgian Grand Prix. The 44-lap race was won by Daniel Ricciardo for the Red Bull Racing team, after starting from fifth position. Nico Rosberg finished second in a Mercedes, with Valtteri Bottas third for the Williams team.\nstatements: statement_1: Daniel Ricciardo, an Australian racing driver, won the 44-lap race.\nstatement_2: The Red Bull Racing team was victorious in the 44-lap race with Daniel Ricciardo as the driver.\nanswer: \n'}]

RAW RESPONSE:
{
  "statement_1": "Daniel Ricciardo, an Australian racing driver, won the 44-lap race.",
   "reason": "The context confirms that Daniel Ricciardo won the 44-lap race, and it is also known that he is an Australian racing driver.",
   "verdict": "1"
}
==================================================
=== SYNC GENERATE ===
PROMPT:
[{'role': 'user', 'content': 'Given question, answer and context verify if the context was useful in arriving at the given answer. Give verdict as "1" if useful and "0" if not with json output. \nOutput in only valid JSON format.\n\nquestion: "What can you tell me about albert Albert Einstein?"\ncontext: "Albert Einstein (14 March 1879 – 18 April 1955) was a German-born theoretical physicist, widely held to be one of the greatest and most influential scientists of all time. Best known for developing the theory of relativity, he also made important contributions to quantum mechanics, and was thus a central figure in the revolutionary reshaping of the scientific understanding of nature that modern physics accomplished in the first decades of the twentieth century. His mass–energy equivalence formula E = mc2, which arises from relativity theory, has been called \\"the world\'s most famous equation\\". He received the 1921 Nobel Prize in Physics \\"for his services to theoretical physics, and especially for his discovery of the law of the photoelectric effect\\", a pivotal step in the development of quantum theory. His work is also known for its influence on the philosophy of science. In a 1999 poll of 130 leading physicists worldwide by the British journal Physics World, Einstein was ranked the greatest physicist of all time. His intellectual achievements and originality have made Einstein synonymous with genius."\nanswer: "Albert Einstein born in 14 March 1879 was German-born theoretical physicist, widely held to be one of the greatest and most influential scientists of all time. He received the 1921 Nobel Prize in Physics for his services to theoretical physics. He published 4 papers in 1905. Einstein moved to Switzerland in 1895"\nverification: {"reason": "The provided context was indeed useful in arriving at the given answer. The context includes key information about Albert Einstein\'s life and contributions, which are reflected in the answer.", "verdict": "1"}\n\nquestion: "who won 2020 icc world cup?"\ncontext: "The 2022 ICC Men\'s T20 World Cup, held from October 16 to November 13, 2022, in Australia, was the eighth edition of the tournament. Originally scheduled for 2020, it was postponed due to the COVID-19 pandemic. England emerged victorious, defeating Pakistan by five wickets in the final to clinch their second ICC Men\'s T20 World Cup title."\nanswer: "England"\nverification: {"reason": "the context was useful in clarifying the situation regarding the 2020 ICC World Cup and indicating that England was the winner of the tournament that was intended to be held in 2020 but actually took place in 2022.", "verdict": "1"}\n\nquestion: "What is the tallest mountain in the world?"\ncontext: "The Andes is the longest continental mountain range in the world, located in South America. It stretches across seven countries and features many of the highest peaks in the Western Hemisphere. The range is known for its diverse ecosystems, including the high-altitude Andean Plateau and the Amazon rainforest."\nanswer: "Mount Everest."\nverification: {"reason": "the provided context discusses the Andes mountain range, which, while impressive, does not include Mount Everest or directly relate to the question about the world\'s tallest mountain.", "verdict": "0"}\n\nquestion: What star of Parks and Recreation appeared in November?\ncontext: Nicholas "Nick" Offerman (born June 26, 1970) is an American actor, voice actor, producer, writer, comedian and carpenter widely known for his breakout role as Ron Swanson in the acclaimed NBC sitcom "Parks and Recreation", for which he received the Television Critics Association Award for Individual Achievement in Comedy. His first major television role since the end of "Parks and Recreation" was his role as Karl Weathers in the FX series "Fargo", for which he received a Critics\' Choice Television Award nomination for Best Supporting Actor in a Movie/Miniseries and Gavin in the Ice Age franchise.\nanswer: Nick Offerman, who played the role of Ron Swanson in "Parks and Recreation", appeared in the film November.\nverification: \n'}]

RAW RESPONSE:
{
  "reason": "The provided context includes key information about Nick Offerman, including his role as Ron Swanson in 'Parks and Recreation', which directly relates to the question about the star of 'Parks and Recreation' appearing in November.",
   "verdict": "1"
}
==================================================
=== SYNC GENERATE ===
PROMPT:
[{'role': 'user', 'content': 'Create one or more statements from each sentence in the given answer.\nOutput in only valid JSON format.\n\nquestion: "Who was  Albert Einstein and what is he best known for?"\nanswer: "He was a German-born theoretical physicist, widely acknowledged to be one of the greatest and most influential physicists of all time. He was best known for developing the theory of relativity, he also made important contributions to the development of the theory of quantum mechanics."\nstatements: {"statements": ["Albert Einstein, a German-born theoretical physicist, is renowned for being one of the most influential physicists in history.", "Albert Einstein was best known for his theory of relativity.", "Einstein\'s contributions significantly advanced the field of quantum mechanics", "Recognized globally, Einstein\'s work has profoundly impacted the scientific community", "Einstein\'s groundbreaking theories continue to shape our understanding of physics today."]}\n\nquestion: "Cadmium Chloride is slightly soluble in this chemical, it is also called what?"\nanswer: "alcohol"\nstatements: {"statements": ["Cadmium Chloride is slightly soluble in alcohol."]}\n\nquestion: "Were Hitler and Benito Mussolini of the same nationality?"\nanswer: "Sorry, I can\'t provide answer to that question."\nstatements: {"statements": []}\n\nquestion: What star of Parks and Recreation appeared in November?\nanswer: Nick Offerman, who played the role of Ron Swanson in "Parks and Recreation", appeared in the film November.\nstatements: \n'}]

RAW RESPONSE:
{
  "statements": [
       "Nick Offerman, who played Ron Swanson, appeared in the film November.",
       "Ron Swanson, a character from Parks and Recreation, was portrayed by Nick Offerman in the movie November."
   ]
}
==================================================
=== SYNC GENERATE ===
PROMPT:
[{'role': 'user', 'content': 'Generate a question for the given answer and Identify if answer is noncommittal. Give noncommittal as 1 if the answer is noncommittal and 0 if the answer is committal. A noncommittal answer is one that is evasive, vague, or ambiguous. For example, "I don\'t know" or "I\'m not sure" are noncommittal answers.\nOutput in only valid JSON format.\n\nanswer: "Albert Einstein was born in Germany."\ncontext: "Albert Einstein was a German-born theoretical physicist who is widely held to be one of the greatest and most influential scientists of all time"\noutput: {"question": "Where was Albert Einstein born?", "noncommittal": 0}\n\nanswer: "It can change its skin color based on the temperature of its environment."\ncontext: "A recent scientific study has discovered a new species of frog in the Amazon rainforest that has the unique ability to change its skin color based on the temperature of its environment."\noutput: {"question": "What unique ability does the newly discovered species of frog have?", "noncommittal": 0}\n\nanswer: "Everest"\ncontext: "The tallest mountain on Earth, measured from sea level, is a renowned peak located in the Himalayas."\noutput: {"question": "What is the tallest mountain on Earth?", "noncommittal": 0}\n\nanswer: "I don\'t know about the  groundbreaking feature of the smartphone invented in 2023 as am unaware of information beyond 2022. "\ncontext: "In 2023, a groundbreaking invention was announced: a smartphone with a battery life of one month, revolutionizing the way people use mobile technology."\noutput: {"question": "What was the groundbreaking feature of the smartphone invented in 2023?", "noncommittal": 1}\n\nanswer: Nick Offerman, who played the role of Ron Swanson in "Parks and Recreation", appeared in the film November.\ncontext: Nicholas "Nick" Offerman (born June 26, 1970) is an American actor, voice actor, producer, writer, comedian and carpenter widely known for his breakout role as Ron Swanson in the acclaimed NBC sitcom "Parks and Recreation", for which he received the Television Critics Association Award for Individual Achievement in Comedy. His first major television role since the end of "Parks and Recreation" was his role as Karl Weathers in the FX series "Fargo", for which he received a Critics\' Choice Television Award nomination for Best Supporting Actor in a Movie/Miniseries and Gavin in the Ice Age franchise.\nNicholas "Nick" Offerman (born June 26, 1970) is an American actor, voice actor, producer, writer, comedian and carpenter widely known for his breakout role as Ron Swanson in the acclaimed NBC sitcom "Parks and Recreation", for which he received the Television Critics Association Award for Individual Achievement in Comedy. His first major television role since the end of "Parks and Recreation" was his role as Karl Weathers in the FX series "Fargo", for which he received a Critics\' Choice Television Award nomination for Best Supporting Actor in a Movie/Miniseries and Gavin in the Ice Age franchise.\nNicholas "Nick" Offerman (born June 26, 1970) is an American actor, voice actor, producer, writer, comedian and carpenter widely known for his breakout role as Ron Swanson in the acclaimed NBC sitcom "Parks and Recreation", for which he received the Television Critics Association Award for Individual Achievement in Comedy. His first major television role since the end of "Parks and Recreation" was his role as Karl Weathers in the FX series "Fargo", for which he received a Critics\' Choice Television Award nomination for Best Supporting Actor in a Movie/Miniseries and Gavin in the Ice Age franchise.\noutput: \n'}]

RAW RESPONSE:
{
  "question": "Who appeared in the film November?",
   "noncommittal": 0
}
==================================================
=== SYNC GENERATE ===
PROMPT:
[{'role': 'user', 'content': 'Natural language inference. Use only \'Yes\' (1), \'No\' (0) and \'Null\' (-1) as verdict.\nOutput in only valid JSON format.\n\ncontext: "John is a student at XYZ University. He is pursuing a degree in Computer Science. He is enrolled in several courses this semester, including Data Structures, Algorithms, and Database Management. John is a diligent student and spends a significant amount of time studying and completing assignments. He often stays late in the library to work on his projects."\nstatements: "\\n            statement_1: John is majoring in Biology.\\n            statement_2: John is taking a course on Artificial Intelligence.\\n            statement_3: John is a dedicated student.\\n            statement_4: John has a part-time job.\\n            "\nanswer: [{"statement_1": "John is majoring in Biology.", "reason": "John\'s major is explicitly mentioned as Computer Science. There is no information suggesting he is majoring in Biology.", "verdict": "0"}, {"statement_2": "John is taking a course on Artificial Intelligence.", "reason": "The context mentions the courses John is currently enrolled in, and Artificial Intelligence is not mentioned. Therefore, it cannot be deduced that John is taking a course on AI.", "verdict": "0"}, {"statement_3": "John is a dedicated student.", "reason": "The context states that he spends a significant amount of time studying and completing assignments. Additionally, it mentions that he often stays late in the library to work on his projects, which implies dedication.", "verdict": "1"}, {"statement_4": "John has a part-time job.", "reason": "There is no information given in the context about John having a part-time job.", "verdict": "0"}]\n\ncontext: "Photosynthesis is a process used by plants, algae, and certain bacteria to convert light energy into chemical energy."\nstatements: "statement_1: Albert Einstein was a genius."\nanswer: {"statement_1": "Albert Einstein was a genius.", "reason": "The context and statement are unrelated", "verdict": "0"}\n\ncontext: "Albert Einstein was a German-born theoretical physicist who is widely held to be one of the greatest and most influential scientists of all time."\nstatements: "statement_1: Nil"\nanswer: {"statement_1": "Nil", "reason": "The statement is invalid", "verdict": "-1"}\n\ncontext: Nicholas "Nick" Offerman (born June 26, 1970) is an American actor, voice actor, producer, writer, comedian and carpenter widely known for his breakout role as Ron Swanson in the acclaimed NBC sitcom "Parks and Recreation", for which he received the Television Critics Association Award for Individual Achievement in Comedy. His first major television role since the end of "Parks and Recreation" was his role as Karl Weathers in the FX series "Fargo", for which he received a Critics\' Choice Television Award nomination for Best Supporting Actor in a Movie/Miniseries and Gavin in the Ice Age franchise.\nNicholas "Nick" Offerman (born June 26, 1970) is an American actor, voice actor, producer, writer, comedian and carpenter widely known for his breakout role as Ron Swanson in the acclaimed NBC sitcom "Parks and Recreation", for which he received the Television Critics Association Award for Individual Achievement in Comedy. His first major television role since the end of "Parks and Recreation" was his role as Karl Weathers in the FX series "Fargo", for which he received a Critics\' Choice Television Award nomination for Best Supporting Actor in a Movie/Miniseries and Gavin in the Ice Age franchise.\nNicholas "Nick" Offerman (born June 26, 1970) is an American actor, voice actor, producer, writer, comedian and carpenter widely known for his breakout role as Ron Swanson in the acclaimed NBC sitcom "Parks and Recreation", for which he received the Television Critics Association Award for Individual Achievement in Comedy. His first major television role since the end of "Parks and Recreation" was his role as Karl Weathers in the FX series "Fargo", for which he received a Critics\' Choice Television Award nomination for Best Supporting Actor in a Movie/Miniseries and Gavin in the Ice Age franchise.\nstatements: statement_1: Nick Offerman, who played Ron Swanson, appeared in the film November.\nstatement_2: Ron Swanson, a character from Parks and Recreation, was portrayed by Nick Offerman in the movie November.\nanswer: \n'}]

RAW RESPONSE:
[
{
  "statement_1": "Nick Offerman, who played Ron Swanson, appeared in the film November.",
   "reason": "There is no information in the context about Nick Offerman appearing in the film November.",
   "verdict": "0"
},
{
   "statement_2": "Ron Swanson, a character from Parks and Recreation, was portrayed by Nick Offerman in the movie November.",
   "reason": "The context does not mention Nick Offerman portraying Ron Swanson in a movie called November. It only discusses his role in Parks and Recreation and other projects.",
   "verdict": "0"
}
]
==================================================
=== SYNC GENERATE ===
PROMPT:
[{'role': 'user', 'content': 'Generate a question for the given answer and Identify if answer is noncommittal. Give noncommittal as 1 if the answer is noncommittal and 0 if the answer is committal. A noncommittal answer is one that is evasive, vague, or ambiguous. For example, "I don\'t know" or "I\'m not sure" are noncommittal answers.\nOutput in only valid JSON format.\n\nanswer: "Albert Einstein was born in Germany."\ncontext: "Albert Einstein was a German-born theoretical physicist who is widely held to be one of the greatest and most influential scientists of all time"\noutput: {"question": "Where was Albert Einstein born?", "noncommittal": 0}\n\nanswer: "It can change its skin color based on the temperature of its environment."\ncontext: "A recent scientific study has discovered a new species of frog in the Amazon rainforest that has the unique ability to change its skin color based on the temperature of its environment."\noutput: {"question": "What unique ability does the newly discovered species of frog have?", "noncommittal": 0}\n\nanswer: "Everest"\ncontext: "The tallest mountain on Earth, measured from sea level, is a renowned peak located in the Himalayas."\noutput: {"question": "What is the tallest mountain on Earth?", "noncommittal": 0}\n\nanswer: "I don\'t know about the  groundbreaking feature of the smartphone invented in 2023 as am unaware of information beyond 2022. "\ncontext: "In 2023, a groundbreaking invention was announced: a smartphone with a battery life of one month, revolutionizing the way people use mobile technology."\noutput: {"question": "What was the groundbreaking feature of the smartphone invented in 2023?", "noncommittal": 1}\n\nanswer: Crocosmia is found in an environment further south.\ncontext: Cimicifuga (bugbane or cohosh) was a genus of between 12-18 species of flowering plants belonging to the family Ranunculaceae, native to temperate regions of the Northern Hemisphere.\nCimicifuga (bugbane or cohosh) was a genus of between 12-18 species of flowering plants belonging to the family Ranunculaceae, native to temperate regions of the Northern Hemisphere.\nCimicifuga (bugbane or cohosh) was a genus of between 12-18 species of flowering plants belonging to the family Ranunculaceae, native to temperate regions of the Northern Hemisphere.\noutput: \n'}]

RAW RESPONSE:
{
  "question": "Where is Crocosmia typically found?",
   "noncommittal": 0
}
==================================================
=== SYNC GENERATE ===
PROMPT:
[{'role': 'user', 'content': 'Given question, answer and context verify if the context was useful in arriving at the given answer. Give verdict as "1" if useful and "0" if not with json output. \nOutput in only valid JSON format.\n\nquestion: "What can you tell me about albert Albert Einstein?"\ncontext: "Albert Einstein (14 March 1879 – 18 April 1955) was a German-born theoretical physicist, widely held to be one of the greatest and most influential scientists of all time. Best known for developing the theory of relativity, he also made important contributions to quantum mechanics, and was thus a central figure in the revolutionary reshaping of the scientific understanding of nature that modern physics accomplished in the first decades of the twentieth century. His mass–energy equivalence formula E = mc2, which arises from relativity theory, has been called \\"the world\'s most famous equation\\". He received the 1921 Nobel Prize in Physics \\"for his services to theoretical physics, and especially for his discovery of the law of the photoelectric effect\\", a pivotal step in the development of quantum theory. His work is also known for its influence on the philosophy of science. In a 1999 poll of 130 leading physicists worldwide by the British journal Physics World, Einstein was ranked the greatest physicist of all time. His intellectual achievements and originality have made Einstein synonymous with genius."\nanswer: "Albert Einstein born in 14 March 1879 was German-born theoretical physicist, widely held to be one of the greatest and most influential scientists of all time. He received the 1921 Nobel Prize in Physics for his services to theoretical physics. He published 4 papers in 1905. Einstein moved to Switzerland in 1895"\nverification: {"reason": "The provided context was indeed useful in arriving at the given answer. The context includes key information about Albert Einstein\'s life and contributions, which are reflected in the answer.", "verdict": "1"}\n\nquestion: "who won 2020 icc world cup?"\ncontext: "The 2022 ICC Men\'s T20 World Cup, held from October 16 to November 13, 2022, in Australia, was the eighth edition of the tournament. Originally scheduled for 2020, it was postponed due to the COVID-19 pandemic. England emerged victorious, defeating Pakistan by five wickets in the final to clinch their second ICC Men\'s T20 World Cup title."\nanswer: "England"\nverification: {"reason": "the context was useful in clarifying the situation regarding the 2020 ICC World Cup and indicating that England was the winner of the tournament that was intended to be held in 2020 but actually took place in 2022.", "verdict": "1"}\n\nquestion: "What is the tallest mountain in the world?"\ncontext: "The Andes is the longest continental mountain range in the world, located in South America. It stretches across seven countries and features many of the highest peaks in the Western Hemisphere. The range is known for its diverse ecosystems, including the high-altitude Andean Plateau and the Amazon rainforest."\nanswer: "Mount Everest."\nverification: {"reason": "the provided context discusses the Andes mountain range, which, while impressive, does not include Mount Everest or directly relate to the question about the world\'s tallest mountain.", "verdict": "0"}\n\nquestion: Which genus of flowering plant is found in an environment further south, Crocosmia or Cimicifuga?\ncontext: Cimicifuga (bugbane or cohosh) was a genus of between 12-18 species of flowering plants belonging to the family Ranunculaceae, native to temperate regions of the Northern Hemisphere.\nanswer: Crocosmia is found in an environment further south.\nverification: \n'}]

RAW RESPONSE:
{
  "reason": "The provided context does not directly compare the geographical distribution of Crocosmia and Cimicifuga, but it does mention that Cimicifuga is native to temperate regions of the Northern Hemisphere, implying that Crocosmia might be found further south if it is not native to these same regions.",
   "verdict": "1"
}
==================================================
=== SYNC GENERATE ===
PROMPT:
[{'role': 'user', 'content': 'Create one or more statements from each sentence in the given answer.\nOutput in only valid JSON format.\n\nquestion: "Who was  Albert Einstein and what is he best known for?"\nanswer: "He was a German-born theoretical physicist, widely acknowledged to be one of the greatest and most influential physicists of all time. He was best known for developing the theory of relativity, he also made important contributions to the development of the theory of quantum mechanics."\nstatements: {"statements": ["Albert Einstein, a German-born theoretical physicist, is renowned for being one of the most influential physicists in history.", "Albert Einstein was best known for his theory of relativity.", "Einstein\'s contributions significantly advanced the field of quantum mechanics", "Recognized globally, Einstein\'s work has profoundly impacted the scientific community", "Einstein\'s groundbreaking theories continue to shape our understanding of physics today."]}\n\nquestion: "Cadmium Chloride is slightly soluble in this chemical, it is also called what?"\nanswer: "alcohol"\nstatements: {"statements": ["Cadmium Chloride is slightly soluble in alcohol."]}\n\nquestion: "Were Hitler and Benito Mussolini of the same nationality?"\nanswer: "Sorry, I can\'t provide answer to that question."\nstatements: {"statements": []}\n\nquestion: Which genus of flowering plant is found in an environment further south, Crocosmia or Cimicifuga?\nanswer: Crocosmia is found in an environment further south.\nstatements: \n'}]

RAW RESPONSE:
{
  "statements": [
       "Crocosmia is a genus of flowering plant found in environments further south.",
       "In comparison to Cimicifuga, Crocosmia is located in more southern environments."
   ]
}
==================================================
=== SYNC GENERATE ===
PROMPT:
[{'role': 'user', 'content': 'Natural language inference. Use only \'Yes\' (1), \'No\' (0) and \'Null\' (-1) as verdict.\nOutput in only valid JSON format.\n\ncontext: "John is a student at XYZ University. He is pursuing a degree in Computer Science. He is enrolled in several courses this semester, including Data Structures, Algorithms, and Database Management. John is a diligent student and spends a significant amount of time studying and completing assignments. He often stays late in the library to work on his projects."\nstatements: "\\n            statement_1: John is majoring in Biology.\\n            statement_2: John is taking a course on Artificial Intelligence.\\n            statement_3: John is a dedicated student.\\n            statement_4: John has a part-time job.\\n            "\nanswer: [{"statement_1": "John is majoring in Biology.", "reason": "John\'s major is explicitly mentioned as Computer Science. There is no information suggesting he is majoring in Biology.", "verdict": "0"}, {"statement_2": "John is taking a course on Artificial Intelligence.", "reason": "The context mentions the courses John is currently enrolled in, and Artificial Intelligence is not mentioned. Therefore, it cannot be deduced that John is taking a course on AI.", "verdict": "0"}, {"statement_3": "John is a dedicated student.", "reason": "The context states that he spends a significant amount of time studying and completing assignments. Additionally, it mentions that he often stays late in the library to work on his projects, which implies dedication.", "verdict": "1"}, {"statement_4": "John has a part-time job.", "reason": "There is no information given in the context about John having a part-time job.", "verdict": "0"}]\n\ncontext: "Photosynthesis is a process used by plants, algae, and certain bacteria to convert light energy into chemical energy."\nstatements: "statement_1: Albert Einstein was a genius."\nanswer: {"statement_1": "Albert Einstein was a genius.", "reason": "The context and statement are unrelated", "verdict": "0"}\n\ncontext: "Albert Einstein was a German-born theoretical physicist who is widely held to be one of the greatest and most influential scientists of all time."\nstatements: "statement_1: Nil"\nanswer: {"statement_1": "Nil", "reason": "The statement is invalid", "verdict": "-1"}\n\ncontext: Cimicifuga (bugbane or cohosh) was a genus of between 12-18 species of flowering plants belonging to the family Ranunculaceae, native to temperate regions of the Northern Hemisphere.\nCimicifuga (bugbane or cohosh) was a genus of between 12-18 species of flowering plants belonging to the family Ranunculaceae, native to temperate regions of the Northern Hemisphere.\nCimicifuga (bugbane or cohosh) was a genus of between 12-18 species of flowering plants belonging to the family Ranunculaceae, native to temperate regions of the Northern Hemisphere.\nstatements: statement_1: Crocosmia is a genus of flowering plant found in environments further south.\nstatement_2: In comparison to Cimicifuga, Crocosmia is located in more southern environments.\nanswer: \n'}]

RAW RESPONSE:
{
  "statement_1": "Crocosmia is a genus of flowering plant found in environments further south.",
   "reason": "The context does not provide information about Crocosmia or its native environments.",
   "verdict": 0
}
==================================================
=== SYNC GENERATE ===
PROMPT:
[{'role': 'user', 'content': 'Create one or more statements from each sentence in the given answer.\nOutput in only valid JSON format.\n\nquestion: "Who was  Albert Einstein and what is he best known for?"\nanswer: "He was a German-born theoretical physicist, widely acknowledged to be one of the greatest and most influential physicists of all time. He was best known for developing the theory of relativity, he also made important contributions to the development of the theory of quantum mechanics."\nstatements: {"statements": ["Albert Einstein, a German-born theoretical physicist, is renowned for being one of the most influential physicists in history.", "Albert Einstein was best known for his theory of relativity.", "Einstein\'s contributions significantly advanced the field of quantum mechanics", "Recognized globally, Einstein\'s work has profoundly impacted the scientific community", "Einstein\'s groundbreaking theories continue to shape our understanding of physics today."]}\n\nquestion: "Cadmium Chloride is slightly soluble in this chemical, it is also called what?"\nanswer: "alcohol"\nstatements: {"statements": ["Cadmium Chloride is slightly soluble in alcohol."]}\n\nquestion: "Were Hitler and Benito Mussolini of the same nationality?"\nanswer: "Sorry, I can\'t provide answer to that question."\nstatements: {"statements": []}\n\nquestion: In what year did the man who shot the Chris Stockley, of The Dingoes, die?\nanswer: Dennis Bruce Allen, the man who shot Chris Stockley of The Dingoes, died in 1987.\nstatements: \n'}]

RAW RESPONSE:
{
  "statements": [
       "Dennis Bruce Allen shot Chris Stockley of The Dingoes.",
       "Dennis Bruce Allen died in 1987."
   ]
}
==================================================
=== SYNC GENERATE ===
PROMPT:
[{'role': 'user', 'content': 'Given question, answer and context verify if the context was useful in arriving at the given answer. Give verdict as "1" if useful and "0" if not with json output. \nOutput in only valid JSON format.\n\nquestion: "What can you tell me about albert Albert Einstein?"\ncontext: "Albert Einstein (14 March 1879 – 18 April 1955) was a German-born theoretical physicist, widely held to be one of the greatest and most influential scientists of all time. Best known for developing the theory of relativity, he also made important contributions to quantum mechanics, and was thus a central figure in the revolutionary reshaping of the scientific understanding of nature that modern physics accomplished in the first decades of the twentieth century. His mass–energy equivalence formula E = mc2, which arises from relativity theory, has been called \\"the world\'s most famous equation\\". He received the 1921 Nobel Prize in Physics \\"for his services to theoretical physics, and especially for his discovery of the law of the photoelectric effect\\", a pivotal step in the development of quantum theory. His work is also known for its influence on the philosophy of science. In a 1999 poll of 130 leading physicists worldwide by the British journal Physics World, Einstein was ranked the greatest physicist of all time. His intellectual achievements and originality have made Einstein synonymous with genius."\nanswer: "Albert Einstein born in 14 March 1879 was German-born theoretical physicist, widely held to be one of the greatest and most influential scientists of all time. He received the 1921 Nobel Prize in Physics for his services to theoretical physics. He published 4 papers in 1905. Einstein moved to Switzerland in 1895"\nverification: {"reason": "The provided context was indeed useful in arriving at the given answer. The context includes key information about Albert Einstein\'s life and contributions, which are reflected in the answer.", "verdict": "1"}\n\nquestion: "who won 2020 icc world cup?"\ncontext: "The 2022 ICC Men\'s T20 World Cup, held from October 16 to November 13, 2022, in Australia, was the eighth edition of the tournament. Originally scheduled for 2020, it was postponed due to the COVID-19 pandemic. England emerged victorious, defeating Pakistan by five wickets in the final to clinch their second ICC Men\'s T20 World Cup title."\nanswer: "England"\nverification: {"reason": "the context was useful in clarifying the situation regarding the 2020 ICC World Cup and indicating that England was the winner of the tournament that was intended to be held in 2020 but actually took place in 2022.", "verdict": "1"}\n\nquestion: "What is the tallest mountain in the world?"\ncontext: "The Andes is the longest continental mountain range in the world, located in South America. It stretches across seven countries and features many of the highest peaks in the Western Hemisphere. The range is known for its diverse ecosystems, including the high-altitude Andean Plateau and the Amazon rainforest."\nanswer: "Mount Everest."\nverification: {"reason": "the provided context discusses the Andes mountain range, which, while impressive, does not include Mount Everest or directly relate to the question about the world\'s tallest mountain.", "verdict": "0"}\n\nquestion: In what year did the man who shot the Chris Stockley, of The Dingoes, die?\ncontext: Dennis Bruce Allen (7 November 1951 – 13 April 1987) was a Melbourne based Australian criminal and drug dealer who was reported to have murdered many victims. He was the oldest son of criminal matriarch Kath Pettingill. Allen avoided capture for drug dealing by acting as an informant throughout his career. He died of heart disease in 1987 in prison custody awaiting trial for murder.\nanswer: Dennis Bruce Allen, the man who shot Chris Stockley of The Dingoes, died in 1987.\nverification: \n'}]

RAW RESPONSE:
{
  "reason": "The provided context directly mentions the year of death of Dennis Bruce Allen, who is identified as the man who shot Chris Stockley of The Dingoes, thus providing the necessary information to answer the question.",
   "verdict": "1"
}
==================================================
=== SYNC GENERATE ===
PROMPT:
[{'role': 'user', 'content': 'Natural language inference. Use only \'Yes\' (1), \'No\' (0) and \'Null\' (-1) as verdict.\nOutput in only valid JSON format.\n\ncontext: "John is a student at XYZ University. He is pursuing a degree in Computer Science. He is enrolled in several courses this semester, including Data Structures, Algorithms, and Database Management. John is a diligent student and spends a significant amount of time studying and completing assignments. He often stays late in the library to work on his projects."\nstatements: "\\n            statement_1: John is majoring in Biology.\\n            statement_2: John is taking a course on Artificial Intelligence.\\n            statement_3: John is a dedicated student.\\n            statement_4: John has a part-time job.\\n            "\nanswer: [{"statement_1": "John is majoring in Biology.", "reason": "John\'s major is explicitly mentioned as Computer Science. There is no information suggesting he is majoring in Biology.", "verdict": "0"}, {"statement_2": "John is taking a course on Artificial Intelligence.", "reason": "The context mentions the courses John is currently enrolled in, and Artificial Intelligence is not mentioned. Therefore, it cannot be deduced that John is taking a course on AI.", "verdict": "0"}, {"statement_3": "John is a dedicated student.", "reason": "The context states that he spends a significant amount of time studying and completing assignments. Additionally, it mentions that he often stays late in the library to work on his projects, which implies dedication.", "verdict": "1"}, {"statement_4": "John has a part-time job.", "reason": "There is no information given in the context about John having a part-time job.", "verdict": "0"}]\n\ncontext: "Photosynthesis is a process used by plants, algae, and certain bacteria to convert light energy into chemical energy."\nstatements: "statement_1: Albert Einstein was a genius."\nanswer: {"statement_1": "Albert Einstein was a genius.", "reason": "The context and statement are unrelated", "verdict": "0"}\n\ncontext: "Albert Einstein was a German-born theoretical physicist who is widely held to be one of the greatest and most influential scientists of all time."\nstatements: "statement_1: Nil"\nanswer: {"statement_1": "Nil", "reason": "The statement is invalid", "verdict": "-1"}\n\ncontext: Dennis Bruce Allen (7 November 1951 – 13 April 1987) was a Melbourne based Australian criminal and drug dealer who was reported to have murdered many victims. He was the oldest son of criminal matriarch Kath Pettingill. Allen avoided capture for drug dealing by acting as an informant throughout his career. He died of heart disease in 1987 in prison custody awaiting trial for murder.\nDennis Bruce Allen (7 November 1951 – 13 April 1987) was a Melbourne based Australian criminal and drug dealer who was reported to have murdered many victims. He was the oldest son of criminal matriarch Kath Pettingill. Allen avoided capture for drug dealing by acting as an informant throughout his career. He died of heart disease in 1987 in prison custody awaiting trial for murder.\nDennis Bruce Allen (7 November 1951 – 13 April 1987) was a Melbourne based Australian criminal and drug dealer who was reported to have murdered many victims. He was the oldest son of criminal matriarch Kath Pettingill. Allen avoided capture for drug dealing by acting as an informant throughout his career. He died of heart disease in 1987 in prison custody awaiting trial for murder.\nstatements: statement_1: Dennis Bruce Allen shot Chris Stockley of The Dingoes.\nstatement_2: Dennis Bruce Allen died in 1987.\nanswer: \n'}]

RAW RESPONSE:
[
{
  "statement_1": "Dennis Bruce Allen shot Chris Stockley of The Dingoes.",
   "reason": "There is no information in the context about Dennis Bruce Allen shooting Chris Stockley of The Dingoes.",
   "verdict": 0
},
{
   "statement_2": "Dennis Bruce Allen died in 1987.",
   "reason": "The context explicitly states that Dennis Bruce Allen died of heart disease in 1987.",
   "verdict": 1
}
]
==================================================
=== SYNC GENERATE ===
PROMPT:
[{'role': 'user', 'content': 'Generate a question for the given answer and Identify if answer is noncommittal. Give noncommittal as 1 if the answer is noncommittal and 0 if the answer is committal. A noncommittal answer is one that is evasive, vague, or ambiguous. For example, "I don\'t know" or "I\'m not sure" are noncommittal answers.\nOutput in only valid JSON format.\n\nanswer: "Albert Einstein was born in Germany."\ncontext: "Albert Einstein was a German-born theoretical physicist who is widely held to be one of the greatest and most influential scientists of all time"\noutput: {"question": "Where was Albert Einstein born?", "noncommittal": 0}\n\nanswer: "It can change its skin color based on the temperature of its environment."\ncontext: "A recent scientific study has discovered a new species of frog in the Amazon rainforest that has the unique ability to change its skin color based on the temperature of its environment."\noutput: {"question": "What unique ability does the newly discovered species of frog have?", "noncommittal": 0}\n\nanswer: "Everest"\ncontext: "The tallest mountain on Earth, measured from sea level, is a renowned peak located in the Himalayas."\noutput: {"question": "What is the tallest mountain on Earth?", "noncommittal": 0}\n\nanswer: "I don\'t know about the  groundbreaking feature of the smartphone invented in 2023 as am unaware of information beyond 2022. "\ncontext: "In 2023, a groundbreaking invention was announced: a smartphone with a battery life of one month, revolutionizing the way people use mobile technology."\noutput: {"question": "What was the groundbreaking feature of the smartphone invented in 2023?", "noncommittal": 1}\n\nanswer: Dennis Bruce Allen, the man who shot Chris Stockley of The Dingoes, died in 1987.\ncontext: Dennis Bruce Allen (7 November 1951 – 13 April 1987) was a Melbourne based Australian criminal and drug dealer who was reported to have murdered many victims. He was the oldest son of criminal matriarch Kath Pettingill. Allen avoided capture for drug dealing by acting as an informant throughout his career. He died of heart disease in 1987 in prison custody awaiting trial for murder.\nDennis Bruce Allen (7 November 1951 – 13 April 1987) was a Melbourne based Australian criminal and drug dealer who was reported to have murdered many victims. He was the oldest son of criminal matriarch Kath Pettingill. Allen avoided capture for drug dealing by acting as an informant throughout his career. He died of heart disease in 1987 in prison custody awaiting trial for murder.\nDennis Bruce Allen (7 November 1951 – 13 April 1987) was a Melbourne based Australian criminal and drug dealer who was reported to have murdered many victims. He was the oldest son of criminal matriarch Kath Pettingill. Allen avoided capture for drug dealing by acting as an informant throughout his career. He died of heart disease in 1987 in prison custody awaiting trial for murder.\noutput: \n'}]

RAW RESPONSE:
{
  "question": "When and how did Dennis Bruce Allen die?",
   "noncommittal": 0
}
==================================================
=== SYNC GENERATE ===
PROMPT:
[{'role': 'user', 'content': 'Given question, answer and context verify if the context was useful in arriving at the given answer. Give verdict as "1" if useful and "0" if not with json output. \nOutput in only valid JSON format.\n\nquestion: "What can you tell me about albert Albert Einstein?"\ncontext: "Albert Einstein (14 March 1879 – 18 April 1955) was a German-born theoretical physicist, widely held to be one of the greatest and most influential scientists of all time. Best known for developing the theory of relativity, he also made important contributions to quantum mechanics, and was thus a central figure in the revolutionary reshaping of the scientific understanding of nature that modern physics accomplished in the first decades of the twentieth century. His mass–energy equivalence formula E = mc2, which arises from relativity theory, has been called \\"the world\'s most famous equation\\". He received the 1921 Nobel Prize in Physics \\"for his services to theoretical physics, and especially for his discovery of the law of the photoelectric effect\\", a pivotal step in the development of quantum theory. His work is also known for its influence on the philosophy of science. In a 1999 poll of 130 leading physicists worldwide by the British journal Physics World, Einstein was ranked the greatest physicist of all time. His intellectual achievements and originality have made Einstein synonymous with genius."\nanswer: "Albert Einstein born in 14 March 1879 was German-born theoretical physicist, widely held to be one of the greatest and most influential scientists of all time. He received the 1921 Nobel Prize in Physics for his services to theoretical physics. He published 4 papers in 1905. Einstein moved to Switzerland in 1895"\nverification: {"reason": "The provided context was indeed useful in arriving at the given answer. The context includes key information about Albert Einstein\'s life and contributions, which are reflected in the answer.", "verdict": "1"}\n\nquestion: "who won 2020 icc world cup?"\ncontext: "The 2022 ICC Men\'s T20 World Cup, held from October 16 to November 13, 2022, in Australia, was the eighth edition of the tournament. Originally scheduled for 2020, it was postponed due to the COVID-19 pandemic. England emerged victorious, defeating Pakistan by five wickets in the final to clinch their second ICC Men\'s T20 World Cup title."\nanswer: "England"\nverification: {"reason": "the context was useful in clarifying the situation regarding the 2020 ICC World Cup and indicating that England was the winner of the tournament that was intended to be held in 2020 but actually took place in 2022.", "verdict": "1"}\n\nquestion: "What is the tallest mountain in the world?"\ncontext: "The Andes is the longest continental mountain range in the world, located in South America. It stretches across seven countries and features many of the highest peaks in the Western Hemisphere. The range is known for its diverse ecosystems, including the high-altitude Andean Plateau and the Amazon rainforest."\nanswer: "Mount Everest."\nverification: {"reason": "the provided context discusses the Andes mountain range, which, while impressive, does not include Mount Everest or directly relate to the question about the world\'s tallest mountain.", "verdict": "0"}\n\nquestion: Are both American bands The Four Seasons and Local H popular around the Beatles were around?\ncontext: UFOFU was a rock band based in Dallas, Texas. The band consisted of Joseph Butcher, and brothers Brandon Curtis and Ben Curtis. It rose to local prominence in the mid-90\'s through word of mouth and slots opening for other north Texas bands such as Hagfish and Tripping Daisy. While touring, the band opened for Local H, Smoking Popes, The Geraldine Fibbers and Spacehog.\nanswer: Yes, both American bands The Four Seasons and Local H were popular at the same time as the Beatles. The Four Seasons were noted as the most popular rock band before the Beatles, and Local H was formed in the late 1980s, so their popularity would have overlapped with the Beatles\' era.\nverification: \n'}]

RAW RESPONSE:
{
  "reason": "The provided context does not mention The Four Seasons or the Beatles, and only briefly mentions Local H as a band that UFOFU opened for, without discussing their popularity in relation to the Beatles.",
   "verdict": "0"
}
==================================================
=== SYNC GENERATE ===
PROMPT:
[{'role': 'user', 'content': 'Create one or more statements from each sentence in the given answer.\nOutput in only valid JSON format.\n\nquestion: "Who was  Albert Einstein and what is he best known for?"\nanswer: "He was a German-born theoretical physicist, widely acknowledged to be one of the greatest and most influential physicists of all time. He was best known for developing the theory of relativity, he also made important contributions to the development of the theory of quantum mechanics."\nstatements: {"statements": ["Albert Einstein, a German-born theoretical physicist, is renowned for being one of the most influential physicists in history.", "Albert Einstein was best known for his theory of relativity.", "Einstein\'s contributions significantly advanced the field of quantum mechanics", "Recognized globally, Einstein\'s work has profoundly impacted the scientific community", "Einstein\'s groundbreaking theories continue to shape our understanding of physics today."]}\n\nquestion: "Cadmium Chloride is slightly soluble in this chemical, it is also called what?"\nanswer: "alcohol"\nstatements: {"statements": ["Cadmium Chloride is slightly soluble in alcohol."]}\n\nquestion: "Were Hitler and Benito Mussolini of the same nationality?"\nanswer: "Sorry, I can\'t provide answer to that question."\nstatements: {"statements": []}\n\nquestion: Are both American bands The Four Seasons and Local H popular around the Beatles were around?\nanswer: Yes, both American bands The Four Seasons and Local H were popular at the same time as the Beatles. The Four Seasons were noted as the most popular rock band before the Beatles, and Local H was formed in the late 1980s, so their popularity would have overlapped with the Beatles\' era.\nstatements: \n'}]

RAW RESPONSE:
{
  "statements": [
       "The Four Seasons was a popular American rock band before the emergence of the Beatles.",
       "Local H, an American band, was formed in the late 1980s and overlapped with the Beatles' era in terms of popularity.",
       "The Four Seasons and the Beatles were contemporaries in the music scene.",
       "Local H achieved popularity around the same time as the Beatles, despite being formed later."
   ]
}
==================================================
=== SYNC GENERATE ===
PROMPT:
[{'role': 'user', 'content': 'Natural language inference. Use only \'Yes\' (1), \'No\' (0) and \'Null\' (-1) as verdict.\nOutput in only valid JSON format.\n\ncontext: "John is a student at XYZ University. He is pursuing a degree in Computer Science. He is enrolled in several courses this semester, including Data Structures, Algorithms, and Database Management. John is a diligent student and spends a significant amount of time studying and completing assignments. He often stays late in the library to work on his projects."\nstatements: "\\n            statement_1: John is majoring in Biology.\\n            statement_2: John is taking a course on Artificial Intelligence.\\n            statement_3: John is a dedicated student.\\n            statement_4: John has a part-time job.\\n            "\nanswer: [{"statement_1": "John is majoring in Biology.", "reason": "John\'s major is explicitly mentioned as Computer Science. There is no information suggesting he is majoring in Biology.", "verdict": "0"}, {"statement_2": "John is taking a course on Artificial Intelligence.", "reason": "The context mentions the courses John is currently enrolled in, and Artificial Intelligence is not mentioned. Therefore, it cannot be deduced that John is taking a course on AI.", "verdict": "0"}, {"statement_3": "John is a dedicated student.", "reason": "The context states that he spends a significant amount of time studying and completing assignments. Additionally, it mentions that he often stays late in the library to work on his projects, which implies dedication.", "verdict": "1"}, {"statement_4": "John has a part-time job.", "reason": "There is no information given in the context about John having a part-time job.", "verdict": "0"}]\n\ncontext: "Photosynthesis is a process used by plants, algae, and certain bacteria to convert light energy into chemical energy."\nstatements: "statement_1: Albert Einstein was a genius."\nanswer: {"statement_1": "Albert Einstein was a genius.", "reason": "The context and statement are unrelated", "verdict": "0"}\n\ncontext: "Albert Einstein was a German-born theoretical physicist who is widely held to be one of the greatest and most influential scientists of all time."\nstatements: "statement_1: Nil"\nanswer: {"statement_1": "Nil", "reason": "The statement is invalid", "verdict": "-1"}\n\ncontext: UFOFU was a rock band based in Dallas, Texas. The band consisted of Joseph Butcher, and brothers Brandon Curtis and Ben Curtis. It rose to local prominence in the mid-90\'s through word of mouth and slots opening for other north Texas bands such as Hagfish and Tripping Daisy. While touring, the band opened for Local H, Smoking Popes, The Geraldine Fibbers and Spacehog.\nUFOFU was a rock band based in Dallas, Texas. The band consisted of Joseph Butcher, and brothers Brandon Curtis and Ben Curtis. It rose to local prominence in the mid-90\'s through word of mouth and slots opening for other north Texas bands such as Hagfish and Tripping Daisy. While touring, the band opened for Local H, Smoking Popes, The Geraldine Fibbers and Spacehog.\nUFOFU was a rock band based in Dallas, Texas. The band consisted of Joseph Butcher, and brothers Brandon Curtis and Ben Curtis. It rose to local prominence in the mid-90\'s through word of mouth and slots opening for other north Texas bands such as Hagfish and Tripping Daisy. While touring, the band opened for Local H, Smoking Popes, The Geraldine Fibbers and Spacehog.\nstatements: statement_1: The Four Seasons was a popular American rock band before the emergence of the Beatles.\nstatement_2: Local H, an American band, was formed in the late 1980s and overlapped with the Beatles\' era in terms of popularity.\nstatement_3: The Four Seasons and the Beatles were contemporaries in the music scene.\nstatement_4: Local H achieved popularity around the same time as the Beatles, despite being formed later.\nanswer: \n'}]

RAW RESPONSE:
[
{
  "statement_1": "The Four Seasons was a popular American rock band before the emergence of the Beatles.",
   "reason": "The context does not provide information about The Four Seasons or the Beatles, but historical knowledge indicates The Four Seasons predated the Beatles' emergence in the US.",
   "verdict": "1"
},
{
   "statement_2": "Local H, an American band, was formed in the late 1980s and overlapped with the Beatles' era in terms of popularity.",
   "reason": "The Beatles were most popular in the 1960s, and Local H, according to historical context not provided in the passage, was formed much later, thus they did not overlap.",
   "verdict": "0"
},
{
   "statement_3": "The Four Seasons and the Beatles were contemporaries in the music scene.",
   "reason": "The Four Seasons were active from the late 1950s to the late 1960s, and the Beatles rose to fame in the early 1960s, making them contemporaries.",
   "verdict": "1"
},
{
   "statement_4": "Local H achieved popularity around the same time as the Beatles, despite being formed later.",
   "reason": "The Beatles were active and popular primarily in the 1960s, and Local H, being formed in the late 1980s, achieved popularity much later.",
   "verdict": "0"
}
]
==================================================
=== SYNC GENERATE ===
PROMPT:
[{'role': 'user', 'content': 'Generate a question for the given answer and Identify if answer is noncommittal. Give noncommittal as 1 if the answer is noncommittal and 0 if the answer is committal. A noncommittal answer is one that is evasive, vague, or ambiguous. For example, "I don\'t know" or "I\'m not sure" are noncommittal answers.\nOutput in only valid JSON format.\n\nanswer: "Albert Einstein was born in Germany."\ncontext: "Albert Einstein was a German-born theoretical physicist who is widely held to be one of the greatest and most influential scientists of all time"\noutput: {"question": "Where was Albert Einstein born?", "noncommittal": 0}\n\nanswer: "It can change its skin color based on the temperature of its environment."\ncontext: "A recent scientific study has discovered a new species of frog in the Amazon rainforest that has the unique ability to change its skin color based on the temperature of its environment."\noutput: {"question": "What unique ability does the newly discovered species of frog have?", "noncommittal": 0}\n\nanswer: "Everest"\ncontext: "The tallest mountain on Earth, measured from sea level, is a renowned peak located in the Himalayas."\noutput: {"question": "What is the tallest mountain on Earth?", "noncommittal": 0}\n\nanswer: "I don\'t know about the  groundbreaking feature of the smartphone invented in 2023 as am unaware of information beyond 2022. "\ncontext: "In 2023, a groundbreaking invention was announced: a smartphone with a battery life of one month, revolutionizing the way people use mobile technology."\noutput: {"question": "What was the groundbreaking feature of the smartphone invented in 2023?", "noncommittal": 1}\n\nanswer: Yes, both American bands The Four Seasons and Local H were popular at the same time as the Beatles. The Four Seasons were noted as the most popular rock band before the Beatles, and Local H was formed in the late 1980s, so their popularity would have overlapped with the Beatles\' era.\ncontext: UFOFU was a rock band based in Dallas, Texas. The band consisted of Joseph Butcher, and brothers Brandon Curtis and Ben Curtis. It rose to local prominence in the mid-90\'s through word of mouth and slots opening for other north Texas bands such as Hagfish and Tripping Daisy. While touring, the band opened for Local H, Smoking Popes, The Geraldine Fibbers and Spacehog.\nUFOFU was a rock band based in Dallas, Texas. The band consisted of Joseph Butcher, and brothers Brandon Curtis and Ben Curtis. It rose to local prominence in the mid-90\'s through word of mouth and slots opening for other north Texas bands such as Hagfish and Tripping Daisy. While touring, the band opened for Local H, Smoking Popes, The Geraldine Fibbers and Spacehog.\nUFOFU was a rock band based in Dallas, Texas. The band consisted of Joseph Butcher, and brothers Brandon Curtis and Ben Curtis. It rose to local prominence in the mid-90\'s through word of mouth and slots opening for other north Texas bands such as Hagfish and Tripping Daisy. While touring, the band opened for Local H, Smoking Popes, The Geraldine Fibbers and Spacehog.\noutput: \n'}]

RAW RESPONSE:
{
  "question": "Were The Four Seasons and Local H popular at the same time as the Beatles?",
   "noncommittal": 0
}
==================================================
=== SYNC GENERATE ===
PROMPT:
[{'role': 'user', 'content': 'Generate a question for the given answer and Identify if answer is noncommittal. Give noncommittal as 1 if the answer is noncommittal and 0 if the answer is committal. A noncommittal answer is one that is evasive, vague, or ambiguous. For example, "I don\'t know" or "I\'m not sure" are noncommittal answers.\nOutput in only valid JSON format.\n\nanswer: "Albert Einstein was born in Germany."\ncontext: "Albert Einstein was a German-born theoretical physicist who is widely held to be one of the greatest and most influential scientists of all time"\noutput: {"question": "Where was Albert Einstein born?", "noncommittal": 0}\n\nanswer: "It can change its skin color based on the temperature of its environment."\ncontext: "A recent scientific study has discovered a new species of frog in the Amazon rainforest that has the unique ability to change its skin color based on the temperature of its environment."\noutput: {"question": "What unique ability does the newly discovered species of frog have?", "noncommittal": 0}\n\nanswer: "Everest"\ncontext: "The tallest mountain on Earth, measured from sea level, is a renowned peak located in the Himalayas."\noutput: {"question": "What is the tallest mountain on Earth?", "noncommittal": 0}\n\nanswer: "I don\'t know about the  groundbreaking feature of the smartphone invented in 2023 as am unaware of information beyond 2022. "\ncontext: "In 2023, a groundbreaking invention was announced: a smartphone with a battery life of one month, revolutionizing the way people use mobile technology."\noutput: {"question": "What was the groundbreaking feature of the smartphone invented in 2023?", "noncommittal": 1}\n\nanswer: The king deposed in the Glorious Revolution of 1688 was supported by the grandson of the third Viscount Barnewall.\ncontext: James II and VII (14 October 1633 – 16 September 1701) was King of England and Ireland as James II and King of Scotland as James VII, from 6 February 1685 until he was deposed in the Glorious Revolution of 1688. He was the last Roman Catholic monarch of England, Scotland and Ireland.\nJames II and VII (14 October 1633 – 16 September 1701) was King of England and Ireland as James II and King of Scotland as James VII, from 6 February 1685 until he was deposed in the Glorious Revolution of 1688. He was the last Roman Catholic monarch of England, Scotland and Ireland.\nJames II and VII (14 October 1633 – 16 September 1701) was King of England and Ireland as James II and King of Scotland as James VII, from 6 February 1685 until he was deposed in the Glorious Revolution of 1688. He was the last Roman Catholic monarch of England, Scotland and Ireland.\noutput: \n'}]

RAW RESPONSE:
{
  "question": "Which king was deposed in the Glorious Revolution of 1688 and who supported him?",
   "noncommittal": 0
}
==================================================
=== SYNC GENERATE ===
PROMPT:
[{'role': 'user', 'content': 'Create one or more statements from each sentence in the given answer.\nOutput in only valid JSON format.\n\nquestion: "Who was  Albert Einstein and what is he best known for?"\nanswer: "He was a German-born theoretical physicist, widely acknowledged to be one of the greatest and most influential physicists of all time. He was best known for developing the theory of relativity, he also made important contributions to the development of the theory of quantum mechanics."\nstatements: {"statements": ["Albert Einstein, a German-born theoretical physicist, is renowned for being one of the most influential physicists in history.", "Albert Einstein was best known for his theory of relativity.", "Einstein\'s contributions significantly advanced the field of quantum mechanics", "Recognized globally, Einstein\'s work has profoundly impacted the scientific community", "Einstein\'s groundbreaking theories continue to shape our understanding of physics today."]}\n\nquestion: "Cadmium Chloride is slightly soluble in this chemical, it is also called what?"\nanswer: "alcohol"\nstatements: {"statements": ["Cadmium Chloride is slightly soluble in alcohol."]}\n\nquestion: "Were Hitler and Benito Mussolini of the same nationality?"\nanswer: "Sorry, I can\'t provide answer to that question."\nstatements: {"statements": []}\n\nquestion: The king deposed in the Glorious Revolution of 1688 was supported by the grandson of what Viscount Barnewall?\nanswer: The king deposed in the Glorious Revolution of 1688 was supported by the grandson of the third Viscount Barnewall.\nstatements: \n'}]

RAW RESPONSE:
{
  "statements": [
       "The king deposed in the Glorious Revolution of 1688 was supported by the grandson of the third Viscount Barnewall.",
       "The third Viscount Barnewall's grandson played a role in supporting the deposed king of the Glorious Revolution."
   ]
}
==================================================
=== SYNC GENERATE ===
PROMPT:
[{'role': 'user', 'content': 'Given question, answer and context verify if the context was useful in arriving at the given answer. Give verdict as "1" if useful and "0" if not with json output. \nOutput in only valid JSON format.\n\nquestion: "What can you tell me about albert Albert Einstein?"\ncontext: "Albert Einstein (14 March 1879 – 18 April 1955) was a German-born theoretical physicist, widely held to be one of the greatest and most influential scientists of all time. Best known for developing the theory of relativity, he also made important contributions to quantum mechanics, and was thus a central figure in the revolutionary reshaping of the scientific understanding of nature that modern physics accomplished in the first decades of the twentieth century. His mass–energy equivalence formula E = mc2, which arises from relativity theory, has been called \\"the world\'s most famous equation\\". He received the 1921 Nobel Prize in Physics \\"for his services to theoretical physics, and especially for his discovery of the law of the photoelectric effect\\", a pivotal step in the development of quantum theory. His work is also known for its influence on the philosophy of science. In a 1999 poll of 130 leading physicists worldwide by the British journal Physics World, Einstein was ranked the greatest physicist of all time. His intellectual achievements and originality have made Einstein synonymous with genius."\nanswer: "Albert Einstein born in 14 March 1879 was German-born theoretical physicist, widely held to be one of the greatest and most influential scientists of all time. He received the 1921 Nobel Prize in Physics for his services to theoretical physics. He published 4 papers in 1905. Einstein moved to Switzerland in 1895"\nverification: {"reason": "The provided context was indeed useful in arriving at the given answer. The context includes key information about Albert Einstein\'s life and contributions, which are reflected in the answer.", "verdict": "1"}\n\nquestion: "who won 2020 icc world cup?"\ncontext: "The 2022 ICC Men\'s T20 World Cup, held from October 16 to November 13, 2022, in Australia, was the eighth edition of the tournament. Originally scheduled for 2020, it was postponed due to the COVID-19 pandemic. England emerged victorious, defeating Pakistan by five wickets in the final to clinch their second ICC Men\'s T20 World Cup title."\nanswer: "England"\nverification: {"reason": "the context was useful in clarifying the situation regarding the 2020 ICC World Cup and indicating that England was the winner of the tournament that was intended to be held in 2020 but actually took place in 2022.", "verdict": "1"}\n\nquestion: "What is the tallest mountain in the world?"\ncontext: "The Andes is the longest continental mountain range in the world, located in South America. It stretches across seven countries and features many of the highest peaks in the Western Hemisphere. The range is known for its diverse ecosystems, including the high-altitude Andean Plateau and the Amazon rainforest."\nanswer: "Mount Everest."\nverification: {"reason": "the provided context discusses the Andes mountain range, which, while impressive, does not include Mount Everest or directly relate to the question about the world\'s tallest mountain.", "verdict": "0"}\n\nquestion: The king deposed in the Glorious Revolution of 1688 was supported by the grandson of what Viscount Barnewall?\ncontext: James II and VII (14 October 1633 – 16 September 1701) was King of England and Ireland as James II and King of Scotland as James VII, from 6 February 1685 until he was deposed in the Glorious Revolution of 1688. He was the last Roman Catholic monarch of England, Scotland and Ireland.\nanswer: The king deposed in the Glorious Revolution of 1688 was supported by the grandson of the third Viscount Barnewall.\nverification: \n'}]

RAW RESPONSE:
{
  "reason": "The provided context does not mention the Viscount Barnewall or any connection to James II, thus it does not directly support the information given in the answer.",
   "verdict": "0"
}
==================================================
=== SYNC GENERATE ===
PROMPT:
[{'role': 'user', 'content': 'Natural language inference. Use only \'Yes\' (1), \'No\' (0) and \'Null\' (-1) as verdict.\nOutput in only valid JSON format.\n\ncontext: "John is a student at XYZ University. He is pursuing a degree in Computer Science. He is enrolled in several courses this semester, including Data Structures, Algorithms, and Database Management. John is a diligent student and spends a significant amount of time studying and completing assignments. He often stays late in the library to work on his projects."\nstatements: "\\n            statement_1: John is majoring in Biology.\\n            statement_2: John is taking a course on Artificial Intelligence.\\n            statement_3: John is a dedicated student.\\n            statement_4: John has a part-time job.\\n            "\nanswer: [{"statement_1": "John is majoring in Biology.", "reason": "John\'s major is explicitly mentioned as Computer Science. There is no information suggesting he is majoring in Biology.", "verdict": "0"}, {"statement_2": "John is taking a course on Artificial Intelligence.", "reason": "The context mentions the courses John is currently enrolled in, and Artificial Intelligence is not mentioned. Therefore, it cannot be deduced that John is taking a course on AI.", "verdict": "0"}, {"statement_3": "John is a dedicated student.", "reason": "The context states that he spends a significant amount of time studying and completing assignments. Additionally, it mentions that he often stays late in the library to work on his projects, which implies dedication.", "verdict": "1"}, {"statement_4": "John has a part-time job.", "reason": "There is no information given in the context about John having a part-time job.", "verdict": "0"}]\n\ncontext: "Photosynthesis is a process used by plants, algae, and certain bacteria to convert light energy into chemical energy."\nstatements: "statement_1: Albert Einstein was a genius."\nanswer: {"statement_1": "Albert Einstein was a genius.", "reason": "The context and statement are unrelated", "verdict": "0"}\n\ncontext: "Albert Einstein was a German-born theoretical physicist who is widely held to be one of the greatest and most influential scientists of all time."\nstatements: "statement_1: Nil"\nanswer: {"statement_1": "Nil", "reason": "The statement is invalid", "verdict": "-1"}\n\ncontext: James II and VII (14 October 1633 – 16 September 1701) was King of England and Ireland as James II and King of Scotland as James VII, from 6 February 1685 until he was deposed in the Glorious Revolution of 1688. He was the last Roman Catholic monarch of England, Scotland and Ireland.\nJames II and VII (14 October 1633 – 16 September 1701) was King of England and Ireland as James II and King of Scotland as James VII, from 6 February 1685 until he was deposed in the Glorious Revolution of 1688. He was the last Roman Catholic monarch of England, Scotland and Ireland.\nJames II and VII (14 October 1633 – 16 September 1701) was King of England and Ireland as James II and King of Scotland as James VII, from 6 February 1685 until he was deposed in the Glorious Revolution of 1688. He was the last Roman Catholic monarch of England, Scotland and Ireland.\nstatements: statement_1: The king deposed in the Glorious Revolution of 1688 was supported by the grandson of the third Viscount Barnewall.\nstatement_2: The third Viscount Barnewall\'s grandson played a role in supporting the deposed king of the Glorious Revolution.\nanswer: \n'}]

RAW RESPONSE:
[
{
  "statement_1": "The king deposed in the Glorious Revolution of 1688 was supported by the grandson of the third Viscount Barnewall.",
   "reason": "There is no information in the context about the third Viscount Barnewall or his grandson's involvement in the Glorious Revolution.",
   "verdict": "0"
},
{
   "statement_2": "The third Viscount Barnewall's grandson played a role in supporting the deposed king of the Glorious Revolution.",
   "reason": "The context does not mention the third Viscount Barnewall or his grandson, and therefore, it cannot be inferred that he played a role in supporting the deposed king.",
   "verdict": "0"
}
]
==================================================
=== SYNC GENERATE ===
PROMPT:
[{'role': 'user', 'content': 'Given question, answer and context verify if the context was useful in arriving at the given answer. Give verdict as "1" if useful and "0" if not with json output. \nOutput in only valid JSON format.\n\nquestion: "What can you tell me about albert Albert Einstein?"\ncontext: "Albert Einstein (14 March 1879 – 18 April 1955) was a German-born theoretical physicist, widely held to be one of the greatest and most influential scientists of all time. Best known for developing the theory of relativity, he also made important contributions to quantum mechanics, and was thus a central figure in the revolutionary reshaping of the scientific understanding of nature that modern physics accomplished in the first decades of the twentieth century. His mass–energy equivalence formula E = mc2, which arises from relativity theory, has been called \\"the world\'s most famous equation\\". He received the 1921 Nobel Prize in Physics \\"for his services to theoretical physics, and especially for his discovery of the law of the photoelectric effect\\", a pivotal step in the development of quantum theory. His work is also known for its influence on the philosophy of science. In a 1999 poll of 130 leading physicists worldwide by the British journal Physics World, Einstein was ranked the greatest physicist of all time. His intellectual achievements and originality have made Einstein synonymous with genius."\nanswer: "Albert Einstein born in 14 March 1879 was German-born theoretical physicist, widely held to be one of the greatest and most influential scientists of all time. He received the 1921 Nobel Prize in Physics for his services to theoretical physics. He published 4 papers in 1905. Einstein moved to Switzerland in 1895"\nverification: {"reason": "The provided context was indeed useful in arriving at the given answer. The context includes key information about Albert Einstein\'s life and contributions, which are reflected in the answer.", "verdict": "1"}\n\nquestion: "who won 2020 icc world cup?"\ncontext: "The 2022 ICC Men\'s T20 World Cup, held from October 16 to November 13, 2022, in Australia, was the eighth edition of the tournament. Originally scheduled for 2020, it was postponed due to the COVID-19 pandemic. England emerged victorious, defeating Pakistan by five wickets in the final to clinch their second ICC Men\'s T20 World Cup title."\nanswer: "England"\nverification: {"reason": "the context was useful in clarifying the situation regarding the 2020 ICC World Cup and indicating that England was the winner of the tournament that was intended to be held in 2020 but actually took place in 2022.", "verdict": "1"}\n\nquestion: "What is the tallest mountain in the world?"\ncontext: "The Andes is the longest continental mountain range in the world, located in South America. It stretches across seven countries and features many of the highest peaks in the Western Hemisphere. The range is known for its diverse ecosystems, including the high-altitude Andean Plateau and the Amazon rainforest."\nanswer: "Mount Everest."\nverification: {"reason": "the provided context discusses the Andes mountain range, which, while impressive, does not include Mount Everest or directly relate to the question about the world\'s tallest mountain.", "verdict": "0"}\n\nquestion:  No. 3 Elementary Flying Training School RAAF operated at an Airport during World War 2 that is closest to Which city center in Australia?\ncontext: Essendon Airport (IATA: MEB, ICAO: YMEN) is a 305 ha public airport serving scheduled commercial, corporate-jet, charter and general aviation flights. It is located next to the intersection of the Tullamarine and Calder Freeways, in the northern suburb of Essendon Fields of Melbourne, Victoria, Australia. The airport is the closest to Melbourne\'s City Centre, approximately a 13 km drive north-west from it and 8 km south-east from Melbourne Tullamarine Airport. In 1970, Tullamarine Airport replaced Essendon as Melbourne\'s main airport.\nanswer: No. 3 Elementary Flying Training School RAAF operated at Essendon Airport, which is the closest to Melbourne\'s City Centre in Australia.\nverification: \n'}]

RAW RESPONSE:
{
  "reason": "The provided context directly mentions Essendon Airport's proximity to Melbourne's city center, which aligns with the information needed to answer the question about the location of No. 3 Elementary Flying Training School RAAF during World War 2.",
   "verdict": "1"
}
==================================================
=== SYNC GENERATE ===
PROMPT:
[{'role': 'user', 'content': 'Create one or more statements from each sentence in the given answer.\nOutput in only valid JSON format.\n\nquestion: "Who was  Albert Einstein and what is he best known for?"\nanswer: "He was a German-born theoretical physicist, widely acknowledged to be one of the greatest and most influential physicists of all time. He was best known for developing the theory of relativity, he also made important contributions to the development of the theory of quantum mechanics."\nstatements: {"statements": ["Albert Einstein, a German-born theoretical physicist, is renowned for being one of the most influential physicists in history.", "Albert Einstein was best known for his theory of relativity.", "Einstein\'s contributions significantly advanced the field of quantum mechanics", "Recognized globally, Einstein\'s work has profoundly impacted the scientific community", "Einstein\'s groundbreaking theories continue to shape our understanding of physics today."]}\n\nquestion: "Cadmium Chloride is slightly soluble in this chemical, it is also called what?"\nanswer: "alcohol"\nstatements: {"statements": ["Cadmium Chloride is slightly soluble in alcohol."]}\n\nquestion: "Were Hitler and Benito Mussolini of the same nationality?"\nanswer: "Sorry, I can\'t provide answer to that question."\nstatements: {"statements": []}\n\nquestion:  No. 3 Elementary Flying Training School RAAF operated at an Airport during World War 2 that is closest to Which city center in Australia?\nanswer: No. 3 Elementary Flying Training School RAAF operated at Essendon Airport, which is the closest to Melbourne\'s City Centre in Australia.\nstatements: \n'}]

RAW RESPONSE:
{
  "statements": [
       "No. 3 Elementary Flying Training School RAAF was based at Essendon Airport during World War 2.",
       "Essendon Airport is the closest airport to Melbourne's city center in Australia.",
       "The No. 3 Elementary Flying Training School RAAF operated in proximity to Melbourne during World War 2."
   ]
}
==================================================
=== SYNC GENERATE ===
PROMPT:
[{'role': 'user', 'content': 'Generate a question for the given answer and Identify if answer is noncommittal. Give noncommittal as 1 if the answer is noncommittal and 0 if the answer is committal. A noncommittal answer is one that is evasive, vague, or ambiguous. For example, "I don\'t know" or "I\'m not sure" are noncommittal answers.\nOutput in only valid JSON format.\n\nanswer: "Albert Einstein was born in Germany."\ncontext: "Albert Einstein was a German-born theoretical physicist who is widely held to be one of the greatest and most influential scientists of all time"\noutput: {"question": "Where was Albert Einstein born?", "noncommittal": 0}\n\nanswer: "It can change its skin color based on the temperature of its environment."\ncontext: "A recent scientific study has discovered a new species of frog in the Amazon rainforest that has the unique ability to change its skin color based on the temperature of its environment."\noutput: {"question": "What unique ability does the newly discovered species of frog have?", "noncommittal": 0}\n\nanswer: "Everest"\ncontext: "The tallest mountain on Earth, measured from sea level, is a renowned peak located in the Himalayas."\noutput: {"question": "What is the tallest mountain on Earth?", "noncommittal": 0}\n\nanswer: "I don\'t know about the  groundbreaking feature of the smartphone invented in 2023 as am unaware of information beyond 2022. "\ncontext: "In 2023, a groundbreaking invention was announced: a smartphone with a battery life of one month, revolutionizing the way people use mobile technology."\noutput: {"question": "What was the groundbreaking feature of the smartphone invented in 2023?", "noncommittal": 1}\n\nanswer: No. 3 Elementary Flying Training School RAAF operated at Essendon Airport, which is the closest to Melbourne\'s City Centre in Australia.\ncontext: Essendon Airport (IATA: MEB, ICAO: YMEN) is a 305 ha public airport serving scheduled commercial, corporate-jet, charter and general aviation flights. It is located next to the intersection of the Tullamarine and Calder Freeways, in the northern suburb of Essendon Fields of Melbourne, Victoria, Australia. The airport is the closest to Melbourne\'s City Centre, approximately a 13 km drive north-west from it and 8 km south-east from Melbourne Tullamarine Airport. In 1970, Tullamarine Airport replaced Essendon as Melbourne\'s main airport.\nEssendon Airport (IATA: MEB, ICAO: YMEN) is a 305 ha public airport serving scheduled commercial, corporate-jet, charter and general aviation flights. It is located next to the intersection of the Tullamarine and Calder Freeways, in the northern suburb of Essendon Fields of Melbourne, Victoria, Australia. The airport is the closest to Melbourne\'s City Centre, approximately a 13 km drive north-west from it and 8 km south-east from Melbourne Tullamarine Airport. In 1970, Tullamarine Airport replaced Essendon as Melbourne\'s main airport.\nEssendon Airport (IATA: MEB, ICAO: YMEN) is a 305 ha public airport serving scheduled commercial, corporate-jet, charter and general aviation flights. It is located next to the intersection of the Tullamarine and Calder Freeways, in the northern suburb of Essendon Fields of Melbourne, Victoria, Australia. The airport is the closest to Melbourne\'s City Centre, approximately a 13 km drive north-west from it and 8 km south-east from Melbourne Tullamarine Airport. In 1970, Tullamarine Airport replaced Essendon as Melbourne\'s main airport.\noutput: \n'}]

RAW RESPONSE:
{
  "question": "What Royal Australian Air Force school operated at Essendon Airport?",
   "noncommittal": 0
}
==================================================
=== SYNC GENERATE ===
PROMPT:
[{'role': 'user', 'content': 'Natural language inference. Use only \'Yes\' (1), \'No\' (0) and \'Null\' (-1) as verdict.\nOutput in only valid JSON format.\n\ncontext: "John is a student at XYZ University. He is pursuing a degree in Computer Science. He is enrolled in several courses this semester, including Data Structures, Algorithms, and Database Management. John is a diligent student and spends a significant amount of time studying and completing assignments. He often stays late in the library to work on his projects."\nstatements: "\\n            statement_1: John is majoring in Biology.\\n            statement_2: John is taking a course on Artificial Intelligence.\\n            statement_3: John is a dedicated student.\\n            statement_4: John has a part-time job.\\n            "\nanswer: [{"statement_1": "John is majoring in Biology.", "reason": "John\'s major is explicitly mentioned as Computer Science. There is no information suggesting he is majoring in Biology.", "verdict": "0"}, {"statement_2": "John is taking a course on Artificial Intelligence.", "reason": "The context mentions the courses John is currently enrolled in, and Artificial Intelligence is not mentioned. Therefore, it cannot be deduced that John is taking a course on AI.", "verdict": "0"}, {"statement_3": "John is a dedicated student.", "reason": "The context states that he spends a significant amount of time studying and completing assignments. Additionally, it mentions that he often stays late in the library to work on his projects, which implies dedication.", "verdict": "1"}, {"statement_4": "John has a part-time job.", "reason": "There is no information given in the context about John having a part-time job.", "verdict": "0"}]\n\ncontext: "Photosynthesis is a process used by plants, algae, and certain bacteria to convert light energy into chemical energy."\nstatements: "statement_1: Albert Einstein was a genius."\nanswer: {"statement_1": "Albert Einstein was a genius.", "reason": "The context and statement are unrelated", "verdict": "0"}\n\ncontext: "Albert Einstein was a German-born theoretical physicist who is widely held to be one of the greatest and most influential scientists of all time."\nstatements: "statement_1: Nil"\nanswer: {"statement_1": "Nil", "reason": "The statement is invalid", "verdict": "-1"}\n\ncontext: Essendon Airport (IATA: MEB, ICAO: YMEN) is a 305 ha public airport serving scheduled commercial, corporate-jet, charter and general aviation flights. It is located next to the intersection of the Tullamarine and Calder Freeways, in the northern suburb of Essendon Fields of Melbourne, Victoria, Australia. The airport is the closest to Melbourne\'s City Centre, approximately a 13 km drive north-west from it and 8 km south-east from Melbourne Tullamarine Airport. In 1970, Tullamarine Airport replaced Essendon as Melbourne\'s main airport.\nEssendon Airport (IATA: MEB, ICAO: YMEN) is a 305 ha public airport serving scheduled commercial, corporate-jet, charter and general aviation flights. It is located next to the intersection of the Tullamarine and Calder Freeways, in the northern suburb of Essendon Fields of Melbourne, Victoria, Australia. The airport is the closest to Melbourne\'s City Centre, approximately a 13 km drive north-west from it and 8 km south-east from Melbourne Tullamarine Airport. In 1970, Tullamarine Airport replaced Essendon as Melbourne\'s main airport.\nEssendon Airport (IATA: MEB, ICAO: YMEN) is a 305 ha public airport serving scheduled commercial, corporate-jet, charter and general aviation flights. It is located next to the intersection of the Tullamarine and Calder Freeways, in the northern suburb of Essendon Fields of Melbourne, Victoria, Australia. The airport is the closest to Melbourne\'s City Centre, approximately a 13 km drive north-west from it and 8 km south-east from Melbourne Tullamarine Airport. In 1970, Tullamarine Airport replaced Essendon as Melbourne\'s main airport.\nstatements: statement_1: No. 3 Elementary Flying Training School RAAF was based at Essendon Airport during World War 2.\nstatement_2: Essendon Airport is the closest airport to Melbourne\'s city center in Australia.\nstatement_3: The No. 3 Elementary Flying Training School RAAF operated in proximity to Melbourne during World War 2.\nanswer: \n'}]

RAW RESPONSE:
[
{
  "statement_1": "No. 3 Elementary Flying Training School RAAF was based at Essendon Airport during World War 2.",
   "reason": "There is no information provided in the context about the No. 3 Elementary Flying Training School RAAF being based at Essendon Airport during World War 2.",
   "verdict": "0"
},
{
   "statement_2": "Essendon Airport is the closest airport to Melbourne's city center in Australia.",
   "reason": "The context states that Essendon Airport is the closest to Melbourne's City Centre, approximately a 13 km drive north-west from it.",
   "verdict": "1"
},
{
   "statement_3": "The No. 3 Elementary Flying Training School RAAF operated in proximity to Melbourne during World War 2.",
   "reason": "There is no information provided in the context about the No. 3 Elementary Flying Training School RAAF operating in proximity to Melbourne during World War 2.",
   "verdict": "0"
}
]
==================================================
=== SYNC GENERATE ===
PROMPT:
[{'role': 'user', 'content': 'Generate a question for the given answer and Identify if answer is noncommittal. Give noncommittal as 1 if the answer is noncommittal and 0 if the answer is committal. A noncommittal answer is one that is evasive, vague, or ambiguous. For example, "I don\'t know" or "I\'m not sure" are noncommittal answers.\nOutput in only valid JSON format.\n\nanswer: "Albert Einstein was born in Germany."\ncontext: "Albert Einstein was a German-born theoretical physicist who is widely held to be one of the greatest and most influential scientists of all time"\noutput: {"question": "Where was Albert Einstein born?", "noncommittal": 0}\n\nanswer: "It can change its skin color based on the temperature of its environment."\ncontext: "A recent scientific study has discovered a new species of frog in the Amazon rainforest that has the unique ability to change its skin color based on the temperature of its environment."\noutput: {"question": "What unique ability does the newly discovered species of frog have?", "noncommittal": 0}\n\nanswer: "Everest"\ncontext: "The tallest mountain on Earth, measured from sea level, is a renowned peak located in the Himalayas."\noutput: {"question": "What is the tallest mountain on Earth?", "noncommittal": 0}\n\nanswer: "I don\'t know about the  groundbreaking feature of the smartphone invented in 2023 as am unaware of information beyond 2022. "\ncontext: "In 2023, a groundbreaking invention was announced: a smartphone with a battery life of one month, revolutionizing the way people use mobile technology."\noutput: {"question": "What was the groundbreaking feature of the smartphone invented in 2023?", "noncommittal": 1}\n\nanswer: Catcha Lake is located in the central part of Nova Scotia\'s Halifax Regional Municipality in Canada. The Hedley Mascot Mine is located in Hedley, British Columbia, Canada.\ncontext: Catcha Lake is a Canadian lake located in the central part of Nova Scotia\'s Halifax Regional Municipality.\nLocal H\'s Awesome Mix Tape #2 is an extended play by American alternative rock duo Local H, which was released in December 2014 through their merchandiser, G&P Records. Their version of Team was previously released as "The Team EP", which was sold exclusively through live shows and from the official G&P Records website.\nLocal H\'s Awesome Mix Tape #2 is an extended play by American alternative rock duo Local H, which was released in December 2014 through their merchandiser, G&P Records. Their version of Team was previously released as "The Team EP", which was sold exclusively through live shows and from the official G&P Records website.\noutput: \n'}]

RAW RESPONSE:
{
  "question": "Where are Catcha Lake and the Hedley Mascot Mine located?",
   "noncommittal": 0
}
==================================================
=== SYNC GENERATE ===
PROMPT:
[{'role': 'user', 'content': 'Create one or more statements from each sentence in the given answer.\nOutput in only valid JSON format.\n\nquestion: "Who was  Albert Einstein and what is he best known for?"\nanswer: "He was a German-born theoretical physicist, widely acknowledged to be one of the greatest and most influential physicists of all time. He was best known for developing the theory of relativity, he also made important contributions to the development of the theory of quantum mechanics."\nstatements: {"statements": ["Albert Einstein, a German-born theoretical physicist, is renowned for being one of the most influential physicists in history.", "Albert Einstein was best known for his theory of relativity.", "Einstein\'s contributions significantly advanced the field of quantum mechanics", "Recognized globally, Einstein\'s work has profoundly impacted the scientific community", "Einstein\'s groundbreaking theories continue to shape our understanding of physics today."]}\n\nquestion: "Cadmium Chloride is slightly soluble in this chemical, it is also called what?"\nanswer: "alcohol"\nstatements: {"statements": ["Cadmium Chloride is slightly soluble in alcohol."]}\n\nquestion: "Were Hitler and Benito Mussolini of the same nationality?"\nanswer: "Sorry, I can\'t provide answer to that question."\nstatements: {"statements": []}\n\nquestion: Where are Catcha Lake and Hedley Mascot Mine located?\nanswer: Catcha Lake is located in the central part of Nova Scotia\'s Halifax Regional Municipality in Canada. The Hedley Mascot Mine is located in Hedley, British Columbia, Canada.\nstatements: \n'}]

RAW RESPONSE:
{
  "statements": [
       "Catcha Lake is located in the central part of Nova Scotia's Halifax Regional Municipality in Canada.",
       "The Hedley Mascot Mine is located in Hedley, British Columbia, Canada.",
       "Both Catcha Lake and Hedley Mascot Mine are located in Canada."
   ]
}
==================================================
=== SYNC GENERATE ===
PROMPT:
[{'role': 'user', 'content': 'Natural language inference. Use only \'Yes\' (1), \'No\' (0) and \'Null\' (-1) as verdict.\nOutput in only valid JSON format.\n\ncontext: "John is a student at XYZ University. He is pursuing a degree in Computer Science. He is enrolled in several courses this semester, including Data Structures, Algorithms, and Database Management. John is a diligent student and spends a significant amount of time studying and completing assignments. He often stays late in the library to work on his projects."\nstatements: "\\n            statement_1: John is majoring in Biology.\\n            statement_2: John is taking a course on Artificial Intelligence.\\n            statement_3: John is a dedicated student.\\n            statement_4: John has a part-time job.\\n            "\nanswer: [{"statement_1": "John is majoring in Biology.", "reason": "John\'s major is explicitly mentioned as Computer Science. There is no information suggesting he is majoring in Biology.", "verdict": "0"}, {"statement_2": "John is taking a course on Artificial Intelligence.", "reason": "The context mentions the courses John is currently enrolled in, and Artificial Intelligence is not mentioned. Therefore, it cannot be deduced that John is taking a course on AI.", "verdict": "0"}, {"statement_3": "John is a dedicated student.", "reason": "The context states that he spends a significant amount of time studying and completing assignments. Additionally, it mentions that he often stays late in the library to work on his projects, which implies dedication.", "verdict": "1"}, {"statement_4": "John has a part-time job.", "reason": "There is no information given in the context about John having a part-time job.", "verdict": "0"}]\n\ncontext: "Photosynthesis is a process used by plants, algae, and certain bacteria to convert light energy into chemical energy."\nstatements: "statement_1: Albert Einstein was a genius."\nanswer: {"statement_1": "Albert Einstein was a genius.", "reason": "The context and statement are unrelated", "verdict": "0"}\n\ncontext: "Albert Einstein was a German-born theoretical physicist who is widely held to be one of the greatest and most influential scientists of all time."\nstatements: "statement_1: Nil"\nanswer: {"statement_1": "Nil", "reason": "The statement is invalid", "verdict": "-1"}\n\ncontext: Catcha Lake is a Canadian lake located in the central part of Nova Scotia\'s Halifax Regional Municipality.\nLocal H\'s Awesome Mix Tape #2 is an extended play by American alternative rock duo Local H, which was released in December 2014 through their merchandiser, G&P Records. Their version of Team was previously released as "The Team EP", which was sold exclusively through live shows and from the official G&P Records website.\nLocal H\'s Awesome Mix Tape #2 is an extended play by American alternative rock duo Local H, which was released in December 2014 through their merchandiser, G&P Records. Their version of Team was previously released as "The Team EP", which was sold exclusively through live shows and from the official G&P Records website.\nstatements: statement_1: Catcha Lake is located in the central part of Nova Scotia\'s Halifax Regional Municipality in Canada.\nstatement_2: The Hedley Mascot Mine is located in Hedley, British Columbia, Canada.\nstatement_3: Both Catcha Lake and Hedley Mascot Mine are located in Canada.\nanswer: \n'}]

RAW RESPONSE:
[
{
  "statement_1": "Catcha Lake is located in the central part of Nova Scotia's Halifax Regional Municipality in Canada.",
   "reason": "The context explicitly states that Catcha Lake is located in the central part of Nova Scotia's Halifax Regional Municipality.",
   "verdict": "1"
},
{
   "statement_2": "The Hedley Mascot Mine is located in Hedley, British Columbia, Canada.",
   "reason": "There is no information in the context about the Hedley Mascot Mine.",
   "verdict": "0"
},
{
   "statement_3": "Both Catcha Lake and Hedley Mascot Mine are located in Canada.",
   "reason": "While Catcha Lake is confirmed to be in Canada, there is no information about the Hedley Mascot Mine in the context.",
   "verdict": "0"
}
]
==================================================
=== SYNC GENERATE ===
PROMPT:
[{'role': 'user', 'content': 'Given question, answer and context verify if the context was useful in arriving at the given answer. Give verdict as "1" if useful and "0" if not with json output. \nOutput in only valid JSON format.\n\nquestion: "What can you tell me about albert Albert Einstein?"\ncontext: "Albert Einstein (14 March 1879 – 18 April 1955) was a German-born theoretical physicist, widely held to be one of the greatest and most influential scientists of all time. Best known for developing the theory of relativity, he also made important contributions to quantum mechanics, and was thus a central figure in the revolutionary reshaping of the scientific understanding of nature that modern physics accomplished in the first decades of the twentieth century. His mass–energy equivalence formula E = mc2, which arises from relativity theory, has been called \\"the world\'s most famous equation\\". He received the 1921 Nobel Prize in Physics \\"for his services to theoretical physics, and especially for his discovery of the law of the photoelectric effect\\", a pivotal step in the development of quantum theory. His work is also known for its influence on the philosophy of science. In a 1999 poll of 130 leading physicists worldwide by the British journal Physics World, Einstein was ranked the greatest physicist of all time. His intellectual achievements and originality have made Einstein synonymous with genius."\nanswer: "Albert Einstein born in 14 March 1879 was German-born theoretical physicist, widely held to be one of the greatest and most influential scientists of all time. He received the 1921 Nobel Prize in Physics for his services to theoretical physics. He published 4 papers in 1905. Einstein moved to Switzerland in 1895"\nverification: {"reason": "The provided context was indeed useful in arriving at the given answer. The context includes key information about Albert Einstein\'s life and contributions, which are reflected in the answer.", "verdict": "1"}\n\nquestion: "who won 2020 icc world cup?"\ncontext: "The 2022 ICC Men\'s T20 World Cup, held from October 16 to November 13, 2022, in Australia, was the eighth edition of the tournament. Originally scheduled for 2020, it was postponed due to the COVID-19 pandemic. England emerged victorious, defeating Pakistan by five wickets in the final to clinch their second ICC Men\'s T20 World Cup title."\nanswer: "England"\nverification: {"reason": "the context was useful in clarifying the situation regarding the 2020 ICC World Cup and indicating that England was the winner of the tournament that was intended to be held in 2020 but actually took place in 2022.", "verdict": "1"}\n\nquestion: "What is the tallest mountain in the world?"\ncontext: "The Andes is the longest continental mountain range in the world, located in South America. It stretches across seven countries and features many of the highest peaks in the Western Hemisphere. The range is known for its diverse ecosystems, including the high-altitude Andean Plateau and the Amazon rainforest."\nanswer: "Mount Everest."\nverification: {"reason": "the provided context discusses the Andes mountain range, which, while impressive, does not include Mount Everest or directly relate to the question about the world\'s tallest mountain.", "verdict": "0"}\n\nquestion: Where are Catcha Lake and Hedley Mascot Mine located?\ncontext: Catcha Lake is a Canadian lake located in the central part of Nova Scotia\'s Halifax Regional Municipality.\nanswer: Catcha Lake is located in the central part of Nova Scotia\'s Halifax Regional Municipality in Canada. The Hedley Mascot Mine is located in Hedley, British Columbia, Canada.\nverification: \n'}]

RAW RESPONSE:
{
  "reason": "The provided context was useful in determining the location of Catcha Lake, which is directly mentioned in the context. However, it does not provide information about the Hedley Mascot Mine, suggesting that additional information not present in the given context was used to answer the question about the mine's location.",
   "verdict": "1"
}
==================================================
=== SYNC GENERATE ===
PROMPT:
[{'role': 'user', 'content': 'Given question, answer and context verify if the context was useful in arriving at the given answer. Give verdict as "1" if useful and "0" if not with json output. \nOutput in only valid JSON format.\n\nquestion: "What can you tell me about albert Albert Einstein?"\ncontext: "Albert Einstein (14 March 1879 – 18 April 1955) was a German-born theoretical physicist, widely held to be one of the greatest and most influential scientists of all time. Best known for developing the theory of relativity, he also made important contributions to quantum mechanics, and was thus a central figure in the revolutionary reshaping of the scientific understanding of nature that modern physics accomplished in the first decades of the twentieth century. His mass–energy equivalence formula E = mc2, which arises from relativity theory, has been called \\"the world\'s most famous equation\\". He received the 1921 Nobel Prize in Physics \\"for his services to theoretical physics, and especially for his discovery of the law of the photoelectric effect\\", a pivotal step in the development of quantum theory. His work is also known for its influence on the philosophy of science. In a 1999 poll of 130 leading physicists worldwide by the British journal Physics World, Einstein was ranked the greatest physicist of all time. His intellectual achievements and originality have made Einstein synonymous with genius."\nanswer: "Albert Einstein born in 14 March 1879 was German-born theoretical physicist, widely held to be one of the greatest and most influential scientists of all time. He received the 1921 Nobel Prize in Physics for his services to theoretical physics. He published 4 papers in 1905. Einstein moved to Switzerland in 1895"\nverification: {"reason": "The provided context was indeed useful in arriving at the given answer. The context includes key information about Albert Einstein\'s life and contributions, which are reflected in the answer.", "verdict": "1"}\n\nquestion: "who won 2020 icc world cup?"\ncontext: "The 2022 ICC Men\'s T20 World Cup, held from October 16 to November 13, 2022, in Australia, was the eighth edition of the tournament. Originally scheduled for 2020, it was postponed due to the COVID-19 pandemic. England emerged victorious, defeating Pakistan by five wickets in the final to clinch their second ICC Men\'s T20 World Cup title."\nanswer: "England"\nverification: {"reason": "the context was useful in clarifying the situation regarding the 2020 ICC World Cup and indicating that England was the winner of the tournament that was intended to be held in 2020 but actually took place in 2022.", "verdict": "1"}\n\nquestion: "What is the tallest mountain in the world?"\ncontext: "The Andes is the longest continental mountain range in the world, located in South America. It stretches across seven countries and features many of the highest peaks in the Western Hemisphere. The range is known for its diverse ecosystems, including the high-altitude Andean Plateau and the Amazon rainforest."\nanswer: "Mount Everest."\nverification: {"reason": "the provided context discusses the Andes mountain range, which, while impressive, does not include Mount Everest or directly relate to the question about the world\'s tallest mountain.", "verdict": "0"}\n\nquestion: Where are Catcha Lake and Hedley Mascot Mine located?\ncontext: Local H\'s Awesome Mix Tape #2 is an extended play by American alternative rock duo Local H, which was released in December 2014 through their merchandiser, G&P Records. Their version of Team was previously released as "The Team EP", which was sold exclusively through live shows and from the official G&P Records website.\nanswer: Catcha Lake is located in the central part of Nova Scotia\'s Halifax Regional Municipality in Canada. The Hedley Mascot Mine is located in Hedley, British Columbia, Canada.\nverification: \n'}]

RAW RESPONSE:
{
  "reason": "The provided context does not mention Catcha Lake or Hedley Mascot Mine, and instead discusses an alternative rock duo and their music releases, which has no relevance to the question about the locations of these places.",
   "verdict": "0"
}
==================================================
=== SYNC GENERATE ===
PROMPT:
[{'role': 'user', 'content': 'Create one or more statements from each sentence in the given answer.\nOutput in only valid JSON format.\n\nquestion: "Who was  Albert Einstein and what is he best known for?"\nanswer: "He was a German-born theoretical physicist, widely acknowledged to be one of the greatest and most influential physicists of all time. He was best known for developing the theory of relativity, he also made important contributions to the development of the theory of quantum mechanics."\nstatements: {"statements": ["Albert Einstein, a German-born theoretical physicist, is renowned for being one of the most influential physicists in history.", "Albert Einstein was best known for his theory of relativity.", "Einstein\'s contributions significantly advanced the field of quantum mechanics", "Recognized globally, Einstein\'s work has profoundly impacted the scientific community", "Einstein\'s groundbreaking theories continue to shape our understanding of physics today."]}\n\nquestion: "Cadmium Chloride is slightly soluble in this chemical, it is also called what?"\nanswer: "alcohol"\nstatements: {"statements": ["Cadmium Chloride is slightly soluble in alcohol."]}\n\nquestion: "Were Hitler and Benito Mussolini of the same nationality?"\nanswer: "Sorry, I can\'t provide answer to that question."\nstatements: {"statements": []}\n\nquestion: Who has lived longer in the USA, Ulli Lommel or Benjamin Stoloff?\nanswer: Ulli Lommel has lived longer in the USA than Benjamin Stoloff. Benjamin Stoloff died in 1960, while Ulli Lommel has lived and worked in the USA since 1977.\nstatements: \n'}]

RAW RESPONSE:
{
  "statements": [
       "Ulli Lommel has lived longer in the USA than Benjamin Stoloff.",
       "Benjamin Stoloff passed away in 1960.",
       "Ulli Lommel has been living and working in the USA since 1977."
   ]
}
==================================================
=== SYNC GENERATE ===
PROMPT:
[{'role': 'user', 'content': 'Generate a question for the given answer and Identify if answer is noncommittal. Give noncommittal as 1 if the answer is noncommittal and 0 if the answer is committal. A noncommittal answer is one that is evasive, vague, or ambiguous. For example, "I don\'t know" or "I\'m not sure" are noncommittal answers.\nOutput in only valid JSON format.\n\nanswer: "Albert Einstein was born in Germany."\ncontext: "Albert Einstein was a German-born theoretical physicist who is widely held to be one of the greatest and most influential scientists of all time"\noutput: {"question": "Where was Albert Einstein born?", "noncommittal": 0}\n\nanswer: "It can change its skin color based on the temperature of its environment."\ncontext: "A recent scientific study has discovered a new species of frog in the Amazon rainforest that has the unique ability to change its skin color based on the temperature of its environment."\noutput: {"question": "What unique ability does the newly discovered species of frog have?", "noncommittal": 0}\n\nanswer: "Everest"\ncontext: "The tallest mountain on Earth, measured from sea level, is a renowned peak located in the Himalayas."\noutput: {"question": "What is the tallest mountain on Earth?", "noncommittal": 0}\n\nanswer: "I don\'t know about the  groundbreaking feature of the smartphone invented in 2023 as am unaware of information beyond 2022. "\ncontext: "In 2023, a groundbreaking invention was announced: a smartphone with a battery life of one month, revolutionizing the way people use mobile technology."\noutput: {"question": "What was the groundbreaking feature of the smartphone invented in 2023?", "noncommittal": 1}\n\nanswer: Ulli Lommel has lived longer in the USA than Benjamin Stoloff. Benjamin Stoloff died in 1960, while Ulli Lommel has lived and worked in the USA since 1977.\ncontext: Benjamin "Ben" Stoloff (October 6, 1895 – September 8, 1960) was an American film director and producer. He began his career as a short film comedy director and gradually moved into feature film directing and production later in his career. Stoloff was born in Philadelphia, Pennsylvania. He died in Hollywood, California.\nBenjamin "Ben" Stoloff (October 6, 1895 – September 8, 1960) was an American film director and producer. He began his career as a short film comedy director and gradually moved into feature film directing and production later in his career. Stoloff was born in Philadelphia, Pennsylvania. He died in Hollywood, California.\nBenjamin "Ben" Stoloff (October 6, 1895 – September 8, 1960) was an American film director and producer. He began his career as a short film comedy director and gradually moved into feature film directing and production later in his career. Stoloff was born in Philadelphia, Pennsylvania. He died in Hollywood, California.\noutput: \n'}]

RAW RESPONSE:
{
  "question": "Who has lived longer in the USA, Ulli Lommel or Benjamin Stoloff?",
   "noncommittal": 0
}
==================================================
=== SYNC GENERATE ===
PROMPT:
[{'role': 'user', 'content': 'Natural language inference. Use only \'Yes\' (1), \'No\' (0) and \'Null\' (-1) as verdict.\nOutput in only valid JSON format.\n\ncontext: "John is a student at XYZ University. He is pursuing a degree in Computer Science. He is enrolled in several courses this semester, including Data Structures, Algorithms, and Database Management. John is a diligent student and spends a significant amount of time studying and completing assignments. He often stays late in the library to work on his projects."\nstatements: "\\n            statement_1: John is majoring in Biology.\\n            statement_2: John is taking a course on Artificial Intelligence.\\n            statement_3: John is a dedicated student.\\n            statement_4: John has a part-time job.\\n            "\nanswer: [{"statement_1": "John is majoring in Biology.", "reason": "John\'s major is explicitly mentioned as Computer Science. There is no information suggesting he is majoring in Biology.", "verdict": "0"}, {"statement_2": "John is taking a course on Artificial Intelligence.", "reason": "The context mentions the courses John is currently enrolled in, and Artificial Intelligence is not mentioned. Therefore, it cannot be deduced that John is taking a course on AI.", "verdict": "0"}, {"statement_3": "John is a dedicated student.", "reason": "The context states that he spends a significant amount of time studying and completing assignments. Additionally, it mentions that he often stays late in the library to work on his projects, which implies dedication.", "verdict": "1"}, {"statement_4": "John has a part-time job.", "reason": "There is no information given in the context about John having a part-time job.", "verdict": "0"}]\n\ncontext: "Photosynthesis is a process used by plants, algae, and certain bacteria to convert light energy into chemical energy."\nstatements: "statement_1: Albert Einstein was a genius."\nanswer: {"statement_1": "Albert Einstein was a genius.", "reason": "The context and statement are unrelated", "verdict": "0"}\n\ncontext: "Albert Einstein was a German-born theoretical physicist who is widely held to be one of the greatest and most influential scientists of all time."\nstatements: "statement_1: Nil"\nanswer: {"statement_1": "Nil", "reason": "The statement is invalid", "verdict": "-1"}\n\ncontext: Benjamin "Ben" Stoloff (October 6, 1895 – September 8, 1960) was an American film director and producer. He began his career as a short film comedy director and gradually moved into feature film directing and production later in his career. Stoloff was born in Philadelphia, Pennsylvania. He died in Hollywood, California.\nBenjamin "Ben" Stoloff (October 6, 1895 – September 8, 1960) was an American film director and producer. He began his career as a short film comedy director and gradually moved into feature film directing and production later in his career. Stoloff was born in Philadelphia, Pennsylvania. He died in Hollywood, California.\nBenjamin "Ben" Stoloff (October 6, 1895 – September 8, 1960) was an American film director and producer. He began his career as a short film comedy director and gradually moved into feature film directing and production later in his career. Stoloff was born in Philadelphia, Pennsylvania. He died in Hollywood, California.\nstatements: statement_1: Ulli Lommel has lived longer in the USA than Benjamin Stoloff.\nstatement_2: Benjamin Stoloff passed away in 1960.\nstatement_3: Ulli Lommel has been living and working in the USA since 1977.\nanswer: \n'}]

RAW RESPONSE:
[
{
  "statement_1": "Ulli Lommel has lived longer in the USA than Benjamin Stoloff.",
   "reason": "There is no information provided about Ulli Lommel's lifespan or duration of stay in the USA in relation to Benjamin Stoloff's lifespan.",
   "verdict": "0"
},
{
   "statement_2": "Benjamin Stoloff passed away in 1960.",
   "reason": "The context explicitly states that Benjamin Stoloff died in 1960.",
   "verdict": "1"
},
{
   "statement_3": "Ulli Lommel has been living and working in the USA since 1977.",
   "reason": "The context does not provide any information about Ulli Lommel.",
   "verdict": "0"
}
]
==================================================
=== SYNC GENERATE ===
PROMPT:
[{'role': 'user', 'content': 'Given question, answer and context verify if the context was useful in arriving at the given answer. Give verdict as "1" if useful and "0" if not with json output. \nOutput in only valid JSON format.\n\nquestion: "What can you tell me about albert Albert Einstein?"\ncontext: "Albert Einstein (14 March 1879 – 18 April 1955) was a German-born theoretical physicist, widely held to be one of the greatest and most influential scientists of all time. Best known for developing the theory of relativity, he also made important contributions to quantum mechanics, and was thus a central figure in the revolutionary reshaping of the scientific understanding of nature that modern physics accomplished in the first decades of the twentieth century. His mass–energy equivalence formula E = mc2, which arises from relativity theory, has been called \\"the world\'s most famous equation\\". He received the 1921 Nobel Prize in Physics \\"for his services to theoretical physics, and especially for his discovery of the law of the photoelectric effect\\", a pivotal step in the development of quantum theory. His work is also known for its influence on the philosophy of science. In a 1999 poll of 130 leading physicists worldwide by the British journal Physics World, Einstein was ranked the greatest physicist of all time. His intellectual achievements and originality have made Einstein synonymous with genius."\nanswer: "Albert Einstein born in 14 March 1879 was German-born theoretical physicist, widely held to be one of the greatest and most influential scientists of all time. He received the 1921 Nobel Prize in Physics for his services to theoretical physics. He published 4 papers in 1905. Einstein moved to Switzerland in 1895"\nverification: {"reason": "The provided context was indeed useful in arriving at the given answer. The context includes key information about Albert Einstein\'s life and contributions, which are reflected in the answer.", "verdict": "1"}\n\nquestion: "who won 2020 icc world cup?"\ncontext: "The 2022 ICC Men\'s T20 World Cup, held from October 16 to November 13, 2022, in Australia, was the eighth edition of the tournament. Originally scheduled for 2020, it was postponed due to the COVID-19 pandemic. England emerged victorious, defeating Pakistan by five wickets in the final to clinch their second ICC Men\'s T20 World Cup title."\nanswer: "England"\nverification: {"reason": "the context was useful in clarifying the situation regarding the 2020 ICC World Cup and indicating that England was the winner of the tournament that was intended to be held in 2020 but actually took place in 2022.", "verdict": "1"}\n\nquestion: "What is the tallest mountain in the world?"\ncontext: "The Andes is the longest continental mountain range in the world, located in South America. It stretches across seven countries and features many of the highest peaks in the Western Hemisphere. The range is known for its diverse ecosystems, including the high-altitude Andean Plateau and the Amazon rainforest."\nanswer: "Mount Everest."\nverification: {"reason": "the provided context discusses the Andes mountain range, which, while impressive, does not include Mount Everest or directly relate to the question about the world\'s tallest mountain.", "verdict": "0"}\n\nquestion: Who has lived longer in the USA, Ulli Lommel or Benjamin Stoloff?\ncontext: Benjamin "Ben" Stoloff (October 6, 1895 – September 8, 1960) was an American film director and producer. He began his career as a short film comedy director and gradually moved into feature film directing and production later in his career. Stoloff was born in Philadelphia, Pennsylvania. He died in Hollywood, California.\nanswer: Ulli Lommel has lived longer in the USA than Benjamin Stoloff. Benjamin Stoloff died in 1960, while Ulli Lommel has lived and worked in the USA since 1977.\nverification: \n'}]

RAW RESPONSE:
{
  "reason": "The context provides information about Benjamin Stoloff's birth and death dates, which can be used to determine the length of his life. Since Ulli Lommel has been living and working in the USA since 1977 and is implied to be alive at the time of the answer, the context is useful in establishing that Ulli Lommel has indeed lived longer in the USA than Benjamin Stoloff.",
   "verdict": "1"
}
==================================================
